<?xml version="1.0" encoding="utf-8" ?>
<kml xmlns="http://www.opengis.net/kml/2.2">
<Document id="root_doc">
<Schema name="132000_voltage_line" id="132000_voltage_line">
	<SimpleField name="Description" type="string"></SimpleField>
	<SimpleField name="full_id" type="string"></SimpleField>
	<SimpleField name="osm_id" type="string"></SimpleField>
	<SimpleField name="osm_type" type="string"></SimpleField>
	<SimpleField name="power" type="string"></SimpleField>
	<SimpleField name="floating" type="string"></SimpleField>
	<SimpleField name="site" type="string"></SimpleField>
	<SimpleField name="level" type="string"></SimpleField>
	<SimpleField name="generator_" type="string"></SimpleField>
	<SimpleField name="layer" type="string"></SimpleField>
	<SimpleField name="width" type="string"></SimpleField>
	<SimpleField name="colour" type="string"></SimpleField>
	<SimpleField name="operator_w" type="string"></SimpleField>
	<SimpleField name="operator_s" type="string"></SimpleField>
	<SimpleField name="ref" type="string"></SimpleField>
	<SimpleField name="plant_type" type="string"></SimpleField>
	<SimpleField name="wikipedia" type="string"></SimpleField>
	<SimpleField name="wikidata" type="string"></SimpleField>
	<SimpleField name="plant_sour" type="string"></SimpleField>
	<SimpleField name="plant_outp" type="string"></SimpleField>
	<SimpleField name="plant_meth" type="string"></SimpleField>
	<SimpleField name="wires" type="string"></SimpleField>
	<SimpleField name="line" type="string"></SimpleField>
	<SimpleField name="generato_1" type="string"></SimpleField>
	<SimpleField name="generato_2" type="string"></SimpleField>
	<SimpleField name="generato_3" type="string"></SimpleField>
	<SimpleField name="generato_4" type="string"></SimpleField>
	<SimpleField name="operator" type="string"></SimpleField>
	<SimpleField name="barrier" type="string"></SimpleField>
	<SimpleField name="location" type="string"></SimpleField>
	<SimpleField name="frequency" type="string"></SimpleField>
	<SimpleField name="circuits" type="string"></SimpleField>
	<SimpleField name="cables" type="string"></SimpleField>
	<SimpleField name="substation" type="string"></SimpleField>
	<SimpleField name="voltage" type="string"></SimpleField>
</Schema>
<Folder><name>132000_voltage_line</name>
  <Placemark>
	<Style><LineStyle><color>ff0000ff</color></LineStyle><PolyStyle><fill>0</fill></PolyStyle></Style>
	<ExtendedData><SchemaData schemaUrl="#132000_voltage_line">
		<SimpleData name="full_id">w512087978</SimpleData>
		<SimpleData name="osm_id">512087978</SimpleData>
		<SimpleData name="osm_type">way</SimpleData>
		<SimpleData name="power">line</SimpleData>
		<SimpleData name="frequency">50</SimpleData>
		<SimpleData name="circuits">1</SimpleData>
		<SimpleData name="cables">3</SimpleData>
		<SimpleData name="voltage">132000</SimpleData>
	</SchemaData></ExtendedData>
      <LineString><coordinates>70.0550494,22.4374688 70.0541845,22.4385794 70.0533584,22.439638 70.0525966,22.4406272 70.0518081,22.4416337 70.0510275,22.4426179 70.050239,22.4436417 70.0494933,22.4445887 70.0486162,22.4457142 70.0478598,22.4466959 70.045568,22.4495633 70.0448906,22.4506573 70.0441718,22.4517281 70.043453,22.4527742 70.0426188,22.4531783 70.0415003,22.453912 70.0392258,22.4554886 70.03833,22.4561009</coordinates></LineString>
  </Placemark>
  <Placemark>
	<Style><LineStyle><color>ff0000ff</color></LineStyle><PolyStyle><fill>0</fill></PolyStyle></Style>
	<ExtendedData><SchemaData schemaUrl="#132000_voltage_line">
		<SimpleData name="full_id">w512087979</SimpleData>
		<SimpleData name="osm_id">512087979</SimpleData>
		<SimpleData name="osm_type">way</SimpleData>
		<SimpleData name="power">line</SimpleData>
		<SimpleData name="frequency">50</SimpleData>
		<SimpleData name="circuits">1</SimpleData>
		<SimpleData name="cables">3</SimpleData>
		<SimpleData name="voltage">132000</SimpleData>
	</SchemaData></ExtendedData>
      <LineString><coordinates>70.0550494,22.4374688 70.0544232,22.4386761 70.0536293,22.4397149 70.0528246,22.4407734 70.0519931,22.441832 70.0512716,22.4427542 70.0505018,22.4437682 70.0497723,22.4447102 70.048922,22.4457935 70.0481603,22.446795 70.0458499,22.4497461 70.0451079,22.4508729 70.0443703,22.4519612 70.0436461,22.4530469 70.0426885,22.4533568 70.0416559,22.4540484 70.0392974,22.455676 70.0383943,22.4562992</coordinates></LineString>
  </Placemark>
  <Placemark>
	<Style><LineStyle><color>ff0000ff</color></LineStyle><PolyStyle><fill>0</fill></PolyStyle></Style>
	<ExtendedData><SchemaData schemaUrl="#132000_voltage_line">
		<SimpleData name="full_id">w139729601</SimpleData>
		<SimpleData name="osm_id">139729601</SimpleData>
		<SimpleData name="osm_type">way</SimpleData>
		<SimpleData name="power">line</SimpleData>
		<SimpleData name="frequency">50</SimpleData>
		<SimpleData name="circuits">2</SimpleData>
		<SimpleData name="cables">6</SimpleData>
		<SimpleData name="voltage">132000</SimpleData>
	</SchemaData></ExtendedData>
      <LineString><coordinates>69.2637442,22.0971206 69.262405,22.0970372 69.2599411,22.0977755 69.257345,22.098563 69.2568693,22.1005813 69.2563095,22.1027877 69.2557439,22.105287 69.2576331,22.1077533 69.2594922,22.1101971 69.2613232,22.1126089 69.2631651,22.1150342 69.2651339,22.1176273 69.2668743,22.1199248 69.2687415,22.1223465 69.2703912,22.1245264 69.2721969,22.1268708 69.2740134,22.1292588 69.2760039,22.1318718 69.2777443,22.1341187 69.2796369,22.136557 69.2813599,22.1387837 69.2832017,22.141156 69.2849276,22.1433645 69.2863801,22.1452458 69.2883293,22.147739 69.2905627,22.1493697 69.2931675,22.1512825 69.2958157,22.1532329 69.298026,22.1548394 69.3004683,22.1566877 69.3032877,22.1587105 69.3061973,22.1608 69.3086718,22.1626571 69.3109775,22.1643306 69.3139832,22.1658014 69.3167002,22.1671344 69.3194216,22.1684513 69.3220729,22.1697114 69.3250349,22.17117 69.32752,22.1723895 69.3293206,22.1732319 69.3317289,22.1743586 69.3345028,22.1755984 69.3375042,22.1769921 69.339893,22.1780739 69.3424088,22.1791799 69.3448151,22.1802941 69.3466002,22.1811205 69.3494178,22.1810881 69.3525329,22.1810638 69.355683,22.1811043 69.3588025,22.1808694 69.361537,22.1806911 69.3646434,22.1805007 69.3672685,22.1803143 69.3704755,22.180132 69.3731794,22.1799537 69.3755551,22.180764 69.3786484,22.1818457 69.3819254,22.1830206 69.3847911,22.183993 69.3875737,22.1849288 69.3905751,22.1860186 69.3933489,22.186444 69.3961403,22.1869139 69.3993867,22.1874244 69.4019505,22.1878497 69.405,22.1883197 69.4077389,22.1887734 69.410539,22.1891907 69.4133129,22.1903007 69.4167124,22.1917105 69.4196263,22.1928286 69.4224833,22.1939872 69.4253402,22.1951579 69.4280441,22.1957332 69.4312205,22.1964259 69.4337143,22.1969768 69.4371226,22.1977424 69.4401283,22.1984108 69.4431341,22.1990711 69.4463148,22.19978 69.4495221,22.2004849 69.4525577,22.2011462 69.4562349,22.2019478 69.4592518,22.2026149 69.4626238,22.2033531 69.4658214,22.2036337 69.4692245,22.2039625 69.4723556,22.2042739 69.4758667,22.2045892 69.4795107,22.2049486 69.4827851,22.2052312 69.4861343,22.2063481 69.4890381,22.2073006 69.492299,22.2084221 69.4953308,22.2094238 69.498182,22.2104066 69.5011023,22.2120499 69.5037524,22.2134948 69.5067343,22.2151626 69.5093286,22.216621 69.5123839,22.2160107 69.5156066,22.2154127 69.5182978,22.214882 69.5213791,22.2142707 69.524857,22.2135979 69.5285155,22.2134345 69.5318418,22.213273 69.5350601,22.2131231 69.5382743,22.2129847 69.541829,22.2128348 69.5451263,22.2126848 69.5486083,22.2128713 69.5515422,22.2130231 69.553903,22.2131596 69.5565171,22.2133076 69.559586,22.2134922 69.562605,22.2144783 69.5658605,22.2155677 69.5691482,22.2166363 69.5721327,22.2176306 69.5747994,22.2185166 69.5779264,22.219548 69.5815831,22.2207418 69.58429,22.2216684 69.5873987,22.2217056 69.5913001,22.2217766 69.5946901,22.2218273 69.5978886,22.2218872 69.6008843,22.2219491 69.604033,22.2219634 69.606877,22.2220352 69.6095944,22.220237 69.6115162,22.2189361 69.6147476,22.2167553 69.6173057,22.215023 69.6202246,22.2161063 69.6227508,22.2169528 69.6250187,22.2177587 69.6273848,22.2186004 69.6304062,22.2196622 69.6341781,22.2209903 69.6362662,22.22121 69.6379135,22.2211945 69.6383975,22.2217118 69.6404174,22.2238304 69.6426259,22.2261403 69.6448345,22.2282995 69.6469397,22.2303558 69.6497139,22.2321563 69.6521756,22.2337726 69.6549963,22.2355802 69.6572539,22.2369837 69.6605873,22.2378738 69.6638166,22.2387461 69.6670312,22.239605 69.6685443,22.2416174 69.6704256,22.2440992 69.6720914,22.246324 69.673622,22.2482952 69.6729316,22.2506551 69.672033,22.2537149 69.6711599,22.2565988 69.6702649,22.2597057 69.6693302,22.2629042 69.6686497,22.2652088 69.6689781,22.2681205 69.6693476,22.2711081 69.6696574,22.2740058 69.670012,22.2770002 69.6703553,22.2800463 69.6727402,22.2815141 69.6754909,22.2832029 69.6778982,22.2846982 69.679992,22.2859346 69.6812498,22.2867669 69.6847581,22.2888665 69.6861385,22.2897062 69.6879828,22.290828 69.6906084,22.292436 69.6931604,22.2939988 69.6946779,22.2943406 69.6952216,22.2938572 69.6980348,22.2941673 69.7006069,22.2945059 69.7036286,22.2948673 69.7059115,22.2951286 69.7087432,22.2948063 69.7092077,22.2941445 69.7117729,22.2937343 69.7148448,22.2940102 69.7173132,22.2958477 69.7197095,22.2980257 69.7220139,22.3001297 69.7244356,22.3022233 69.7270984,22.3038739 69.7299724,22.3055562 69.7327672,22.3071555 69.7355073,22.3087838 69.7381316,22.3102267 69.7407051,22.3116227 69.7431803,22.3130049 69.74539,22.3141581 69.7478238,22.3154307 69.7502761,22.3167131 69.7526809,22.3179815 69.7551308,22.3200697 69.7571318,22.3217635 69.7604459,22.3232933 69.7623653,22.3245846 69.7647362,22.3257785 69.7673513,22.3269985 69.7689376,22.3288498 69.771586,22.3308 69.7730469,22.331418 69.7754219,22.3318648 69.7780455,22.3331045 69.7791075,22.3351616 69.778843,22.336722 69.7790272,22.3378281 69.7803493,22.3396829 69.7814837,22.3412198 69.7827574,22.3445823 69.7837737,22.3474297 69.7844569,22.3492903 69.7854311,22.3518646 69.7865234,22.3547471 69.7876031,22.3576021 69.7890159,22.3605468 69.7901461,22.3630312 69.7915126,22.3659641 69.7929129,22.3689932 69.7942878,22.3719671 69.7954821,22.3745135 69.7976386,22.3767504 69.7998531,22.379041 69.8020593,22.3813265 69.8043319,22.3836682 69.8065657,22.3859561 69.8087111,22.3882006 69.8111081,22.3906801 69.8131678,22.3928044 69.8134387,22.3958386 69.8136151,22.3981281 69.8127531,22.4000805 69.8130807,22.4028238 69.8133264,22.4052 69.8135847,22.4073462 69.8138905,22.4101668 69.8159129,22.4129383 69.8178406,22.4148894 69.819236,22.4163978 69.8208204,22.4182309 69.8222872,22.420631 69.8242534,22.4222357</coordinates></LineString>
  </Placemark>
  <Placemark>
	<Style><LineStyle><color>ff0000ff</color></LineStyle><PolyStyle><fill>0</fill></PolyStyle></Style>
	<ExtendedData><SchemaData schemaUrl="#132000_voltage_line">
		<SimpleData name="full_id">w512087966</SimpleData>
		<SimpleData name="osm_id">512087966</SimpleData>
		<SimpleData name="osm_type">way</SimpleData>
		<SimpleData name="power">line</SimpleData>
		<SimpleData name="frequency">50</SimpleData>
		<SimpleData name="circuits">1</SimpleData>
		<SimpleData name="cables">3</SimpleData>
		<SimpleData name="voltage">132000</SimpleData>
	</SchemaData></ExtendedData>
      <LineString><coordinates>69.823814,22.4213928 69.8242034,22.4211873</coordinates></LineString>
  </Placemark>
  <Placemark>
	<Style><LineStyle><color>ff0000ff</color></LineStyle><PolyStyle><fill>0</fill></PolyStyle></Style>
	<ExtendedData><SchemaData schemaUrl="#132000_voltage_line">
		<SimpleData name="full_id">w139729554</SimpleData>
		<SimpleData name="osm_id">139729554</SimpleData>
		<SimpleData name="osm_type">way</SimpleData>
		<SimpleData name="power">line</SimpleData>
		<SimpleData name="frequency">50</SimpleData>
		<SimpleData name="circuits">2</SimpleData>
		<SimpleData name="cables">6</SimpleData>
		<SimpleData name="voltage">132000</SimpleData>
	</SchemaData></ExtendedData>
      <LineString><coordinates>70.4855447,21.7461594 70.4877591,21.7475753 70.4898226,21.7489017 70.4919791,21.7502758 70.4941935,21.7517006 70.4964303,21.7531283 70.4986286,21.7545262 70.5008557,21.755954 70.5029353,21.7572803 70.5051753,21.7587169 70.5073992,21.7601446 70.5096704,21.7615993 70.5118995,21.7630271 70.514007,21.7643769 70.5164299,21.7649014 70.5188785,21.7654439 70.5213078,21.7659803 70.52375,21.7665377 70.5263655,21.767092 70.528904,21.7676523 70.5315162,21.7682394 70.5341221,21.7688117 70.5367472,21.7693928 70.5392793,21.7699412 70.5418209,21.7705194 70.5444139,21.7710856 70.5469967,21.771671 70.5495767,21.7722385 70.5522405,21.7728244 70.5547918,21.7733876 70.5573624,21.7739539 70.559949,21.7745231 70.5624714,21.7750864 70.5650676,21.7756586 70.5676542,21.7762158 70.5702376,21.7768119 70.5729975,21.7774168 70.575353,21.7779414 70.5779428,21.7785016 70.5805423,21.7790857 70.583116,21.7796519 70.5857058,21.780236 70.5882796,21.7808023 70.5906314,21.7813347 70.5935972,21.7820062 70.5963122,21.782638 70.5990143,21.7832787 70.6015046,21.7838598 70.6041602,21.7844603 70.606596,21.7850227 70.6092243,21.7856254 70.6118504,21.7862503 70.6145076,21.7868582 70.617116,21.7874494 70.61946,21.7879834 70.6222687,21.788639 70.6240247,21.7899883 70.6261523,21.791588 70.6282729,21.7931637 70.6303524,21.7947347 70.6325629,21.79637 70.6342548,21.7982746 70.6359826,21.8002221 70.6377002,21.8021196 70.6393972,21.8040337 70.6411224,21.8059573 70.6427989,21.8078356 70.6445807,21.8097878 70.6462982,21.8117089 70.6480132,21.8136181 70.6496974,21.8154915 70.6514021,21.8174031 70.6530991,21.8193027 70.6547602,21.8212356 70.6563853,21.8231543 70.6580361,21.8250967 70.6588885,21.826019 70.6606112,21.8271201 70.6617973,21.827337 70.6643877,21.8277684 70.6668729,21.8281902 70.6696389,21.8286492 70.6714473,21.8306059 70.6731013,21.8323871 70.6749505,21.8343495 70.6767156,21.8362896 70.6784686,21.8381923 70.6803981,21.8402515 70.6801414,21.8423702 70.6798646,21.8446229 70.6795317,21.8473633 70.6792027,21.8496345 70.6808499,21.8516414 70.6825348,21.85357 70.6840551,21.8552938 70.6857359,21.8571926 70.6874288,21.8591398 70.6890775,21.8609939 70.6907463,21.8629 70.6922385,21.8645865 70.6939314,21.8665224 70.6955881,21.8684025 70.697305,21.8703681 70.6989898,21.8722816 70.7006907,21.8741988 70.7023876,21.8761271 70.7040724,21.8780219 70.7057612,21.8799465 70.707446,21.8818673 70.7091349,21.883788 70.71082,21.8857099 70.7122389,21.8877821 70.7137384,21.889959 70.7151574,21.8920574 70.7165884,21.8941557 70.7180315,21.8962503 70.7194506,21.8983234 70.7208792,21.9004179 70.722411,21.9026649 70.7237396,21.9041969 70.7256907,21.9064768 70.7274798,21.9084808 70.7291965,21.9104489 70.7312776,21.9128283 70.7329404,21.9147263 70.7348602,21.9169654 70.7368001,21.9191532 70.7387804,21.921425 70.7404986,21.9233742 70.7421967,21.9253235 70.7442021,21.9276419 70.7463134,21.9295864 70.74847,21.931601 70.7504755,21.933466 70.7524809,21.9353543 70.7545922,21.9372987 70.7566984,21.9392664 70.7588046,21.9412341 70.7610149,21.9432859 70.7634199,21.9455375 70.7651385,21.9452167 70.7657471,21.9439755 70.7677943,21.9430806 70.7705226,21.9418842 70.7725697,21.9409829 70.7739114,21.940104 70.7745823,21.9400848 70.7763424,21.9398891 70.7791433,21.9407712 70.7819443,21.9416436 70.7846422,21.9424782 70.7873782,21.943366 70.7887337,21.9446747 70.7886009,21.9461578 70.7871541,21.9471611</coordinates></LineString>
  </Placemark>
  <Placemark>
	<Style><LineStyle><color>ff0000ff</color></LineStyle><PolyStyle><fill>0</fill></PolyStyle></Style>
	<ExtendedData><SchemaData schemaUrl="#132000_voltage_line">
		<SimpleData name="full_id">w139729563</SimpleData>
		<SimpleData name="osm_id">139729563</SimpleData>
		<SimpleData name="osm_type">way</SimpleData>
		<SimpleData name="power">line</SimpleData>
		<SimpleData name="frequency">50</SimpleData>
		<SimpleData name="circuits">1</SimpleData>
		<SimpleData name="cables">3</SimpleData>
		<SimpleData name="voltage">132000</SimpleData>
	</SchemaData></ExtendedData>
      <LineString><coordinates>70.4576048,21.7216045 70.4586478,21.7219239 70.4607818,21.7237595 70.4625625,21.7253336 70.463705,21.7275903 70.4634347,21.7292887 70.4631425,21.7315349 70.465042,21.7332627 70.4662809,21.7344242 70.4683122,21.7363011 70.4700415,21.7379094 70.4721385,21.7390312 70.4742848,21.7401683 70.4760676,21.7411145 70.4784523,21.7423847 70.4807458,21.743608 70.483168,21.7448999 70.4855447,21.7461594</coordinates></LineString>
  </Placemark>
  <Placemark>
	<Style><LineStyle><color>ff0000ff</color></LineStyle><PolyStyle><fill>0</fill></PolyStyle></Style>
	<ExtendedData><SchemaData schemaUrl="#132000_voltage_line">
		<SimpleData name="full_id">w139729570</SimpleData>
		<SimpleData name="osm_id">139729570</SimpleData>
		<SimpleData name="osm_type">way</SimpleData>
		<SimpleData name="power">line</SimpleData>
		<SimpleData name="frequency">50</SimpleData>
		<SimpleData name="circuits">1</SimpleData>
		<SimpleData name="cables">3</SimpleData>
		<SimpleData name="voltage">132000</SimpleData>
	</SchemaData></ExtendedData>
      <LineString><coordinates>70.4671955,21.4827604 70.4674628,21.4851086 70.4677807,21.4878809 70.4685533,21.4896644 70.4703024,21.4936696 70.4712257,21.4957837 70.4723526,21.4982845 70.473459,21.5008661 70.4734868,21.503375 70.4740697,21.5058299 70.4744609,21.5084286 70.474821,21.5110122 70.4751168,21.5131971 70.4753662,21.5150073 70.4756997,21.5174283 70.4760069,21.5197017 70.4763446,21.5222014 70.4751014,21.5243033 70.4737534,21.5265469 70.4723191,21.5289701 70.4708122,21.5314682 70.4691047,21.5339606 70.4694511,21.5369219 70.4697414,21.5394035 70.4700043,21.5422749 70.4703023,21.544883 70.4706004,21.5474923 70.4708879,21.5500949 70.4711691,21.5527061 70.4714508,21.5553227 70.4717837,21.5579129 70.4721183,21.5605165 70.4724449,21.5631048 70.4727721,21.5657191 70.4731138,21.5684194 70.4734571,21.5711323 70.473798,21.5738256 70.4741426,21.5765486 70.4724148,21.5784609 70.470694,21.5803565 70.4698507,21.5824147 70.468929,21.5846874 70.4685799,21.5854466 70.4677429,21.5882802 70.4669932,21.5907248 70.4662718,21.5931764 70.465535,21.5956137 70.4648213,21.5980509 70.4640819,21.6004953 70.463363,21.6029563 70.4626365,21.6053791 70.4614478,21.6077971 70.4602488,21.6102246 70.4595889,21.6115532</coordinates></LineString>
  </Placemark>
  <Placemark>
	<Style><LineStyle><color>ff0000ff</color></LineStyle><PolyStyle><fill>0</fill></PolyStyle></Style>
	<ExtendedData><SchemaData schemaUrl="#132000_voltage_line">
		<SimpleData name="full_id">w316417433</SimpleData>
		<SimpleData name="osm_id">316417433</SimpleData>
		<SimpleData name="osm_type">way</SimpleData>
		<SimpleData name="power">line</SimpleData>
		<SimpleData name="cables">6</SimpleData>
		<SimpleData name="voltage">132000</SimpleData>
	</SchemaData></ExtendedData>
      <LineString><coordinates>72.7436662,22.8055964 72.7436809,22.8057876 72.743363,22.8065273 72.7433015,22.8070597</coordinates></LineString>
  </Placemark>
  <Placemark>
	<Style><LineStyle><color>ff0000ff</color></LineStyle><PolyStyle><fill>0</fill></PolyStyle></Style>
	<ExtendedData><SchemaData schemaUrl="#132000_voltage_line">
		<SimpleData name="full_id">w208137235</SimpleData>
		<SimpleData name="osm_id">208137235</SimpleData>
		<SimpleData name="osm_type">way</SimpleData>
		<SimpleData name="power">line</SimpleData>
		<SimpleData name="frequency">50</SimpleData>
		<SimpleData name="circuits">2</SimpleData>
		<SimpleData name="cables">6</SimpleData>
		<SimpleData name="voltage">132000</SimpleData>
	</SchemaData></ExtendedData>
      <LineString><coordinates>70.6801909,23.2353637 70.678633,23.2363438 70.6769125,23.237426 70.6739018,23.238162 70.6710456,23.2388512 70.6680749,23.2395542 70.6651045,23.2402573 70.6621891,23.2409473 70.6591484,23.2416454 70.6565484,23.2428221 70.6538579,23.2440462 70.6511318,23.2452526 70.6483928,23.2464946 70.6456215,23.2477454 70.6429666,23.2489369 70.6402955,23.2501254 70.6376211,23.2513346 70.6350244,23.2525082 70.6323921,23.2536907 70.6297922,23.2548762 70.6270596,23.2561032 70.6243885,23.2578412 70.6217465,23.259606 70.6190431,23.2613767 70.6164528,23.2630701 70.6137429,23.2648288 70.6111171,23.2665519 70.608847,23.2680759 70.6063214,23.2697306 70.6036956,23.2714269 70.600976,23.2732301 70.5983793,23.2749352 70.5957631,23.2766849 70.5931923,23.2783603 70.5906473,23.2800416 70.5880344,23.2817645 70.5853795,23.2834784 70.5825273,23.2853498 70.5803077,23.286793 70.5780975,23.288276 70.5755001,23.2899619 70.572235,23.2906022 70.5690106,23.2912213 70.5658675,23.2918243 70.5627825,23.2924273 70.5595349,23.2930783 70.5563976,23.2936759 70.5531674,23.2943048 70.5499508,23.2949349 70.54673,23.2955537 70.5437475,23.2961273 70.5410936,23.2963687 70.5380783,23.2966102 70.5350875,23.2968857 70.5321338,23.2971347 70.5291348,23.2973875 70.5261729,23.2976252 70.5235745,23.297858 70.5204564,23.2967789 70.5173343,23.2956658 70.5142162,23.2945565 70.5114555,23.2935566 70.5083744,23.2940886 70.5058192,23.2945565 70.5032968,23.2950168 70.5005532,23.2954963 70.4996002,23.2957621</coordinates></LineString>
  </Placemark>
  <Placemark>
	<Style><LineStyle><color>ff0000ff</color></LineStyle><PolyStyle><fill>0</fill></PolyStyle></Style>
	<ExtendedData><SchemaData schemaUrl="#132000_voltage_line">
		<SimpleData name="full_id">w316417436</SimpleData>
		<SimpleData name="osm_id">316417436</SimpleData>
		<SimpleData name="osm_type">way</SimpleData>
		<SimpleData name="power">line</SimpleData>
		<SimpleData name="frequency">50</SimpleData>
		<SimpleData name="circuits">2</SimpleData>
		<SimpleData name="cables">6</SimpleData>
		<SimpleData name="voltage">132000</SimpleData>
	</SchemaData></ExtendedData>
      <LineString><coordinates>72.8323361,22.7065768 72.8316154,22.7073453 72.8298101,22.7098501 72.827864,22.7120953 72.8260039,22.7142326 72.8240651,22.716471 72.8220844,22.7187566 72.8201475,22.7210101 72.8182435,22.723186 72.8161129,22.7256669 72.8138562,22.7282624 72.811689,22.7306708 72.8096644,22.7329258 72.8077042,22.7351517 72.8057471,22.7374293 72.803874,22.7396925 72.8019434,22.7419265 72.8001668,22.7439823 72.7987576,22.745613 72.7969734,22.7476775 72.794994,22.7499676 72.7931463,22.7520838 72.791234,22.7543644 72.7894044,22.7565758 72.7874405,22.7588444 72.7855677,22.7609925 72.7836455,22.7632301 72.781779,22.7653892 72.7796678,22.7677005 72.7777297,22.769826 72.7756986,22.7721169 72.773811,22.774292 72.7718303,22.7765867 72.76995,22.7787533 72.7679309,22.781149 72.7660384,22.78335 72.7641036,22.785569 72.762174,22.7877229 72.7602427,22.7898786 72.758276,22.7919692 72.7563032,22.7940942 72.7543003,22.7962517 72.7522629,22.7984296 72.7502184,22.8006268 72.748227,22.8027715 72.7464656,22.8051104 72.7446529,22.8074533 72.744357,22.8076501</coordinates></LineString>
  </Placemark>
  <Placemark>
	<Style><LineStyle><color>ff0000ff</color></LineStyle><PolyStyle><fill>0</fill></PolyStyle></Style>
	<ExtendedData><SchemaData schemaUrl="#132000_voltage_line">
		<SimpleData name="full_id">w1144848520</SimpleData>
		<SimpleData name="osm_id">1144848520</SimpleData>
		<SimpleData name="osm_type">way</SimpleData>
		<SimpleData name="power">line</SimpleData>
		<SimpleData name="frequency">50</SimpleData>
		<SimpleData name="circuits">2</SimpleData>
		<SimpleData name="cables">6</SimpleData>
		<SimpleData name="voltage">132000</SimpleData>
	</SchemaData></ExtendedData>
      <LineString><coordinates>70.7431194,22.6628437 70.7430804,22.6626047 70.7429329,22.6602323 70.7428524,22.6592992 70.7441734,22.6585368 70.7442243,22.658371</coordinates></LineString>
  </Placemark>
  <Placemark>
	<Style><LineStyle><color>ff0000ff</color></LineStyle><PolyStyle><fill>0</fill></PolyStyle></Style>
	<ExtendedData><SchemaData schemaUrl="#132000_voltage_line">
		<SimpleData name="full_id">w1144848521</SimpleData>
		<SimpleData name="osm_id">1144848521</SimpleData>
		<SimpleData name="osm_type">way</SimpleData>
		<SimpleData name="power">line</SimpleData>
		<SimpleData name="frequency">50</SimpleData>
		<SimpleData name="circuits">2</SimpleData>
		<SimpleData name="cables">6</SimpleData>
		<SimpleData name="voltage">132000</SimpleData>
	</SchemaData></ExtendedData>
      <LineString><coordinates>70.9728282,22.6222749 70.9722801,22.6247772 70.9717232,22.6272985 70.9711757,22.6298537 70.9686041,22.630953 70.9661273,22.6320167 70.9635883,22.6331078 70.9609308,22.6335645 70.9597991,22.6336985 70.9578437,22.6339172 70.9569134,22.6336629 70.9565917,22.6351466 70.9543194,22.636142 70.9519841,22.6371499 70.9496502,22.6381572 70.9472712,22.6391744 70.9448507,22.6402053 70.9425665,22.6412033 70.9403356,22.6421603 70.9379033,22.6432297 70.9354817,22.6442943 70.9328179,22.6456011 70.9305578,22.6464817 70.9280899,22.6476028 70.9256694,22.6486472 70.9232312,22.6497327 70.9210033,22.6507115 70.9188168,22.6517149 70.9169455,22.6525347 70.9153642,22.6532558 70.9117719,22.6530815 70.9090315,22.6534028 70.9062133,22.6537308 70.9033358,22.6540589 70.9005768,22.6543802 70.8978845,22.6546638 70.8952218,22.6549714 70.8924517,22.6552961 70.8897224,22.6556071 70.8869486,22.6559113 70.8845229,22.6561983 70.8818862,22.6565162 70.8790568,22.6568237 70.8765756,22.6571279 70.8737944,22.6574218 70.8711243,22.6577191 70.8686505,22.6580028 70.8660841,22.6582933 70.8634622,22.6585974 70.860955,22.658864 70.8581183,22.6591716 70.8554075,22.6594825 70.8527633,22.6597662 70.8499821,22.6600909 70.8470565,22.6604292 70.8445271,22.6607128 70.8421681,22.6609862 70.8398054,22.6612494 70.8370983,22.6615501 70.8342726,22.6618645 70.8315655,22.6621652 70.8287658,22.662483 70.8260365,22.6627906 70.8239663,22.6630537 70.8211148,22.6630196 70.8185854,22.663023 70.8159857,22.6630162 70.81316,22.6630025 70.8104085,22.6630059 70.8077902,22.6630059 70.8051948,22.6629982 70.8023669,22.6629908 70.799539,22.6629797 70.7966387,22.6629834 70.793851,22.662976 70.7910471,22.6629611 70.7883437,22.6629463 70.7853913,22.6629426 70.7826356,22.6629686 70.7798077,22.6629574 70.7770239,22.66295 70.7741478,22.6629315 70.7713118,22.6629389 70.7685201,22.6629241 70.7657042,22.6628351 70.7630289,22.662761 70.7600322,22.6626831 70.7571119,22.6625682 70.7544808,22.6625089 70.7515123,22.6624274 70.7487727,22.6628944 70.7459568,22.6628573 70.7431194,22.6628437</coordinates></LineString>
  </Placemark>
  <Placemark>
	<Style><LineStyle><color>ff0000ff</color></LineStyle><PolyStyle><fill>0</fill></PolyStyle></Style>
	<ExtendedData><SchemaData schemaUrl="#132000_voltage_line">
		<SimpleData name="full_id">w1004410853</SimpleData>
		<SimpleData name="osm_id">1004410853</SimpleData>
		<SimpleData name="osm_type">way</SimpleData>
		<SimpleData name="power">line</SimpleData>
		<SimpleData name="frequency">50</SimpleData>
		<SimpleData name="circuits">2</SimpleData>
		<SimpleData name="cables">6</SimpleData>
		<SimpleData name="voltage">132000</SimpleData>
	</SchemaData></ExtendedData>
      <LineString><coordinates>71.8925338,22.1195639 71.8896081,22.1199168 71.8865114,22.120123 71.8833168,22.1202731 71.8809566,22.120384 71.8784702,22.1205057 71.8750665,22.1207741 71.8716735,22.1210002 71.8684659,22.1212425 71.8660663,22.1214238 71.8643163,22.1215571 71.8616447,22.1217605 71.8580009,22.1219978 71.8547997,22.1227532 71.8517205,22.1234737 71.8485863,22.1242316 71.84588,22.1248702 71.8425675,22.1256516 71.8392777,22.1264368 71.8360913,22.1271822 71.8331113,22.1278903 71.8298256,22.1286605 71.8265936,22.1294531 71.8235631,22.1300316 71.8206324,22.1305911 71.8174794,22.1312023 71.814411,22.1317936 71.8113667,22.1323874 71.8084833,22.1329415 71.8055865,22.1333465 71.8022042,22.1340409 71.7999257,22.134108 71.796695,22.134554 71.7936265,22.1349614 71.7903596,22.1354111 71.7872697,22.1358236 71.7842388,22.1362534 71.7810899,22.136718 71.7781582,22.1371776 71.7750201,22.1376149 71.7719141,22.1380571 71.7687625,22.1389913 71.7656699,22.1399329 71.7624673,22.140877 71.7592594,22.1418359 71.7577118,22.144129 71.7562728,22.1462519 71.7530528,22.1475351 71.7499092,22.1482133 71.746932,22.1488592 71.7438099,22.1495225 71.7408836,22.1499523 71.7377239,22.1504094 71.7350256,22.1507994 71.733934,22.1501821 71.7339098,22.1493498</coordinates></LineString>
  </Placemark>
  <Placemark>
	<Style><LineStyle><color>ff0000ff</color></LineStyle><PolyStyle><fill>0</fill></PolyStyle></Style>
	<ExtendedData><SchemaData schemaUrl="#132000_voltage_line">
		<SimpleData name="full_id">w1416476005</SimpleData>
		<SimpleData name="osm_id">1416476005</SimpleData>
		<SimpleData name="osm_type">way</SimpleData>
		<SimpleData name="power">line</SimpleData>
		<SimpleData name="frequency">50</SimpleData>
		<SimpleData name="cables">6</SimpleData>
		<SimpleData name="voltage">132000</SimpleData>
	</SchemaData></ExtendedData>
      <LineString><coordinates>72.6802846,23.0426418 72.679921,23.0427483 72.6790238,23.0405405 72.6783124,23.0387749 72.677578,23.0369307 72.6767357,23.0348314 72.6758112,23.0325286 72.6749416,23.030335 72.6740446,23.0280418 72.6733685,23.0256758 72.6730566,23.0243654 72.6725784,23.0228186 72.6722082,23.0212257 72.6716162,23.0189165 72.6710033,23.016909 72.6706724,23.0156624 72.6703359,23.0146956 72.6693758,23.0128036 72.6689914,23.0120692 72.6678872,23.0099593 72.6670049,23.0076176 72.665983,23.0049579 72.6653742,23.0036358 72.6648618,23.0021536 72.6639092,22.9998081</coordinates></LineString>
  </Placemark>
  <Placemark>
	<Style><LineStyle><color>ff0000ff</color></LineStyle><PolyStyle><fill>0</fill></PolyStyle></Style>
	<ExtendedData><SchemaData schemaUrl="#132000_voltage_line">
		<SimpleData name="full_id">w139729746</SimpleData>
		<SimpleData name="osm_id">139729746</SimpleData>
		<SimpleData name="osm_type">way</SimpleData>
		<SimpleData name="power">line</SimpleData>
		<SimpleData name="frequency">50</SimpleData>
		<SimpleData name="circuits">2</SimpleData>
		<SimpleData name="cables">6</SimpleData>
		<SimpleData name="voltage">132000</SimpleData>
	</SchemaData></ExtendedData>
      <LineString><coordinates>69.2637261,22.0973372 69.2624275,22.0973511 69.2596824,22.0985269 69.2574316,22.0996618 69.2569676,22.1029772 69.2566126,22.1056816 69.2591929,22.1075789 69.2614739,22.1092958 69.2637654,22.1110089 69.2661681,22.1128188 69.2685884,22.1146139 69.2712946,22.1166196 69.2734846,22.1182641 69.2763997,22.1187344 69.2794714,22.1192181 69.2825025,22.120481 69.285348,22.1216499 69.2884952,22.1229504 69.2888908,22.1231188 69.2909207,22.1239827 69.2914248,22.1241972 69.2943193,22.1253721 69.2967616,22.1276479 69.29989,22.1289404 69.3029022,22.1302811 69.3056026,22.131372 69.308335,22.1325811 69.3115046,22.1340495 69.3145705,22.1352989 69.3170418,22.1364945 69.320131,22.1380071 69.3229619,22.1393828 69.3231122,22.1394545 69.3256218,22.1406509 69.3279191,22.141825 69.3309299,22.1432624 69.3338653,22.1446943 69.3366673,22.1460645 69.3394809,22.1474186 69.3415838,22.148461 69.3439536,22.1502099 69.3465076,22.1521051 69.3492356,22.1541295 69.3518292,22.1560788 69.354051,22.1577229 69.3569197,22.1598639 69.3592489,22.1616073 69.3614969,22.1632863 69.3632256,22.1645757 69.36581,22.166499 69.3677273,22.1679711 69.3708397,22.167826 69.3735546,22.1676917 69.376493,22.1683713 69.3794313,22.169024 69.3826973,22.1697735 69.3858503,22.1704987 69.3885798,22.1711219 69.3918458,22.1718794 69.3948683,22.1725671 69.398172,22.1733138 69.4014758,22.1740927 69.4048057,22.1748395 69.4081936,22.1756238 69.4114162,22.1763463 69.4146416,22.1770823 69.4178497,22.1778049 69.4211622,22.1785757 69.4242948,22.1793063 69.4273956,22.1800047 69.4299916,22.1806117 69.4334346,22.1813745 69.4365818,22.1820917 69.4398247,22.182833 69.4430617,22.1835582 69.4463104,22.1843102 69.4494485,22.1850536 69.4527094,22.1857877 69.4558413,22.1864879 69.4586236,22.187155 69.4615057,22.1881146 69.4645713,22.189156 69.467587,22.1901987 69.4706174,22.1912332 69.4737872,22.1923262 69.4761892,22.1931731 69.4794251,22.1942566 69.4825832,22.1953129 69.4856517,22.1963678 69.4888906,22.1974716 69.4918857,22.1984925 69.4945314,22.1994073 69.4975441,22.2004445 69.5006009,22.2014817 69.5036812,22.2018936 69.5073062,22.2023707 69.5101853,22.2027609 69.5134917,22.2031986 69.5162167,22.2035765 69.5192118,22.2039652 69.5225781,22.2044172 69.5257186,22.2052002 69.5285992,22.2059559 69.5313051,22.2066193 69.5341989,22.2073302 69.5365686,22.2079582 69.5396166,22.2087194 69.5429993,22.2096029 69.5462,22.2093351 69.5495563,22.2090769 69.5526953,22.2088132 69.5561191,22.2085332 69.5590438,22.2082966 69.5624867,22.2080479 69.5652734,22.2078559 69.5683018,22.2075878 69.5713731,22.2073528 69.5740547,22.2071475 69.5772547,22.2076341 69.5804581,22.2081358 69.5836943,22.2086343 69.586627,22.2091118 69.5896078,22.2095589 69.5929691,22.2100891 69.5967537,22.2106485 69.5972863,22.2106769</coordinates></LineString>
  </Placemark>
  <Placemark>
	<Style><LineStyle><color>ff0000ff</color></LineStyle><PolyStyle><fill>0</fill></PolyStyle></Style>
	<ExtendedData><SchemaData schemaUrl="#132000_voltage_line">
		<SimpleData name="full_id">w330979805</SimpleData>
		<SimpleData name="osm_id">330979805</SimpleData>
		<SimpleData name="osm_type">way</SimpleData>
		<SimpleData name="power">line</SimpleData>
		<SimpleData name="frequency">50</SimpleData>
		<SimpleData name="circuits">2</SimpleData>
		<SimpleData name="cables">6</SimpleData>
		<SimpleData name="voltage">132000</SimpleData>
	</SchemaData></ExtendedData>
      <LineString><coordinates>70.4010784,22.5732093 70.3984754,22.571848 70.3958725,22.570546 70.3932376,22.569188 70.3907699,22.5679122 70.3882596,22.5666233 70.3857742,22.565308 70.3833101,22.5639895 70.3808817,22.5626939 70.378439,22.5613885 70.375975,22.5600732 70.3734931,22.558771 70.3711252,22.5574918 70.3687858,22.5562324 70.3664713,22.5550025 70.3633817,22.5536319 70.3616939,22.5522507 70.3593046,22.5514582 70.3567694,22.5501724 70.3543943,22.5489096 70.3519694,22.5476336 70.3495802,22.5463642 70.3471411,22.5450554 70.3446628,22.5437827 70.3423198,22.5425494 70.3399946,22.5413096 70.3376445,22.5400829 70.335241,22.5388002 70.3328802,22.5375768 70.3304767,22.536304 70.3280411,22.5349885 70.3255664,22.533719 70.3227498,22.5327685 70.3198158,22.5317916 70.316871,22.5307885 70.3140224,22.5298446 70.3111845,22.5288907 70.3084115,22.5279593 70.3054267,22.5269568 70.3025674,22.5259766 70.2998114,22.5249998 70.2972013,22.5240393 70.2943349,22.5230427 70.2916644,22.5220658 70.2890436,22.5211613 70.2863624,22.5201614 70.283642,22.5191911 70.281064,22.5182832 70.2784931,22.5173556 70.275908,22.5164445 70.273216,22.5157044 70.27046,22.515109 70.2678108,22.5145597 70.2650619,22.5139281 70.2623023,22.5133821 70.2595641,22.5127867 70.2567831,22.5121749 70.2538811,22.5115729 70.2509363,22.5109216 70.2481583,22.5103333 70.2453786,22.5097332 70.2426241,22.5091703 70.239826,22.508614 70.2369808,22.5080484 70.2341414,22.5074839 70.2313683,22.5069276 70.2286143,22.5063809 70.2264036,22.5059421 70.2235955,22.5053847 70.2207442,22.5048187 70.2179364,22.5042446 70.2151883,22.5036833 70.2124495,22.5031389 70.2096634,22.5025961 70.2068771,22.5020533 70.2040616,22.5014767 70.2012773,22.5009065 70.1983695,22.5003141 70.1954,22.499709 70.192746,22.4991958 70.1899822,22.4986414 70.1870847,22.498087 70.1841187,22.4975326 70.1812623,22.4969877 70.1783408,22.4964365 70.1754056,22.4958852 70.1724944,22.4953276 70.1696175,22.4948049 70.1666994,22.4942378 70.1637642,22.4936992 70.160829,22.4931416 70.1591933,22.4915132 70.1567416,22.4890864 70.1546636,22.487008 70.1527468,22.4851007 70.1508746,22.4832567 70.148927,22.4813177 70.1469724,22.4793628 70.1450873,22.4775053 70.1431977,22.4755907 70.1412989,22.4737134 70.1394001,22.4718439 70.1375399,22.4699942 70.1355639,22.4680098 70.1336394,22.4660729 70.1315991,22.4640687 70.130789,22.4627418 70.1288082,22.4608735 70.1268228,22.4590039 70.1248957,22.4571786 70.1229165,22.4553 70.1209487,22.4534458</coordinates></LineString>
  </Placemark>
  <Placemark>
	<Style><LineStyle><color>ff0000ff</color></LineStyle><PolyStyle><fill>0</fill></PolyStyle></Style>
	<ExtendedData><SchemaData schemaUrl="#132000_voltage_line">
		<SimpleData name="full_id">w139729796</SimpleData>
		<SimpleData name="osm_id">139729796</SimpleData>
		<SimpleData name="osm_type">way</SimpleData>
		<SimpleData name="power">line</SimpleData>
		<SimpleData name="frequency">50</SimpleData>
		<SimpleData name="circuits">1</SimpleData>
		<SimpleData name="cables">3</SimpleData>
		<SimpleData name="voltage">132000</SimpleData>
	</SchemaData></ExtendedData>
      <LineString><coordinates>69.858306,22.3969374 69.8595372,22.3973059 69.860364,22.3975693 69.8621039,22.3981756 69.8650223,22.3991208 69.8678634,22.400079 69.8700946,22.4015736 69.8720793,22.4037993 69.8738819,22.4058447 69.8755803,22.4077809 69.8772543,22.4097191 69.8787411,22.4114371 69.8804182,22.413363 69.8827654,22.4136585 69.8851463,22.4139582 69.8877929,22.4143058 69.8904641,22.4146397 69.8931107,22.4149828 69.8957573,22.4153349 69.8980648,22.4156098 69.9008882,22.4159675 69.9037104,22.4163225 69.906475,22.4166881 69.9087058,22.4169756 69.9109136,22.4173944 69.913755,22.4179375 69.9166767,22.4185004 69.9195703,22.4190574 69.9224074,22.4195941 69.9252978,22.4201338 69.9278462,22.4206356 69.9307084,22.4212014 69.9335957,22.4217352 69.9364202,22.4222835 69.9391694,22.4228144 69.9420222,22.4233279 69.9448549,22.4238788 69.9476305,22.4244187 69.9504644,22.4249815 69.9532356,22.4254979 69.9560978,22.4260462 69.9589506,22.4265654 69.9616935,22.4270499 69.9645651,22.4275721 69.9674368,22.4280914 69.9701891,22.4286339 69.9727751,22.4291676 69.9753988,22.4296753 69.9779754,22.4302091 69.9806054,22.4307312 69.9830596,22.4312389 69.9856578,22.4317667 69.9884438,22.4322976 69.9911827,22.4328602 69.9939002,22.4333951 69.9966648,22.4339339 69.999408,22.4345004 70.0021641,22.4350234 70.0034237,22.4351483 70.0045841,22.4352635 70.0057471,22.4353813 70.0068233,22.4354903 70.0081502,22.4356248 70.0092649,22.4357201 70.0105231,22.4358276 70.0118234,22.4363372 70.0130708,22.436826 70.0143459,22.4373539 70.0156012,22.4378468 70.0167073,22.4383134 70.0177093,22.4387094 70.0190116,22.4392241 70.0203042,22.4397353 70.0214585,22.4401957 70.0224636,22.4406034 70.0234797,22.4410091 70.0244014,22.4413803 70.0255009,22.4418265 70.0264796,22.4428103 70.0270379,22.4433797 70.0279631,22.4443234 70.0289134,22.4452767 70.0298461,22.4462219 70.0306866,22.4470514 70.03165,22.4480453 70.0324225,22.448812 70.0332652,22.4496496 70.0336229,22.4500431 70.0341869,22.4505948 70.0350142,22.4514345 70.0358065,22.4522458 70.0366492,22.4530794 70.037121,22.4543733 70.0375819,22.4556815</coordinates></LineString>
  </Placemark>
  <Placemark>
	<Style><LineStyle><color>ff0000ff</color></LineStyle><PolyStyle><fill>0</fill></PolyStyle></Style>
	<ExtendedData><SchemaData schemaUrl="#132000_voltage_line">
		<SimpleData name="full_id">w330979807</SimpleData>
		<SimpleData name="osm_id">330979807</SimpleData>
		<SimpleData name="osm_type">way</SimpleData>
		<SimpleData name="power">line</SimpleData>
		<SimpleData name="frequency">50</SimpleData>
		<SimpleData name="circuits">1</SimpleData>
		<SimpleData name="cables">3</SimpleData>
		<SimpleData name="voltage">132000</SimpleData>
	</SchemaData></ExtendedData>
      <LineString><coordinates>70.4052252,22.5753461 70.4031724,22.5743009 70.4010784,22.5732093</coordinates></LineString>
  </Placemark>
  <Placemark>
	<Style><LineStyle><color>ff0000ff</color></LineStyle><PolyStyle><fill>0</fill></PolyStyle></Style>
	<ExtendedData><SchemaData schemaUrl="#132000_voltage_line">
		<SimpleData name="full_id">w1005263548</SimpleData>
		<SimpleData name="osm_id">1005263548</SimpleData>
		<SimpleData name="osm_type">way</SimpleData>
		<SimpleData name="power">line</SimpleData>
		<SimpleData name="frequency">50</SimpleData>
		<SimpleData name="circuits">1</SimpleData>
		<SimpleData name="cables">3</SimpleData>
		<SimpleData name="voltage">132000</SimpleData>
	</SchemaData></ExtendedData>
      <LineString><coordinates>71.8873724,21.896559 71.8847492,21.897547</coordinates></LineString>
  </Placemark>
  <Placemark>
	<Style><LineStyle><color>ff0000ff</color></LineStyle><PolyStyle><fill>0</fill></PolyStyle></Style>
	<ExtendedData><SchemaData schemaUrl="#132000_voltage_line">
		<SimpleData name="full_id">w1415499669</SimpleData>
		<SimpleData name="osm_id">1415499669</SimpleData>
		<SimpleData name="osm_type">way</SimpleData>
		<SimpleData name="power">line</SimpleData>
		<SimpleData name="frequency">50</SimpleData>
		<SimpleData name="circuits">2</SimpleData>
		<SimpleData name="cables">6</SimpleData>
		<SimpleData name="voltage">132000</SimpleData>
	</SchemaData></ExtendedData>
      <LineString><coordinates>72.7432197,22.8073954 72.7429019,22.8073262 72.741935,22.8080865 72.7396055,22.809769 72.7379411,22.8106887 72.7362326,22.8116567 72.7349505,22.8110831 72.7320349,22.8103228 72.7306925,22.8099606 72.73027,22.8096342 72.7297363,22.8092633 72.7293715,22.8090074 72.7280559,22.8085958 72.7263781,22.8089778 72.7242391,22.8080172 72.7217835,22.8082855 72.7196592,22.810172 72.7170414,22.8099198 72.7139676,22.8095304 72.7100837,22.8122365 72.707195,22.812072 72.7048065,22.8119175 72.7020062,22.8114515 72.6993965,22.8110101 72.6971716,22.811313 72.694767,22.8116876 72.692074,22.812098 72.6895581,22.8108791 72.6866278,22.8095638 72.6838866,22.8082954 72.6818655,22.8073719 72.679536,22.8062815 72.6790144,22.8060837 72.678329,22.8058241 72.6779656,22.8056795 72.6751989,22.8055126 72.6721935,22.8053481 72.6691398,22.8052554 72.6659024,22.8051615 72.6633556,22.8050786 72.6618657,22.8050292 72.6591888,22.8052183 72.6558407,22.8054637 72.6533161,22.805745 72.6502611,22.8061591 72.6473992,22.8065065 72.6443133,22.8069627 72.6416565,22.8073373 72.6387946,22.8081396 72.6353896,22.8091348 72.6320623,22.8100966 72.6285741,22.8111115 72.6274301,22.8121598 72.6268628,22.8123786 72.6266802,22.8123185</coordinates></LineString>
  </Placemark>
  <Placemark>
	<Style><LineStyle><color>ff0000ff</color></LineStyle><PolyStyle><fill>0</fill></PolyStyle></Style>
	<ExtendedData><SchemaData schemaUrl="#132000_voltage_line">
		<SimpleData name="full_id">w139729684</SimpleData>
		<SimpleData name="osm_id">139729684</SimpleData>
		<SimpleData name="osm_type">way</SimpleData>
		<SimpleData name="power">line</SimpleData>
		<SimpleData name="frequency">50</SimpleData>
		<SimpleData name="circuits">2</SimpleData>
		<SimpleData name="cables">6</SimpleData>
		<SimpleData name="voltage">132000</SimpleData>
	</SchemaData></ExtendedData>
      <LineString><coordinates>70.4576048,21.7216045 70.4549924,21.7227816 70.4537208,21.7238244 70.451758,21.7259072</coordinates></LineString>
  </Placemark>
  <Placemark>
	<Style><LineStyle><color>ff0000ff</color></LineStyle><PolyStyle><fill>0</fill></PolyStyle></Style>
	<ExtendedData><SchemaData schemaUrl="#132000_voltage_line">
		<SimpleData name="full_id">w512620192</SimpleData>
		<SimpleData name="osm_id">512620192</SimpleData>
		<SimpleData name="osm_type">way</SimpleData>
		<SimpleData name="power">line</SimpleData>
		<SimpleData name="frequency">50</SimpleData>
		<SimpleData name="circuits">2</SimpleData>
		<SimpleData name="cables">6</SimpleData>
		<SimpleData name="voltage">132000</SimpleData>
	</SchemaData></ExtendedData>
      <LineString><coordinates>69.6843341,21.9373414 69.6830016,21.9363231 69.6811402,21.9348601 69.6787637,21.9336634 69.675816,21.9321755 69.6727636,21.9306304 69.6698374,21.9291226 69.666895,21.9276546 69.6640947,21.9262363 69.6614581,21.9249375 69.6585345,21.9234246 69.6555707,21.9219292 69.6524969,21.9203964 69.6498442,21.9190228 69.6489456,21.9187292</coordinates></LineString>
  </Placemark>
  <Placemark>
	<Style><LineStyle><color>ff0000ff</color></LineStyle><PolyStyle><fill>0</fill></PolyStyle></Style>
	<ExtendedData><SchemaData schemaUrl="#132000_voltage_line">
		<SimpleData name="full_id">w321804462</SimpleData>
		<SimpleData name="osm_id">321804462</SimpleData>
		<SimpleData name="osm_type">way</SimpleData>
		<SimpleData name="power">line</SimpleData>
		<SimpleData name="frequency">50</SimpleData>
		<SimpleData name="circuits">2</SimpleData>
		<SimpleData name="cables">6</SimpleData>
		<SimpleData name="voltage">132000</SimpleData>
	</SchemaData></ExtendedData>
      <LineString><coordinates>72.6087642,23.0772869 72.606912,23.0778411 72.6051073,23.0783865 72.603331,23.0789581 72.6021991,23.0790165 72.5985801,23.0788136 72.5982876,23.0787667</coordinates></LineString>
  </Placemark>
  <Placemark>
	<Style><LineStyle><color>ff0000ff</color></LineStyle><PolyStyle><fill>0</fill></PolyStyle></Style>
	<ExtendedData><SchemaData schemaUrl="#132000_voltage_line">
		<SimpleData name="full_id">w140064918</SimpleData>
		<SimpleData name="osm_id">140064918</SimpleData>
		<SimpleData name="osm_type">way</SimpleData>
		<SimpleData name="power">line</SimpleData>
		<SimpleData name="frequency">50</SimpleData>
		<SimpleData name="circuits">2</SimpleData>
		<SimpleData name="cables">6</SimpleData>
		<SimpleData name="voltage">132000</SimpleData>
	</SchemaData></ExtendedData>
      <LineString><coordinates>71.8954095,22.1687943 71.8931137,22.1681649 71.8910758,22.1663618 71.8890107,22.1645959 71.8869814,22.1628356</coordinates></LineString>
  </Placemark>
  <Placemark>
	<Style><LineStyle><color>ff0000ff</color></LineStyle><PolyStyle><fill>0</fill></PolyStyle></Style>
	<ExtendedData><SchemaData schemaUrl="#132000_voltage_line">
		<SimpleData name="full_id">w316447859</SimpleData>
		<SimpleData name="osm_id">316447859</SimpleData>
		<SimpleData name="osm_type">way</SimpleData>
		<SimpleData name="power">line</SimpleData>
		<SimpleData name="cables">3</SimpleData>
		<SimpleData name="voltage">132000</SimpleData>
	</SchemaData></ExtendedData>
      <LineString><coordinates>73.2123347,22.4365967 73.2150319,22.4357333 73.2177316,22.4348959 73.2204013,22.4340244 73.2230135,22.4331834 73.2236292,22.4348303 73.2242585,22.4364925</coordinates></LineString>
  </Placemark>
  <Placemark>
	<Style><LineStyle><color>ff0000ff</color></LineStyle><PolyStyle><fill>0</fill></PolyStyle></Style>
	<ExtendedData><SchemaData schemaUrl="#132000_voltage_line">
		<SimpleData name="full_id">w1468974179</SimpleData>
		<SimpleData name="osm_id">1468974179</SimpleData>
		<SimpleData name="osm_type">way</SimpleData>
		<SimpleData name="power">line</SimpleData>
		<SimpleData name="frequency">50</SimpleData>
		<SimpleData name="circuits">1</SimpleData>
		<SimpleData name="cables">3</SimpleData>
		<SimpleData name="voltage">132000</SimpleData>
	</SchemaData></ExtendedData>
      <LineString><coordinates>73.0282596,21.7559945 73.029567,21.7545274 73.0295966,21.7538937</coordinates></LineString>
  </Placemark>
  <Placemark>
	<Style><LineStyle><color>ff0000ff</color></LineStyle><PolyStyle><fill>0</fill></PolyStyle></Style>
	<ExtendedData><SchemaData schemaUrl="#132000_voltage_line">
		<SimpleData name="full_id">w1468974180</SimpleData>
		<SimpleData name="osm_id">1468974180</SimpleData>
		<SimpleData name="osm_type">way</SimpleData>
		<SimpleData name="power">line</SimpleData>
		<SimpleData name="frequency">50</SimpleData>
		<SimpleData name="circuits">2</SimpleData>
		<SimpleData name="cables">6</SimpleData>
		<SimpleData name="voltage">132000</SimpleData>
	</SchemaData></ExtendedData>
      <LineString><coordinates>73.0282596,21.7559945 73.0293707,21.7545195</coordinates></LineString>
  </Placemark>
  <Placemark>
	<Style><LineStyle><color>ff0000ff</color></LineStyle><PolyStyle><fill>0</fill></PolyStyle></Style>
	<ExtendedData><SchemaData schemaUrl="#132000_voltage_line">
		<SimpleData name="full_id">w1468974181</SimpleData>
		<SimpleData name="osm_id">1468974181</SimpleData>
		<SimpleData name="osm_type">way</SimpleData>
		<SimpleData name="power">line</SimpleData>
		<SimpleData name="cables">6</SimpleData>
		<SimpleData name="voltage">132000</SimpleData>
	</SchemaData></ExtendedData>
      <LineString><coordinates>73.0291218,21.7545299 73.029186,21.7538759</coordinates></LineString>
  </Placemark>
  <Placemark>
	<Style><LineStyle><color>ff0000ff</color></LineStyle><PolyStyle><fill>0</fill></PolyStyle></Style>
	<ExtendedData><SchemaData schemaUrl="#132000_voltage_line">
		<SimpleData name="full_id">w1245403030</SimpleData>
		<SimpleData name="osm_id">1245403030</SimpleData>
		<SimpleData name="osm_type">way</SimpleData>
		<SimpleData name="power">line</SimpleData>
		<SimpleData name="cables">6</SimpleData>
		<SimpleData name="voltage">132000</SimpleData>
	</SchemaData></ExtendedData>
      <LineString><coordinates>72.6515384,23.0406593 72.6528652,23.0422821 72.6562761,23.0426904 72.6596587,23.0431122 72.6625432,23.0434533 72.665969,23.0430651 72.6693306,23.0427597 72.6704366,23.0429952 72.6699243,23.0452536 72.6697808,23.0459335 72.6705064,23.0456632 72.6729458,23.0448229 72.6751694,23.0440343 72.6773742,23.0432296 72.6792839,23.042583 72.6800121,23.0430075 72.6803832,23.0428747</coordinates></LineString>
  </Placemark>
  <Placemark>
	<Style><LineStyle><color>ff0000ff</color></LineStyle><PolyStyle><fill>0</fill></PolyStyle></Style>
	<ExtendedData><SchemaData schemaUrl="#132000_voltage_line">
		<SimpleData name="full_id">w1468974182</SimpleData>
		<SimpleData name="osm_id">1468974182</SimpleData>
		<SimpleData name="osm_type">way</SimpleData>
		<SimpleData name="power">line</SimpleData>
		<SimpleData name="cables">6</SimpleData>
		<SimpleData name="voltage">132000</SimpleData>
	</SchemaData></ExtendedData>
      <LineString><coordinates>72.9560691,21.8051194 72.9581505,21.8030026 72.9596311,21.8013963 72.961801,21.7990255 72.9635793,21.7970917 72.9654703,21.7949785 72.9672056,21.7930982 72.9690108,21.7911157 72.9715857,21.7906849 72.9738629,21.790264 72.9770654,21.7897136 72.9782751,21.7897335 72.9792944,21.789584 72.9811612,21.7895741 72.9834893,21.7913075 72.9863754,21.7918754 72.9896584,21.7925129 72.9924586,21.7930833 72.9953501,21.7936386 72.9987055,21.7942961 73.0013555,21.7948415 73.0046171,21.7943011 73.007715,21.7944854 73.0098394,21.7943858 73.0117866,21.7917384 73.0133718,21.7896812 73.0142409,21.7878979 73.0156651,21.7850935 73.0156034,21.7822292 73.01559,21.7800473 73.0171028,21.7780971 73.0181006,21.7768417 73.0198815,21.7763684 73.0209759,21.7738477 73.022081,21.771327 73.0231377,21.7689731 73.0250341,21.7676429 73.0253452,21.7657821 73.0257395,21.7637196 73.025364,21.7612809 73.0248973,21.7581246 73.0256188,21.7565004 73.0275017,21.7558129 73.0291218,21.7545299</coordinates></LineString>
  </Placemark>
  <Placemark>
	<Style><LineStyle><color>ff0000ff</color></LineStyle><PolyStyle><fill>0</fill></PolyStyle></Style>
	<ExtendedData><SchemaData schemaUrl="#132000_voltage_line">
		<SimpleData name="full_id">w1144848556</SimpleData>
		<SimpleData name="osm_id">1144848556</SimpleData>
		<SimpleData name="osm_type">way</SimpleData>
		<SimpleData name="power">line</SimpleData>
		<SimpleData name="frequency">50</SimpleData>
		<SimpleData name="circuits">2</SimpleData>
		<SimpleData name="cables">6</SimpleData>
		<SimpleData name="voltage">132000</SimpleData>
	</SchemaData></ExtendedData>
      <LineString><coordinates>70.6104304,22.9573844 70.6103995,22.9575598</coordinates></LineString>
  </Placemark>
  <Placemark>
	<Style><LineStyle><color>ff0000ff</color></LineStyle><PolyStyle><fill>0</fill></PolyStyle></Style>
	<ExtendedData><SchemaData schemaUrl="#132000_voltage_line">
		<SimpleData name="full_id">w1253546816</SimpleData>
		<SimpleData name="osm_id">1253546816</SimpleData>
		<SimpleData name="osm_type">way</SimpleData>
		<SimpleData name="power">line</SimpleData>
		<SimpleData name="frequency">50</SimpleData>
		<SimpleData name="circuits">2</SimpleData>
		<SimpleData name="cables">6</SimpleData>
		<SimpleData name="voltage">132000</SimpleData>
	</SchemaData></ExtendedData>
      <LineString><coordinates>70.4084598,22.5770012 70.4075494,22.5765378 70.4074684,22.5764963 70.4052252,22.5753461</coordinates></LineString>
  </Placemark>
  <Placemark>
	<Style><LineStyle><color>ff0000ff</color></LineStyle><PolyStyle><fill>0</fill></PolyStyle></Style>
	<ExtendedData><SchemaData schemaUrl="#132000_voltage_line">
		<SimpleData name="full_id">w1144848557</SimpleData>
		<SimpleData name="osm_id">1144848557</SimpleData>
		<SimpleData name="osm_type">way</SimpleData>
		<SimpleData name="power">line</SimpleData>
		<SimpleData name="frequency">50</SimpleData>
		<SimpleData name="circuits">2</SimpleData>
		<SimpleData name="cables">6</SimpleData>
		<SimpleData name="voltage">132000</SimpleData>
	</SchemaData></ExtendedData>
      <LineString><coordinates>70.6053994,22.9532898 70.6055716,22.9534192 70.6062555,22.9537551 70.6090906,22.9551233 70.6105538,22.9566052 70.6104746,22.9571325</coordinates></LineString>
  </Placemark>
  <Placemark>
	<Style><LineStyle><color>ff0000ff</color></LineStyle><PolyStyle><fill>0</fill></PolyStyle></Style>
	<ExtendedData><SchemaData schemaUrl="#132000_voltage_line">
		<SimpleData name="full_id">w1258161148</SimpleData>
		<SimpleData name="osm_id">1258161148</SimpleData>
		<SimpleData name="osm_type">way</SimpleData>
		<SimpleData name="power">line</SimpleData>
		<SimpleData name="frequency">50</SimpleData>
		<SimpleData name="circuits">2</SimpleData>
		<SimpleData name="cables">6</SimpleData>
		<SimpleData name="voltage">132000</SimpleData>
	</SchemaData></ExtendedData>
      <LineString><coordinates>72.6255771,22.9491283 72.6250126,22.9490588 72.6237834,22.9489075 72.6205819,22.9484807 72.6174749,22.9481092 72.6144536,22.9477693 72.6111663,22.947382 72.6086343,22.9470975 72.6060935,22.9471563 72.6029819,22.947218 72.5998106,22.9472773 72.5969198,22.9473255 72.5944432,22.9473625 72.591142,22.9487573 72.5883318,22.9500019 72.5878912,22.9506468</coordinates></LineString>
  </Placemark>
  <Placemark>
	<Style><LineStyle><color>ff0000ff</color></LineStyle><PolyStyle><fill>0</fill></PolyStyle></Style>
	<ExtendedData><SchemaData schemaUrl="#132000_voltage_line">
		<SimpleData name="full_id">w1144848558</SimpleData>
		<SimpleData name="osm_id">1144848558</SimpleData>
		<SimpleData name="osm_type">way</SimpleData>
		<SimpleData name="power">line</SimpleData>
		<SimpleData name="frequency">50</SimpleData>
		<SimpleData name="circuits">2</SimpleData>
		<SimpleData name="cables">6</SimpleData>
		<SimpleData name="voltage">132000</SimpleData>
	</SchemaData></ExtendedData>
      <LineString><coordinates>70.6053994,22.9532898 70.6026841,22.9552242 70.6020603,22.9573655 70.6017896,22.958848 70.5999572,22.9608857 70.5986844,22.9623724 70.5965309,22.9648345 70.5943912,22.9672164 70.5922263,22.9696721 70.5900567,22.9721511 70.5875845,22.9737558 70.5849333,22.9753774 70.5820895,22.9771721 70.5795966,22.9787388 70.5771427,22.980696 70.5748195,22.9825308 70.5725016,22.9843823</coordinates></LineString>
  </Placemark>
  <Placemark>
	<Style><LineStyle><color>ff0000ff</color></LineStyle><PolyStyle><fill>0</fill></PolyStyle></Style>
	<ExtendedData><SchemaData schemaUrl="#132000_voltage_line">
		<SimpleData name="full_id">w512620190</SimpleData>
		<SimpleData name="osm_id">512620190</SimpleData>
		<SimpleData name="osm_type">way</SimpleData>
		<SimpleData name="power">line</SimpleData>
		<SimpleData name="frequency">50</SimpleData>
		<SimpleData name="circuits">2</SimpleData>
		<SimpleData name="cables">6</SimpleData>
		<SimpleData name="voltage">132000</SimpleData>
	</SchemaData></ExtendedData>
      <LineString><coordinates>69.6484119,21.9188735 69.6481061,21.9187591 69.6477279,21.9199585 69.6493962,21.9224119 69.6509922,21.9249001 69.6528885,21.9278412 69.6546212,21.9304761 69.6563271,21.933106 69.6575421,21.9355369 69.6586257,21.9377064 69.6598381,21.9400998 69.6608064,21.9427967 69.6632311,21.9441228 69.6656746,21.9454563 69.6679839,21.9466903 69.6700466,21.9488074 69.672761,21.9515539 69.675073,21.9539919 69.6775353,21.9565044 69.6795684,21.9586488 69.6811348,21.9590219 69.6825135,21.9605145 69.6835327,21.9616289 69.6842381,21.9642334 69.6850991,21.9673875 69.6858367,21.970176 69.6866843,21.9730862 69.687489,21.9757999 69.6883312,21.9786802 69.6899834,21.981252 69.6914962,21.9836646 69.6929741,21.9859727 69.6950152,21.9876117 69.6967399,21.9889995 69.6993524,21.9910066 69.7001141,21.9933792 69.7007713,21.9953639 69.7020239,21.9981169 69.7026622,21.9995419 69.7043708,22.0019169 69.7057226,22.0038144</coordinates></LineString>
  </Placemark>
  <Placemark>
	<Style><LineStyle><color>ff0000ff</color></LineStyle><PolyStyle><fill>0</fill></PolyStyle></Style>
	<ExtendedData><SchemaData schemaUrl="#132000_voltage_line">
		<SimpleData name="full_id">w512620191</SimpleData>
		<SimpleData name="osm_id">512620191</SimpleData>
		<SimpleData name="osm_type">way</SimpleData>
		<SimpleData name="power">line</SimpleData>
		<SimpleData name="frequency">50</SimpleData>
		<SimpleData name="circuits">2</SimpleData>
		<SimpleData name="cables">6</SimpleData>
		<SimpleData name="voltage">132000</SimpleData>
	</SchemaData></ExtendedData>
      <LineString><coordinates>69.6486559,21.9186596 69.6478459,21.9185401 69.6455285,21.9199435 69.6437207,21.9227105 69.6423635,21.9247558 69.6415132,21.9270997 69.6401024,21.9296351 69.6410465,21.9326159 69.6418834,21.9352333 69.6427444,21.9379502 69.6433318,21.9398286 69.6461588,21.9416846 69.6482483,21.9431451 69.6510646,21.9451155 69.6537602,21.9469366 69.656488,21.9490014 69.6585533,21.9505936 69.6612945,21.9526609 69.6634912,21.9543128 69.6656826,21.955982 69.6669245,21.9576861 69.6686947,21.9601588 69.6705991,21.9628827 69.6716398,21.9643826 69.6716532,21.9670045 69.6713823,21.9684248 69.6709263,21.9710043 69.6717069,21.9729818 69.6738955,21.9748 69.6765214,21.9770212 69.6775085,21.9771555 69.6770412,21.9773753</coordinates></LineString>
  </Placemark>
  <Placemark>
	<Style><LineStyle><color>ff0000ff</color></LineStyle><PolyStyle><fill>0</fill></PolyStyle></Style>
	<ExtendedData><SchemaData schemaUrl="#132000_voltage_line">
		<SimpleData name="full_id">w140064910</SimpleData>
		<SimpleData name="osm_id">140064910</SimpleData>
		<SimpleData name="osm_type">way</SimpleData>
		<SimpleData name="power">line</SimpleData>
		<SimpleData name="frequency">50</SimpleData>
		<SimpleData name="circuits">1</SimpleData>
		<SimpleData name="cables">3</SimpleData>
		<SimpleData name="voltage">132000</SimpleData>
	</SchemaData></ExtendedData>
      <LineString><coordinates>71.8954095,22.1687943 71.8966488,22.1703638 71.8964097,22.1733182 71.896208,22.1758402 71.8959539,22.1785004 71.8957289,22.1811715 71.8954843,22.1838426 71.8952527,22.1864577 71.8950211,22.1891731 71.8947783,22.1918712 71.8945429,22.1945138 71.8943076,22.1972118 71.8941021,22.1996745 71.8947185,22.2023239 71.8953386,22.2049318 71.8959438,22.2075362 71.896549,22.2101647 71.8971542,22.2127655 71.8977669,22.2152383 71.8987718,22.2177941 71.8997428,22.2202058 71.9007155,22.2226202 71.9016755,22.2250581 71.9026822,22.227496 71.9036294,22.2298473 71.9046654,22.2324529 71.9045157,22.2334937 71.9057872,22.2361973 71.9068364,22.2385013 71.9079705,22.240939 71.9090579,22.2433215 71.9101666,22.2456372 71.9111988,22.2479489 71.9122989,22.2502685 71.9133693,22.2525565 71.9143505,22.2547187 71.9153955,22.256987 71.9163894,22.2590902 71.9174938,22.2614528 71.918594,22.2638507 71.9197154,22.2662447 71.920807,22.2686032 71.9219454,22.2710561 71.9230583,22.2734774 71.9241499,22.275883 71.9252288,22.27832 71.9263885,22.2807609 71.9274079,22.2830642 71.928525,22.2855482 71.9295997,22.28793 71.9307041,22.2903354 71.9318085,22.2927446 71.9329001,22.2951695 71.9339706,22.2975433 71.935041,22.2999602 71.9361411,22.3023379 71.9372328,22.304739 71.9383287,22.3071716 71.9391527,22.3096473 71.9399683,22.3121898 71.9407838,22.3147166 71.9415824,22.3172629 71.942381,22.3197267 71.9432008,22.3222572 71.9439781,22.3247445 71.9447863,22.3272584 71.9455679,22.3297495 71.9463834,22.3322799 71.9471692,22.3348416 71.9479423,22.3372619 71.9489575,22.3396782 71.9499515,22.3421337 71.9508817,22.3444124 71.9518842,22.34686 71.9528824,22.3493232 71.9539018,22.3517982 71.9548703,22.3542417 71.95586,22.3566616 71.9568582,22.359109 71.9578606,22.3615956 71.9588886,22.3641136 71.9598103,22.3663684 71.9607788,22.3687841 71.9617982,22.3712195 71.9627879,22.3737138 71.9637946,22.3761373 71.9647844,22.3786118 71.9665259,22.3808152 71.9682335,22.382999 71.9699325,22.3851435 71.9716443,22.3872683 71.9733434,22.389401 71.974932,22.3914275 71.9766524,22.393564 71.978275,22.3956062 71.9797064,22.3973931 71.9811931,22.3992978 71.9827916,22.4012753 71.9844597,22.403336 71.9847019,22.4037328</coordinates></LineString>
  </Placemark>
  <Placemark>
	<Style><LineStyle><color>ff0000ff</color></LineStyle><PolyStyle><fill>0</fill></PolyStyle></Style>
	<ExtendedData><SchemaData schemaUrl="#132000_voltage_line">
		<SimpleData name="full_id">w512620177</SimpleData>
		<SimpleData name="osm_id">512620177</SimpleData>
		<SimpleData name="osm_type">way</SimpleData>
		<SimpleData name="power">line</SimpleData>
		<SimpleData name="frequency">50</SimpleData>
		<SimpleData name="circuits">2</SimpleData>
		<SimpleData name="cables">6</SimpleData>
		<SimpleData name="voltage">132000</SimpleData>
	</SchemaData></ExtendedData>
      <LineString><coordinates>69.6843341,21.9373414 69.684296,21.9375401 69.6836976,21.9406499 69.6830467,21.943857 69.6824797,21.9468043 69.6818288,21.9500372 69.6811738,21.953324 69.6805696,21.9565141 69.6799403,21.9597274 69.679454,21.9626853 69.6789821,21.9655569 69.6785351,21.9682162 69.6780381,21.9712436 69.6775376,21.9742841 69.6770412,21.9773753</coordinates></LineString>
  </Placemark>
  <Placemark>
	<Style><LineStyle><color>ff0000ff</color></LineStyle><PolyStyle><fill>0</fill></PolyStyle></Style>
	<ExtendedData><SchemaData schemaUrl="#132000_voltage_line">
		<SimpleData name="full_id">w512620178</SimpleData>
		<SimpleData name="osm_id">512620178</SimpleData>
		<SimpleData name="osm_type">way</SimpleData>
		<SimpleData name="power">line</SimpleData>
		<SimpleData name="frequency">50</SimpleData>
		<SimpleData name="circuits">2</SimpleData>
		<SimpleData name="cables">6</SimpleData>
		<SimpleData name="voltage">132000</SimpleData>
	</SchemaData></ExtendedData>
      <LineString><coordinates>69.7152899,21.6980162 69.7145902,21.6972544 69.7134357,21.6960254 69.7118451,21.6953624 69.7092137,21.6953712 69.7064752,21.6960121 69.7034831,21.6967242 69.7012994,21.6972412 69.6982198,21.69795 69.6954797,21.6986198 69.692799,21.6992539 69.691151,21.7004429 69.6885788,21.7016014 69.6859557,21.7028177 69.6833822,21.704004 69.6807493,21.7052295 69.678349,21.7063376 69.6767034,21.7082665 69.6754562,21.7097011 69.6732984,21.712214 69.6714475,21.7143727 69.6713287,21.7168004 69.6712204,21.7194904 69.6711085,21.7222694 69.6710107,21.7249625 69.6708848,21.7280444 69.6707343,21.7309864 69.6706258,21.7336683 69.6705138,21.7362071 69.6701289,21.7393018 69.6697194,21.7423866 69.669317,21.7453771 69.668925,21.7484163 69.6674167,21.7507046 69.6657194,21.7532789 69.6639207,21.7559701 69.6621149,21.7586353 69.6602322,21.7614565 69.6594868,21.7647326 69.6588078,21.7677746 69.6582479,21.7704234 69.6575025,21.7737155 69.6569998,21.775973 69.6564759,21.7783262 69.6564841,21.7804816 69.6565411,21.7837514 69.6565831,21.787014 69.6566426,21.7902083 69.6567126,21.7933181 69.6567336,21.7962003 69.6568001,21.7989817 69.6568141,21.8021172 69.6568841,21.805204 69.6572235,21.8082354 69.657577,21.811465 69.6580109,21.8149738 69.6583959,21.8181805 69.6587808,21.8214716 69.6591343,21.8246066 69.6595577,21.8279203 69.6599322,21.8311786 69.6603031,21.834281 69.6606671,21.8377568 69.6610345,21.8410052 69.6621894,21.8431068 69.6637747,21.8459751 69.6652865,21.8485022 69.6665883,21.8508213 69.6680126,21.8533354 69.6695734,21.8561416 69.6712462,21.8590843 69.6727335,21.8618515 69.6743048,21.8645342 69.6751972,21.8672883 69.6762925,21.8705296 69.6771044,21.8730205 69.6778463,21.8753555 69.6787212,21.878051 69.6797256,21.8810289 69.680639,21.88376 69.6816153,21.8867215 69.6824867,21.8893128 69.6826967,21.8923133 69.6829242,21.8953721 69.6831359,21.8984581 69.6833635,21.901328 69.6835506,21.9040782 69.6837116,21.9067244 69.6838166,21.9095978 69.6839495,21.9125848 69.684086,21.915864 69.684177,21.9190034 69.6842995,21.9222662 69.6844465,21.9254964 69.6845025,21.9287428 69.6846984,21.931843 69.6847929,21.9349464 69.6843341,21.9373414</coordinates></LineString>
  </Placemark>
  <Placemark>
	<Style><LineStyle><color>ff0000ff</color></LineStyle><PolyStyle><fill>0</fill></PolyStyle></Style>
	<ExtendedData><SchemaData schemaUrl="#132000_voltage_line">
		<SimpleData name="full_id">w330996026</SimpleData>
		<SimpleData name="osm_id">330996026</SimpleData>
		<SimpleData name="osm_type">way</SimpleData>
		<SimpleData name="power">line</SimpleData>
		<SimpleData name="frequency">50</SimpleData>
		<SimpleData name="circuits">2</SimpleData>
		<SimpleData name="cables">6</SimpleData>
		<SimpleData name="voltage">132000</SimpleData>
	</SchemaData></ExtendedData>
      <LineString><coordinates>71.4416651,22.2155678 71.4442993,22.2164941 71.4469109,22.2174178 71.4495564,22.2183362 71.452168,22.2192833 71.454757,22.2184513 71.4572753,22.2176559 71.4594968,22.2169389 71.4620312,22.2161689 71.4645859,22.2153547 71.4671598,22.2145118 71.469748,22.2136998 71.4722621,22.2128989 71.4747834,22.2121002 71.4773023,22.2112793 71.4797448,22.2104961 71.482149,22.2097527 71.4846288,22.2106393 71.4873087,22.2115404 71.4899136,22.2124763 71.4925616,22.2134055 71.4952047,22.214337 71.497674,22.2151808 71.4997289,22.2159286 71.5020204,22.2167264 71.5039266,22.21861 71.5057557,22.2203948 71.5074716,22.2220761 71.5094576,22.2240141 71.5113599,22.2259101 71.5133507,22.2278038 71.5152602,22.2297085 71.5170932,22.2315026 71.5196431,22.2327105 71.5221764,22.2339117 71.5246977,22.2351195 71.5270804,22.2362278 71.5293651,22.2373118 71.5316187,22.2384001 71.5340635,22.2395438 71.5365681,22.2407427 71.5390392,22.2419173 71.5416011,22.2429702 71.5441463,22.2440099 71.5467513,22.2450915 71.5491817,22.2460714 71.5516027,22.247069 71.5540953,22.2480777 71.5561816,22.249469 71.558366,22.2509178 71.5606133,22.2524064 71.5628879,22.253911 71.5651898,22.2554265 71.5669105,22.2565855 71.5688606,22.2578705 71.5703015,22.2588201</coordinates></LineString>
  </Placemark>
  <Placemark>
	<Style><LineStyle><color>ff0000ff</color></LineStyle><PolyStyle><fill>0</fill></PolyStyle></Style>
	<ExtendedData><SchemaData schemaUrl="#132000_voltage_line">
		<SimpleData name="full_id">w208487930</SimpleData>
		<SimpleData name="osm_id">208487930</SimpleData>
		<SimpleData name="osm_type">way</SimpleData>
		<SimpleData name="power">line</SimpleData>
		<SimpleData name="frequency">50</SimpleData>
		<SimpleData name="circuits">2</SimpleData>
		<SimpleData name="cables">6</SimpleData>
		<SimpleData name="voltage">132000</SimpleData>
	</SchemaData></ExtendedData>
      <LineString><coordinates>70.0627932,22.4249179 70.0592656,22.4242087 70.0559695,22.423555 70.0528148,22.422929 70.0498616,22.4223624 70.0465612,22.4216611 70.0435608,22.4215343 70.0405733,22.4214312 70.037543,22.4212648 70.0344097,22.421142 70.0314137,22.4210231 70.0284047,22.4208686 70.0252286,22.420718 70.0221142,22.4205828 70.0186792,22.4204367 70.0158075,22.4202901 70.0150831,22.4210826 70.0117227,22.4211895 70.008478,22.4213322 70.0052033,22.421455 70.0020171,22.4215982 69.9987997,22.4217205 69.9954821,22.4218631 69.9922897,22.4219977 69.9897472,22.4221048 69.9862925,22.4222316 69.9832628,22.4223695 69.9800648,22.4221723 69.9769358,22.4220069 69.9740328,22.4218241 69.9707265,22.4216443 69.9675129,22.4214586 69.9643713,22.4212845 69.9612769,22.421093 69.9579785,22.4208929 69.9549186,22.4207159 69.9516704,22.4205186 69.9483562,22.4203359 69.9453371,22.4201299 69.9420701,22.4199703 69.9388356,22.4197765 69.9355489,22.4195796 69.9329178,22.419422 69.9298461,22.4192515 69.9264606,22.4185516 69.9231496,22.417888 69.9200019,22.4172698 69.916706,22.4166138 69.9134684,22.4159806 69.9101539,22.4153133 69.906772,22.4146488 69.9037524,22.4140439 69.9004902,22.4133908 69.8971298,22.4127121 69.8948106,22.4108152 69.8920261,22.4085096 69.8893598,22.4063428 69.8867795,22.4042328 69.88423,22.4021427 69.8817357,22.4001263 69.87922,22.3981014 69.8764216,22.3979821 69.8733161,22.3978287 69.8697926,22.3976558 69.8663598,22.3975093 69.8631468,22.3968646 69.8608768,22.3963789 69.8599798,22.3962568 69.8580293,22.3961112 69.8569376,22.3967498 69.8539991,22.3978586 69.8512508,22.3988457 69.8485293,22.3998596 69.8458108,22.4008535 69.8429203,22.4019214 69.8402571,22.4028727 69.8375355,22.4038781 69.8348754,22.4048521 69.8321047,22.4058461 69.8288793,22.4070303 69.8272774,22.4096965 69.8258859,22.4121955 69.8243316,22.4150295 69.8227619,22.4177641 69.8223843,22.4195942 69.822859,22.420653 69.8243711,22.4220507</coordinates></LineString>
  </Placemark>
  <Placemark>
	<Style><LineStyle><color>ff0000ff</color></LineStyle><PolyStyle><fill>0</fill></PolyStyle></Style>
	<ExtendedData><SchemaData schemaUrl="#132000_voltage_line">
		<SimpleData name="full_id">w330996013</SimpleData>
		<SimpleData name="osm_id">330996013</SimpleData>
		<SimpleData name="osm_type">way</SimpleData>
		<SimpleData name="power">line</SimpleData>
		<SimpleData name="frequency">50</SimpleData>
		<SimpleData name="circuits">2</SimpleData>
		<SimpleData name="cables">6</SimpleData>
		<SimpleData name="voltage">132000</SimpleData>
	</SchemaData></ExtendedData>
      <LineString><coordinates>71.6426681,22.2716506 71.6453803,22.2724153 71.6475143,22.2742041 71.6496365,22.2759034 71.6516444,22.2775693 71.6536692,22.2791568 71.6552069,22.2804425 71.6573291,22.282175 71.6594386,22.2838781 71.6615799,22.2856027 71.6636852,22.2873273 71.6658222,22.2890519 71.6679296,22.2907568 71.6700836,22.2924931 71.6718945,22.2945194 71.6736948,22.2965555 71.6755396,22.2985857 71.6772954,22.3005374 71.6791147,22.3025381 71.6809235,22.3045565 71.6827428,22.3066002 71.6845262,22.3086048 71.6863477,22.3106034 71.6881564,22.3125962 71.6899715,22.3146065 71.6918862,22.3165208 71.6937966,22.3184214 71.6957134,22.3203454 71.6976238,22.3222361 71.699547,22.3241581 71.7014934,22.3260899 71.7033975,22.3279845 71.7053354,22.3298829 71.7072416,22.3317774 71.7091732,22.3337131 71.7110413,22.3355762 71.7135914,22.3366928 71.7161436,22.3378075 71.718683,22.3389164 71.7212394,22.3400428 71.7237365,22.341132 71.7262485,22.3422369 71.726634,22.3425562 71.727407,22.3422565 71.7280182,22.3422669 71.7308,22.3422722 71.7335257,22.3422592 71.7361391,22.3422549 71.7388188,22.3422613 71.7414551,22.3429015 71.7441302,22.3435058 71.7467322,22.3441165 71.7493639,22.3447102 71.7519659,22.3453251 71.7546296,22.3459378 71.7572479,22.3465446 71.7598707,22.3471287 71.7621985,22.3476872 71.7648029,22.3482712 71.7673981,22.3488894 71.7700347,22.3494948 71.7732165,22.3498262 71.7761331,22.35013 71.7796271,22.3504796 71.7828307,22.3508121 71.7860712,22.3511447 71.7892379,22.3514772 71.7924369,22.3517969 71.7956405,22.3521209 71.7988395,22.3524279 71.8020155,22.3527476 71.8052468,22.3530887 71.8084734,22.3534254 71.8116724,22.3537367 71.8149452,22.3540734 71.8179736,22.3543889 71.8210482,22.3544784 71.8241734,22.3545594 71.8272157,22.3546191 71.8302626,22.3546916 71.833268,22.3547683 71.8363932,22.3548323 71.8394401,22.3549431 71.8424962,22.3549985 71.8456076,22.3550667 71.8483042,22.3565844 71.8509915,22.3580978 71.8538402,22.3597305 71.8564953,22.3611969 71.8592518,22.3627443 71.8619161,22.3642534 71.8647233,22.3658136 71.8674014,22.3673695 71.8704575,22.3690447 71.8731402,22.3705537 71.8759152,22.3721052 71.8786348,22.3736483 71.8813267,22.37517 71.8840187,22.3766661 71.8866922,22.3781622 71.8897253,22.3798885 71.8924172,22.3813888 71.8952117,22.3829637 71.8979198,22.3845034 71.9006239,22.3860021 71.90361,22.3868386 71.9065749,22.3875966 71.9095058,22.3883547 71.9124622,22.3891519 71.9154738,22.3899846 71.9184132,22.3907661 71.9213738,22.3915634 71.9244364,22.3923764 71.9261482,22.392828 71.9291088,22.3936095 71.9304383,22.3939748 71.9333607,22.3947681 71.9363171,22.3955536 71.939299,22.396339 71.9422766,22.3971323 71.9451353,22.3978942 71.9481511,22.3986954 71.9512052,22.399524 71.9542635,22.4003094 71.9573316,22.4011451 71.9604192,22.4019726 71.9637675,22.4023266 71.9670297,22.4026919 71.9695529,22.4029707 71.9726452,22.4033123 71.9755761,22.4036618 71.9790549,22.4040428 71.9821819,22.4044103 71.9835365,22.4045214</coordinates></LineString>
  </Placemark>
  <Placemark>
	<Style><LineStyle><color>ff0000ff</color></LineStyle><PolyStyle><fill>0</fill></PolyStyle></Style>
	<ExtendedData><SchemaData schemaUrl="#132000_voltage_line">
		<SimpleData name="full_id">w330996017</SimpleData>
		<SimpleData name="osm_id">330996017</SimpleData>
		<SimpleData name="osm_type">way</SimpleData>
		<SimpleData name="power">line</SimpleData>
		<SimpleData name="frequency">50</SimpleData>
		<SimpleData name="circuits">2</SimpleData>
		<SimpleData name="cables">6</SimpleData>
		<SimpleData name="voltage">132000</SimpleData>
	</SchemaData></ExtendedData>
      <LineString><coordinates>71.7336434,22.1492874 71.7332043,22.1497052 71.7335731,22.1509319 71.7328903,22.152589 71.7319734,22.1548278 71.7304146,22.1570071 71.7286482,22.1594218 71.7270194,22.161658 71.7254055,22.1638823 71.7234676,22.1654809 71.7216376,22.1669932 71.7196107,22.1686251 71.7178274,22.170918 71.7162749,22.1728637 71.7144936,22.1751526 71.7127103,22.1773944 71.7109545,22.1795832 71.7093723,22.1815954 71.7074323,22.1840666 71.7054519,22.186569 71.7035203,22.1890185 71.7017455,22.1912679 71.6999536,22.1935291 71.6986002,22.1957411 71.6971367,22.1981101 71.6958257,22.2002181 71.6942393,22.202136 71.6925788,22.2041008 71.6915367,22.2053558 71.6898085,22.2070853 71.6876989,22.2091972 71.6869894,22.2106129 71.6849646,22.2126424 71.6832956,22.214313 71.6816754,22.2159306 71.6794896,22.2181521 71.6777338,22.2199403 71.676014,22.2225029 71.6742899,22.2250498 71.6724621,22.2278358 71.670827,22.2302709 71.6690691,22.2329294 71.6674721,22.2353055 71.6658709,22.2377581 71.6640516,22.2403615 71.6629799,22.2427473 71.6617514,22.2453958 71.6603536,22.2455762 71.6588074,22.2482814 71.6573905,22.2507004 71.6558401,22.2535173 71.6544465,22.2559088 71.6527627,22.2588177 71.6516084,22.2608327 71.6501237,22.2634416 71.6484695,22.2653292 71.6467709,22.2672442 71.6452324,22.26898 71.6434664,22.270916 71.6428327,22.2715994 71.6426681,22.2716506</coordinates></LineString>
  </Placemark>
  <Placemark>
	<Style><LineStyle><color>ff0000ff</color></LineStyle><PolyStyle><fill>0</fill></PolyStyle></Style>
	<ExtendedData><SchemaData schemaUrl="#132000_voltage_line">
		<SimpleData name="full_id">w330979821</SimpleData>
		<SimpleData name="osm_id">330979821</SimpleData>
		<SimpleData name="osm_type">way</SimpleData>
		<SimpleData name="power">line</SimpleData>
		<SimpleData name="frequency">50</SimpleData>
		<SimpleData name="circuits">1</SimpleData>
		<SimpleData name="cables">3</SimpleData>
		<SimpleData name="voltage">132000</SimpleData>
	</SchemaData></ExtendedData>
      <LineString><coordinates>70.4044933,22.5822142 70.4045168,22.5800764 70.4045331,22.5777176 70.4045596,22.5757047 70.4052252,22.5753461</coordinates></LineString>
  </Placemark>
  <Placemark>
	<Style><LineStyle><color>ff0000ff</color></LineStyle><PolyStyle><fill>0</fill></PolyStyle></Style>
	<ExtendedData><SchemaData schemaUrl="#132000_voltage_line">
		<SimpleData name="full_id">w330979822</SimpleData>
		<SimpleData name="osm_id">330979822</SimpleData>
		<SimpleData name="osm_type">way</SimpleData>
		<SimpleData name="power">line</SimpleData>
		<SimpleData name="frequency">50</SimpleData>
		<SimpleData name="circuits">1</SimpleData>
		<SimpleData name="cables">3</SimpleData>
		<SimpleData name="voltage">132000</SimpleData>
	</SchemaData></ExtendedData>
      <LineString><coordinates>70.4041505,22.5821132 70.4034409,22.5801639 70.4027597,22.5781832 70.4020128,22.5759745 70.4010784,22.5732093</coordinates></LineString>
  </Placemark>
  <Placemark>
	<Style><LineStyle><color>ff0000ff</color></LineStyle><PolyStyle><fill>0</fill></PolyStyle></Style>
	<ExtendedData><SchemaData schemaUrl="#132000_voltage_line">
		<SimpleData name="full_id">w140460703</SimpleData>
		<SimpleData name="osm_id">140460703</SimpleData>
		<SimpleData name="osm_type">way</SimpleData>
		<SimpleData name="power">line</SimpleData>
		<SimpleData name="frequency">50</SimpleData>
		<SimpleData name="circuits">2</SimpleData>
		<SimpleData name="cables">6</SimpleData>
		<SimpleData name="voltage">132000</SimpleData>
	</SchemaData></ExtendedData>
      <LineString><coordinates>73.6108683,22.7601148 73.6112237,22.7607165 73.6128719,22.760669 73.6131126,22.7595762 73.6120125,22.7568781 73.6109273,22.754213 73.6093389,22.7523738 73.6073689,22.7501329 73.6057658,22.7482895 73.6043012,22.7485141 73.6016696,22.7482084 73.599251,22.7479402 73.5975563,22.7485204 73.5966532,22.7508225 73.5959327,22.7526598 73.5960815,22.7536674 73.5963285,22.7550461 73.5968562,22.7577037 73.5972891,22.7600525 73.5952866,22.7630936 73.5936664,22.7655983 73.5936089,22.7685052 73.5935345,22.7713216 73.5934465,22.7745434 73.5933755,22.7774657 73.5934499,22.7783577 73.593097,22.7791755</coordinates></LineString>
  </Placemark>
  <Placemark>
	<Style><LineStyle><color>ff0000ff</color></LineStyle><PolyStyle><fill>0</fill></PolyStyle></Style>
	<ExtendedData><SchemaData schemaUrl="#132000_voltage_line">
		<SimpleData name="full_id">w140460645</SimpleData>
		<SimpleData name="osm_id">140460645</SimpleData>
		<SimpleData name="osm_type">way</SimpleData>
		<SimpleData name="power">line</SimpleData>
		<SimpleData name="circuits">1</SimpleData>
		<SimpleData name="cables">3</SimpleData>
		<SimpleData name="voltage">132000</SimpleData>
	</SchemaData></ExtendedData>
      <LineString><coordinates>74.0080093,22.3231979 74.0086584,22.3236789 74.0088161,22.3244612 74.0070746,22.3262063 74.004205,22.3263765 74.0008279,22.3265346 73.9984605,22.3278182 73.9962024,22.3290087 73.9931097,22.3306351 73.9902499,22.3321644 73.9872471,22.333752 73.9843024,22.3353153 73.9813258,22.3369002 73.9803849,22.3397797 73.9793837,22.3427612 73.978323,22.3459199 73.9774017,22.3486567 73.9766185,22.3509834 73.9757361,22.3536047 73.9755818,22.3565628 73.9754572,22.3588458 73.9752732,22.3619382 73.9751189,22.3650087 73.9749465,22.3681116 73.9747719,22.3710584 73.9746118,22.3740455 73.9744882,22.3767635 73.9743233,22.3797392 73.9741899,22.3819929 73.9740128,22.3851233 73.9738916,22.3876213 73.9737727,22.3901887 73.9736321,22.3927785 73.9734502,22.3960746 73.9733217,22.3984491 73.9731786,22.4009894 73.9730161,22.4041463 73.9728658,22.4071214 73.9727272,22.4095346 73.9725747,22.4121883 73.9724273,22.4146584 73.9708352,22.4173044 73.9691376,22.4200786 73.9677977,22.422256 73.9661426,22.4250049 73.9649239,22.426972 73.9636417,22.4295584 73.9623715,22.4321306 73.9609922,22.4348878 73.9596584,22.4376113 73.9584742,22.4399912 73.9571534,22.4426455 73.9558116,22.4453421 73.9545232,22.4479241 73.9529495,22.451078 73.9516747,22.4537017 73.9502674,22.45652 73.9487966,22.459443 73.9472704,22.4624605 73.945747,22.4654753 73.9443951,22.4681452 73.9430459,22.4707997 73.9417271,22.4734031 73.9402908,22.476238 73.9388821,22.4790184 73.9375302,22.4817212 73.9359349,22.4848864 73.9344419,22.4878369 73.933607,22.489482 73.9339636,22.4926291 73.9342871,22.4956842 73.9345759,22.4984655 73.9348511,22.5011172 73.9351414,22.5039908 73.9351213,22.5063965 73.9351412,22.5086176 73.9351169,22.5098518 73.9357163,22.5125918 73.9361528,22.514644 73.9355545,22.5169539 73.9357513,22.5202192 73.9355745,22.5222191 73.9353356,22.5245216 73.93512,22.5271133 73.9357471,22.5291569 73.9365635,22.5318077 73.9374335,22.5345942 73.9382385,22.5372346 73.938347,22.5398983 73.9384397,22.5419625 73.9397074,22.5446612 73.9409299,22.5471281 73.9421615,22.5495637 73.943262,22.5515275 73.9440371,22.5528486 73.9444462,22.5559957 73.9435581,22.5579219 73.9424304,22.5607079 73.9422677,22.5633248 73.9420757,22.5659312 73.9405842,22.5677341 73.9390227,22.5695934 73.9361821,22.5714798 73.9337619,22.5730573 73.9311519,22.574783 73.9283836,22.5751043 73.9250844,22.575507 73.9225511,22.5757845 73.9191276,22.5762081 73.9155277,22.5766442 73.9126827,22.5770052 73.9102647,22.5769823 73.90838,22.5769259 73.908084,22.5770407 73.9077925,22.5775644 73.9070965,22.5783907 73.9065541,22.5788852 73.9038673,22.5797658 73.9011872,22.5806442 73.8992902,22.5826583 73.8976722,22.5843546 73.8955322,22.5866143 73.8935391,22.5887237 73.8914781,22.5908873 73.8892703,22.5922226 73.8865812,22.5938729 73.8837678,22.5955753 73.8813182,22.5980684 73.8788185,22.6006007 73.8762638,22.6032149 73.8738692,22.6056472 73.8708772,22.607289 73.8680396,22.6088461 73.8654492,22.61026 73.8623861,22.611958 73.8592614,22.6136582 73.8566021,22.6151175 73.8536719,22.6167131 73.850818,22.6182815 73.8478435,22.619918 73.8443101,22.6196566 73.8409761,22.6194088 73.8378192,22.6191789 73.8346109,22.6189452 73.8309593,22.6186429 73.8273495,22.6183747 73.8241263,22.6192793 73.8207283,22.6202544 73.8178523,22.6210613 73.8152619,22.6217999 73.8137106,22.6244297 73.8122259,22.626923 73.8107583,22.6294185 73.8094016,22.6316889 73.8100615,22.6344935 73.8106426,22.6370661 73.8112852,22.6399546 73.811987,22.6430453 73.812674,22.6460882 73.811758,22.6481334 73.810682,22.6505309 73.8095346,22.6527973 73.8085293,22.6551759 73.8084451,22.6553753 73.8081534,22.6560654 73.8069673,22.6587434 73.805572,22.6618504 73.8042423,22.6647679 73.8024815,22.6664015 73.8006906,22.6680631 73.7988842,22.6703596 73.7969736,22.672805 73.7950668,22.6752097 73.7931344,22.6776743 73.7892598,22.6779061 73.7852218,22.6781245 73.7822883,22.6782913 73.7788568,22.6784881 73.7756498,22.6786626 73.7722439,22.6788662 73.769037,22.6790407 73.7656232,22.6792442 73.7621484,22.6794278 73.758841,22.6796223 73.7553523,22.6798277 73.75184,22.6800258 73.7488084,22.6805347 73.7458024,22.6810545 73.7423551,22.6816434 73.7389413,22.6822195 73.7358408,22.682763 73.7327067,22.683301 73.7291413,22.6839153 73.7265115,22.6843678 73.723663,22.68576 73.7206511,22.6872358 73.7176057,22.6887479 73.7144106,22.6903218 73.7112509,22.6918666 73.7081819,22.6933786 73.7052527,22.6948216 73.7041627,22.6965802 73.7030111,22.6984178 73.7007959,22.7000297 73.6982109,22.7019286 73.6958308,22.7036999 73.6934932,22.7054049 73.6909907,22.7072375 73.6886903,22.7089548 73.6861081,22.7108364 73.6836136,22.7126616 73.6810898,22.714499 73.6783799,22.7164983 73.6760662,22.7182056 73.673593,22.7200062 73.6713272,22.7216595 73.6696571,22.7249784 73.668229,22.727782 73.6667929,22.7306372 73.6653967,22.733404 73.6638782,22.7363816 73.6626575,22.7388497 73.6612587,22.7417022 73.6598306,22.7446208 73.6584743,22.7476424 73.6571419,22.7506222 73.6558042,22.7535504 73.6545091,22.7564712 73.6531715,22.7594042 73.6518098,22.7624402 73.6507274,22.7633223</coordinates></LineString>
  </Placemark>
  <Placemark>
	<Style><LineStyle><color>ff0000ff</color></LineStyle><PolyStyle><fill>0</fill></PolyStyle></Style>
	<ExtendedData><SchemaData schemaUrl="#132000_voltage_line">
		<SimpleData name="full_id">w140460677</SimpleData>
		<SimpleData name="osm_id">140460677</SimpleData>
		<SimpleData name="osm_type">way</SimpleData>
		<SimpleData name="power">line</SimpleData>
		<SimpleData name="circuits">1</SimpleData>
		<SimpleData name="cables">3</SimpleData>
		<SimpleData name="voltage">132000</SimpleData>
	</SchemaData></ExtendedData>
      <LineString><coordinates>74.2314599,22.8297018 74.2312372,22.8307231 74.231425,22.831868 74.2319133,22.8335322 74.2304216,22.8361533 74.2292357,22.8382947 74.229086,22.8397219 74.2286467,22.8425037 74.2279088,22.8438203 74.2272716,22.846738 74.2267304,22.8493902 74.2257108,22.8540322 74.2252539,22.8562149 74.2246743,22.8589048 74.2249882,22.8600668 74.223636,22.8619358 74.2223562,22.863748 74.2199414,22.8638419 74.2177306,22.8639359 74.2151925,22.8624451 74.2131802,22.8633376 74.2099096,22.864769 74.207358,22.8658964 74.2047796,22.8670286 74.2020026,22.86824 74.199606,22.8692909 74.1967482,22.8705443 74.1938391,22.8718166 74.1913172,22.8729311 74.1885177,22.8740487 74.1853138,22.875321 74.1825897,22.8764134 74.1800815,22.8774268 74.1776966,22.8787054 74.175764,22.8804133 74.1736876,22.8822727 74.1718475,22.8839301 74.1697093,22.8858463 74.1674786,22.887854 74.165361,22.889767 74.1619516,22.8906509 74.1590904,22.8901963 74.1552767,22.8895776 74.1524258,22.8889809 74.1491774,22.8882738 74.1468508,22.8877814 74.1433866,22.8870427 74.1395351,22.8862061 74.1368487,22.8874752 74.1337031,22.8889431 74.1307083,22.8903478 74.1280527,22.8915884 74.1256292,22.8927168 74.1229815,22.8939496 74.1199695,22.8953448 74.1170114,22.8964159 74.1138823,22.8975273 74.1114168,22.898394 74.1081319,22.8995931 74.1071188,22.9017047 74.1059734,22.9040919 74.1047069,22.9068266 74.1033939,22.9096218 74.1005971,22.9113533 74.0982842,22.912155 74.0958582,22.913023 74.0929696,22.9140393 74.0901907,22.9150334 74.087189,22.9161034 74.0845917,22.9170344 74.081035,22.9183 74.0784925,22.9192184 74.0755902,22.9181012 74.0729826,22.9171133 74.0695663,22.9158351 74.0675515,22.9150776 74.0663899,22.9125559 74.0653276,22.910255 74.0655024,22.907973 74.0645704,22.9055142 74.0605716,22.9047314 74.0568538,22.9036582 74.05402,22.9028565 74.050381,22.9026135 74.0490399,22.9014127 74.0460668,22.8987509 74.0444798,22.8974572 74.0428564,22.8961559 74.0407354,22.8944135 74.0398308,22.8914083 74.037487,22.8908622 74.0341221,22.8900983 74.031679,22.8895522 74.0297481,22.8866833 74.0314905,22.8829673 74.0296864,22.8800967 74.0285995,22.8783375 74.0271464,22.8759857 74.024388,22.8737694 74.0214926,22.8714363 74.0186314,22.8694157 74.0156297,22.867272 74.01282,22.8662995 74.0098183,22.8652387 74.0065322,22.864102 74.0031091,22.8618824 74.0016357,22.8586587 74.0005563,22.8563348 73.9974553,22.8545445 73.9950567,22.8531362 73.9917741,22.851229 73.9885086,22.8499849 73.9852842,22.8487566 73.9821112,22.8475567 73.9792329,22.8464672 73.975611,22.8451094 73.9742952,22.8429116 73.9726299,22.8401611 73.9709783,22.8373885 73.9692274,22.8344136 73.9695563,22.8324146 73.9698907,22.8315929 73.9708438,22.8308373 73.9692205,22.8299892 73.9679321,22.8288838 73.9665649,22.8277027 73.9645981,22.825991 73.9625148,22.8241718 73.9597016,22.8217336 73.9562887,22.8207798 73.9535132,22.8199965 73.9505629,22.8191533 73.9479827,22.8184458 73.9449023,22.8175804 73.9418063,22.8154627 73.9393304,22.8135377 73.9369147,22.8117097 73.9342805,22.8096804 73.9323993,22.8082369 73.9300522,22.8079715 73.9282978,22.8075388 73.9257827,22.806866 73.9228495,22.806089 73.9206977,22.8050403 73.9188405,22.8034452 73.9161129,22.8026586 73.9132723,22.8025765 73.9101233,22.802507 73.9068958,22.8030869 73.9038557,22.802862 73.9019881,22.8016225 73.9002457,22.8004661 73.8989368,22.800027 73.8966787,22.8017201 73.8943247,22.8034227 73.8918438,22.8039123 73.8888902,22.8033943 73.886776,22.8030373 73.8845179,22.801897 73.8819959,22.800643 73.8791759,22.7992341 73.8765374,22.7980085 73.8735563,22.7965965 73.8710926,22.7954561 73.869065,22.7953408 73.8657119,22.7951629 73.8637236,22.793818 73.8620845,22.7919882 73.8600121,22.792069 73.8570406,22.7921681 73.8542614,22.7922709 73.8516694,22.7923667 73.8495492,22.7922054 73.8467225,22.7911169 73.8440953,22.7911472 73.8413847,22.7911836 73.8384571,22.7911998 73.8373277,22.7925503 73.8371457,22.7951887 73.8373452,22.7962662 73.836672,22.7969132 73.8354702,22.7967615 73.8331347,22.7972164 73.8301105,22.7978108 73.8278211,22.7990521 73.8255403,22.8003136 73.823707,22.8028022 73.8212256,22.8026865 73.8185699,22.802551 73.8152453,22.8023873 73.8136883,22.8015059 73.8119822,22.8005415 73.8093572,22.8014068 73.8068571,22.8022235 73.8039975,22.8041764 73.8018747,22.8056259 73.7999931,22.8069156 73.7994426,22.8076737 73.7970172,22.8067357 73.7944316,22.8057391 73.7919601,22.8047889 73.7894557,22.8038448 73.7862545,22.8038984 73.7837984,22.8039389 73.7808817,22.8040096 73.7772824,22.80264 73.7737571,22.802183 73.7708104,22.801801 73.7676634,22.8014017 73.7647193,22.8016974 73.7618986,22.8019905 73.7586201,22.8011971 73.7554128,22.8004415 73.7531897,22.8000473 73.751205,22.7997112 73.7494808,22.7993877 73.7460158,22.7987104 73.7436721,22.7982884 73.741523,22.7988469 73.739075,22.7995065 73.7367559,22.7981974 73.7344559,22.7975503 73.7315914,22.7967444 73.7286983,22.7967196 73.7257279,22.7966564 73.7230141,22.7973281 73.7200042,22.798061 73.717496,22.7992159 73.7147493,22.800166 73.7127865,22.8013664 73.7104428,22.8027916 73.7102975,22.8053388 73.7101659,22.8076939 73.7084773,22.8098923 73.707093,22.8116863 73.7042147,22.8118784 73.7014803,22.8120166 73.7013516,22.8120243 73.6987329,22.8121816 73.6958928,22.8123522 73.6926931,22.8125509 73.6902252,22.8127031 73.6870331,22.8129 73.6839805,22.8127003 73.6821125,22.8102966 73.6810649,22.8089486 73.6791375,22.8062702 73.6766747,22.8031762 73.6742659,22.8001499 73.6727249,22.7985239 73.6703946,22.796065 73.6690523,22.7946844 73.6684648,22.7940229 73.6690795,22.791918 73.6687434,22.7875324 73.6690008,22.7835347 73.667835,22.7813125 73.6660761,22.7795921 73.6644271,22.777125 73.6624494,22.7747501 73.6597645,22.7713408 73.6578132,22.7692997 73.6565338,22.7675656 73.6544433,22.765326 73.651614,22.7646528 73.6491313,22.7641624 73.6458776,22.7632439 73.6422107,22.7622437 73.6388739,22.761339 73.6354361,22.7603615 73.6323431,22.7595006 73.6285384,22.7584201 73.6248446,22.757392 73.6219221,22.756591 73.6184676,22.758208 73.6159527,22.759527 73.6128719,22.760669</coordinates></LineString>
  </Placemark>
  <Placemark>
	<Style><LineStyle><color>ff0000ff</color></LineStyle><PolyStyle><fill>0</fill></PolyStyle></Style>
	<ExtendedData><SchemaData schemaUrl="#132000_voltage_line">
		<SimpleData name="full_id">w140460600</SimpleData>
		<SimpleData name="osm_id">140460600</SimpleData>
		<SimpleData name="osm_type">way</SimpleData>
		<SimpleData name="power">line</SimpleData>
		<SimpleData name="frequency">50</SimpleData>
		<SimpleData name="circuits">2</SimpleData>
		<SimpleData name="cables">4</SimpleData>
		<SimpleData name="voltage">132000</SimpleData>
	</SchemaData></ExtendedData>
      <LineString><coordinates>74.2310896,22.8295114 74.2303599,22.8299392 74.230172,22.8321425 74.2300298,22.8338536 74.2309904,22.8371226 74.2317604,22.8396769 74.232356,22.8417094 74.234092,22.8439002 74.2352376,22.8453516 74.2368045,22.8473346 74.2371721,22.8478093 74.2379368,22.8487019 74.23811,22.848948</coordinates></LineString>
  </Placemark>
  <Placemark>
	<Style><LineStyle><color>ff0000ff</color></LineStyle><PolyStyle><fill>0</fill></PolyStyle></Style>
	<ExtendedData><SchemaData schemaUrl="#132000_voltage_line">
		<SimpleData name="full_id">w223708961</SimpleData>
		<SimpleData name="osm_id">223708961</SimpleData>
		<SimpleData name="osm_type">way</SimpleData>
		<SimpleData name="power">line</SimpleData>
		<SimpleData name="frequency">50</SimpleData>
		<SimpleData name="circuits">2</SimpleData>
		<SimpleData name="cables">6</SimpleData>
		<SimpleData name="voltage">132000</SimpleData>
	</SchemaData></ExtendedData>
      <LineString><coordinates>70.3692497,21.4857191 70.3697955,21.4868655 70.3698701,21.4897818 70.3720358,21.4920306 70.3739318,21.4940039 70.3760301,21.4961794 70.377971,21.4982572 70.3802304,21.5005163 70.3823624,21.5027091 70.3830365,21.5054026 70.3838578,21.5084395 70.3845585,21.5111725 70.3852935,21.5140677 70.3860092,21.5168872 70.3847557,21.5195133 70.3852144,21.5221288 70.3857033,21.5250293 70.386142,21.5275596 70.3865271,21.5299159 70.3868007,21.5315389 70.3883509,21.5343406 70.3898258,21.5370061 70.3913942,21.5398624 70.3929299,21.542659 70.3944128,21.54531 70.3960843,21.5483411 70.3977216,21.5512877 70.3999524,21.5538833 70.4016413,21.5558893 70.4037218,21.5583447 70.4055104,21.5604276 70.4073456,21.5626042 70.4088167,21.5643462 70.4104605,21.5662878 70.4122325,21.5683351 70.4131144,21.5700712 70.4145182,21.5727584 70.4157978,21.5752539 70.416959,21.5774978 70.4192895,21.5800192 70.4212479,21.5821615 70.4236112,21.5847188 70.4253375,21.5866202 70.4269299,21.588361 70.4290609,21.5906636 70.4301711,21.5918454 70.432339,21.5940908 70.4345951,21.5964542 70.4365446,21.598516 70.4386668,21.6007382 70.4408663,21.6030046 70.4429706,21.6052489 70.4459414,21.6062889 70.4485123,21.607189 70.4514251,21.6082025 70.4540517,21.6091652 70.4565646,21.610261 70.4595889,21.6115532</coordinates></LineString>
  </Placemark>
  <Placemark>
	<Style><LineStyle><color>ff0000ff</color></LineStyle><PolyStyle><fill>0</fill></PolyStyle></Style>
	<ExtendedData><SchemaData schemaUrl="#132000_voltage_line">
		<SimpleData name="full_id">w1355024464</SimpleData>
		<SimpleData name="osm_id">1355024464</SimpleData>
		<SimpleData name="osm_type">way</SimpleData>
		<SimpleData name="power">line</SimpleData>
		<SimpleData name="cables">3</SimpleData>
		<SimpleData name="voltage">132000</SimpleData>
	</SchemaData></ExtendedData>
      <LineString><coordinates>72.5875028,22.9506971 72.5876268,22.9505043</coordinates></LineString>
  </Placemark>
  <Placemark>
	<Style><LineStyle><color>ff0000ff</color></LineStyle><PolyStyle><fill>0</fill></PolyStyle></Style>
	<ExtendedData><SchemaData schemaUrl="#132000_voltage_line">
		<SimpleData name="full_id">w477911138</SimpleData>
		<SimpleData name="osm_id">477911138</SimpleData>
		<SimpleData name="osm_type">way</SimpleData>
		<SimpleData name="power">line</SimpleData>
		<SimpleData name="frequency">50</SimpleData>
		<SimpleData name="circuits">1</SimpleData>
		<SimpleData name="cables">3</SimpleData>
		<SimpleData name="voltage">132000</SimpleData>
	</SchemaData></ExtendedData>
      <LineString><coordinates>70.6211112,20.9205515 70.620349,20.9194636</coordinates></LineString>
  </Placemark>
  <Placemark>
	<Style><LineStyle><color>ff0000ff</color></LineStyle><PolyStyle><fill>0</fill></PolyStyle></Style>
	<ExtendedData><SchemaData schemaUrl="#132000_voltage_line">
		<SimpleData name="full_id">w1468974188</SimpleData>
		<SimpleData name="osm_id">1468974188</SimpleData>
		<SimpleData name="osm_type">way</SimpleData>
		<SimpleData name="power">line</SimpleData>
		<SimpleData name="cables">6</SimpleData>
		<SimpleData name="voltage">132000</SimpleData>
	</SchemaData></ExtendedData>
      <LineString><coordinates>73.0293707,21.7545195 73.0294116,21.7538857</coordinates></LineString>
  </Placemark>
  <Placemark>
	<Style><LineStyle><color>ff0000ff</color></LineStyle><PolyStyle><fill>0</fill></PolyStyle></Style>
	<ExtendedData><SchemaData schemaUrl="#132000_voltage_line">
		<SimpleData name="full_id">w1355024465</SimpleData>
		<SimpleData name="osm_id">1355024465</SimpleData>
		<SimpleData name="osm_type">way</SimpleData>
		<SimpleData name="power">line</SimpleData>
		<SimpleData name="cables">3</SimpleData>
		<SimpleData name="voltage">132000</SimpleData>
	</SchemaData></ExtendedData>
      <LineString><coordinates>72.5871694,22.9505188 72.5872949,22.9503254</coordinates></LineString>
  </Placemark>
  <Placemark>
	<Style><LineStyle><color>ff0000ff</color></LineStyle><PolyStyle><fill>0</fill></PolyStyle></Style>
	<ExtendedData><SchemaData schemaUrl="#132000_voltage_line">
		<SimpleData name="full_id">w1355024466</SimpleData>
		<SimpleData name="osm_id">1355024466</SimpleData>
		<SimpleData name="osm_type">way</SimpleData>
		<SimpleData name="power">line</SimpleData>
		<SimpleData name="cables">3</SimpleData>
		<SimpleData name="voltage">132000</SimpleData>
	</SchemaData></ExtendedData>
      <LineString><coordinates>72.5870967,22.9502186 72.586971,22.9504232</coordinates></LineString>
  </Placemark>
  <Placemark>
	<Style><LineStyle><color>ff0000ff</color></LineStyle><PolyStyle><fill>0</fill></PolyStyle></Style>
	<ExtendedData><SchemaData schemaUrl="#132000_voltage_line">
		<SimpleData name="full_id">w440206063</SimpleData>
		<SimpleData name="osm_id">440206063</SimpleData>
		<SimpleData name="osm_type">way</SimpleData>
		<SimpleData name="power">line</SimpleData>
		<SimpleData name="frequency">50</SimpleData>
		<SimpleData name="circuits">1</SimpleData>
		<SimpleData name="cables">3</SimpleData>
		<SimpleData name="voltage">132000</SimpleData>
	</SchemaData></ExtendedData>
      <LineString><coordinates>70.7069906,22.3601297 70.7073031,22.3600875 70.7081453,22.3597886</coordinates></LineString>
  </Placemark>
  <Placemark>
	<Style><LineStyle><color>ff0000ff</color></LineStyle><PolyStyle><fill>0</fill></PolyStyle></Style>
	<ExtendedData><SchemaData schemaUrl="#132000_voltage_line">
		<SimpleData name="full_id">w1355024287</SimpleData>
		<SimpleData name="osm_id">1355024287</SimpleData>
		<SimpleData name="osm_type">way</SimpleData>
		<SimpleData name="power">line</SimpleData>
		<SimpleData name="cables">3</SimpleData>
		<SimpleData name="voltage">132000</SimpleData>
	</SchemaData></ExtendedData>
      <LineString><coordinates>72.5870456,22.950191 72.5870967,22.9502186 72.5872949,22.9503254 72.5875081,22.9504404 72.5875783,22.9504782 72.5876268,22.9505043 72.5877321,22.950561 72.5878912,22.9506468 72.5880675,22.9507418</coordinates></LineString>
  </Placemark>
  <Placemark>
	<Style><LineStyle><color>ff0000ff</color></LineStyle><PolyStyle><fill>0</fill></PolyStyle></Style>
	<ExtendedData><SchemaData schemaUrl="#132000_voltage_line">
		<SimpleData name="full_id">w1378900566</SimpleData>
		<SimpleData name="osm_id">1378900566</SimpleData>
		<SimpleData name="osm_type">way</SimpleData>
		<SimpleData name="power">line</SimpleData>
		<SimpleData name="cables">3</SimpleData>
		<SimpleData name="voltage">132000</SimpleData>
	</SchemaData></ExtendedData>
      <LineString><coordinates>71.2465749,21.890224 71.2466158,21.8897901</coordinates></LineString>
  </Placemark>
  <Placemark>
	<Style><LineStyle><color>ff0000ff</color></LineStyle><PolyStyle><fill>0</fill></PolyStyle></Style>
	<ExtendedData><SchemaData schemaUrl="#132000_voltage_line">
		<SimpleData name="full_id">w1378900567</SimpleData>
		<SimpleData name="osm_id">1378900567</SimpleData>
		<SimpleData name="osm_type">way</SimpleData>
		<SimpleData name="power">line</SimpleData>
		<SimpleData name="cables">3</SimpleData>
		<SimpleData name="voltage">132000</SimpleData>
	</SchemaData></ExtendedData>
      <LineString><coordinates>71.2464722,21.88978 71.2464313,21.8902074</coordinates></LineString>
  </Placemark>
  <Placemark>
	<Style><LineStyle><color>ff0000ff</color></LineStyle><PolyStyle><fill>0</fill></PolyStyle></Style>
	<ExtendedData><SchemaData schemaUrl="#132000_voltage_line">
		<SimpleData name="full_id">w1157714514</SimpleData>
		<SimpleData name="osm_id">1157714514</SimpleData>
		<SimpleData name="osm_type">way</SimpleData>
		<SimpleData name="power">line</SimpleData>
		<SimpleData name="frequency">50</SimpleData>
		<SimpleData name="circuits">1</SimpleData>
		<SimpleData name="cables">3</SimpleData>
		<SimpleData name="voltage">132000</SimpleData>
	</SchemaData></ExtendedData>
      <LineString><coordinates>70.9098145,22.7734537 70.9091247,22.7743448 70.9083108,22.7759553 70.9072423,22.7780289 70.9061042,22.7803063 70.904957,22.7825249 70.9037752,22.7848491 70.9025858,22.7871881 70.9014626,22.7894175 70.9006103,22.7910979 70.8990291,22.7931735 70.8977647,22.7944191 70.8972118,22.7955523</coordinates></LineString>
  </Placemark>
  <Placemark>
	<Style><LineStyle><color>ff0000ff</color></LineStyle><PolyStyle><fill>0</fill></PolyStyle></Style>
	<ExtendedData><SchemaData schemaUrl="#132000_voltage_line">
		<SimpleData name="full_id">w1416539943</SimpleData>
		<SimpleData name="osm_id">1416539943</SimpleData>
		<SimpleData name="osm_type">way</SimpleData>
		<SimpleData name="power">line</SimpleData>
		<SimpleData name="frequency">50</SimpleData>
		<SimpleData name="circuits">2</SimpleData>
		<SimpleData name="cables">6</SimpleData>
		<SimpleData name="voltage">132000</SimpleData>
	</SchemaData></ExtendedData>
      <LineString><coordinates>72.6214206,23.1933712 72.6205382,23.1959081 72.6223822,23.1965109 72.6236269,23.1968325 72.6233629,23.1991084 72.6234722,23.2009595 72.6237166,23.202207 72.6239225,23.2035093 72.6228046,23.2040161 72.6205606,23.2051932 72.6182128,23.2064363 72.6174186,23.208147 72.6187461,23.2102421 72.6200805,23.2123666 72.6213028,23.2143517 72.6219826,23.2154757 72.6226784,23.2165816 72.6241389,23.2189238 72.6254497,23.2209895 72.6267501,23.2230858 72.6281696,23.2253703 72.6294083,23.2273627 72.6303108,23.2293272</coordinates></LineString>
  </Placemark>
  <Placemark>
	<Style><LineStyle><color>ff0000ff</color></LineStyle><PolyStyle><fill>0</fill></PolyStyle></Style>
	<ExtendedData><SchemaData schemaUrl="#132000_voltage_line">
		<SimpleData name="full_id">w1351288683</SimpleData>
		<SimpleData name="osm_id">1351288683</SimpleData>
		<SimpleData name="osm_type">way</SimpleData>
		<SimpleData name="power">line</SimpleData>
		<SimpleData name="cables">6</SimpleData>
		<SimpleData name="voltage">132000</SimpleData>
	</SchemaData></ExtendedData>
      <LineString><coordinates>73.2595331,22.3671755 73.2596247,22.3672143 73.259766,22.3672742 73.2598475,22.3673087 73.2600154,22.3673799 73.2600876,22.3674105 73.260264,22.3674853 73.2604064,22.3675456 73.260494,22.3675827 73.2605481,22.3676057 73.2607068,22.3676729 73.2608206,22.3677211</coordinates></LineString>
  </Placemark>
  <Placemark>
	<Style><LineStyle><color>ff0000ff</color></LineStyle><PolyStyle><fill>0</fill></PolyStyle></Style>
	<ExtendedData><SchemaData schemaUrl="#132000_voltage_line">
		<SimpleData name="full_id">w1416539945</SimpleData>
		<SimpleData name="osm_id">1416539945</SimpleData>
		<SimpleData name="osm_type">way</SimpleData>
		<SimpleData name="power">line</SimpleData>
		<SimpleData name="frequency">50</SimpleData>
		<SimpleData name="circuits">1</SimpleData>
		<SimpleData name="cables">3</SimpleData>
		<SimpleData name="voltage">132000</SimpleData>
	</SchemaData></ExtendedData>
      <LineString><coordinates>72.6093829,23.1146662 72.610144,23.1149764 72.6132382,23.1162416 72.6157646,23.1172817 72.6185878,23.1169393 72.6208945,23.1166995 72.6236624,23.1163697 72.6268978,23.116016 72.629548,23.115711 72.6326158,23.1153528 72.6356601,23.1149993 72.6391706,23.1145701 72.6429176,23.114189 72.64575,23.1143626 72.6520071,23.1146152 72.6549168,23.1147494 72.657835,23.1148678 72.660573,23.1138416 72.6634054,23.1128391 72.6659803,23.1118997 72.6689672,23.1108655 72.6710744,23.110045</coordinates></LineString>
  </Placemark>
  <Placemark>
	<Style><LineStyle><color>ff0000ff</color></LineStyle><PolyStyle><fill>0</fill></PolyStyle></Style>
	<ExtendedData><SchemaData schemaUrl="#132000_voltage_line">
		<SimpleData name="full_id">w1378900563</SimpleData>
		<SimpleData name="osm_id">1378900563</SimpleData>
		<SimpleData name="osm_type">way</SimpleData>
		<SimpleData name="power">line</SimpleData>
		<SimpleData name="cables">6</SimpleData>
		<SimpleData name="voltage">132000</SimpleData>
	</SchemaData></ExtendedData>
      <LineString><coordinates>71.2459786,21.8897452 71.2461784,21.8897593 71.2464722,21.88978 71.2466158,21.8897901 71.2468041,21.8898034 71.2468959,21.8898099</coordinates></LineString>
  </Placemark>
  <Placemark>
	<Style><LineStyle><color>ff0000ff</color></LineStyle><PolyStyle><fill>0</fill></PolyStyle></Style>
	<ExtendedData><SchemaData schemaUrl="#132000_voltage_line">
		<SimpleData name="full_id">w1157714519</SimpleData>
		<SimpleData name="osm_id">1157714519</SimpleData>
		<SimpleData name="osm_type">way</SimpleData>
		<SimpleData name="power">line</SimpleData>
		<SimpleData name="frequency">50</SimpleData>
		<SimpleData name="circuits">2</SimpleData>
		<SimpleData name="cables">6</SimpleData>
		<SimpleData name="voltage">132000</SimpleData>
	</SchemaData></ExtendedData>
      <LineString><coordinates>70.9431745,22.7520027 70.9433462,22.7524034 70.9429546,22.7534039 70.9418924,22.7536018 70.9407337,22.7541917 70.9394342,22.7551403 70.936351,22.7562707 70.9331363,22.7574666 70.929966,22.7586093 70.9271148,22.7600908 70.9242931,22.7615105 70.9220535,22.7628931 70.9212944,22.7649731 70.9202108,22.7678742 70.9191674,22.7705478 70.9180945,22.7734809 70.9172818,22.7737406 70.9152836,22.7735947 70.9132853,22.773429 70.9106299,22.7736144 70.9098145,22.7734537</coordinates></LineString>
  </Placemark>
  <Placemark>
	<Style><LineStyle><color>ff0000ff</color></LineStyle><PolyStyle><fill>0</fill></PolyStyle></Style>
	<ExtendedData><SchemaData schemaUrl="#132000_voltage_line">
		<SimpleData name="full_id">w698045802</SimpleData>
		<SimpleData name="osm_id">698045802</SimpleData>
		<SimpleData name="osm_type">way</SimpleData>
		<SimpleData name="power">line</SimpleData>
		<SimpleData name="cables">6</SimpleData>
		<SimpleData name="voltage">132000</SimpleData>
	</SchemaData></ExtendedData>
      <LineString><coordinates>72.8350118,22.4066563 72.8359823,22.4089403 72.8367168,22.4107559 72.8375605,22.412944</coordinates></LineString>
  </Placemark>
  <Placemark>
	<Style><LineStyle><color>ff0000ff</color></LineStyle><PolyStyle><fill>0</fill></PolyStyle></Style>
	<ExtendedData><SchemaData schemaUrl="#132000_voltage_line">
		<SimpleData name="full_id">w28880083</SimpleData>
		<SimpleData name="osm_id">28880083</SimpleData>
		<SimpleData name="osm_type">way</SimpleData>
		<SimpleData name="power">line</SimpleData>
		<SimpleData name="cables">6</SimpleData>
		<SimpleData name="voltage">132000</SimpleData>
	</SchemaData></ExtendedData>
      <LineString><coordinates>73.1244067,22.3889617 73.1253766,22.3893426 73.1268872,22.3899378 73.1294535,22.391152 73.1309985,22.3918345 73.1322344,22.3934217 73.1329812,22.3953342 73.1336678,22.397818 73.1327151,22.3994131 73.1320542,22.4005082 73.1311015,22.4021587 73.1303977,22.4032617 73.1297797,22.4042933 73.128827,22.4058089 73.1266898,22.4063406 73.1241749,22.4069754 73.1220549,22.4074674 73.1200207,22.4079593 73.117729,22.4085148 73.115712,22.4093003 73.1134633,22.4101732 73.1113784,22.411095 73.109871,22.4116605 73.1078216,22.4115861 73.1057753,22.4115045 73.1043603,22.4114626 73.1038331,22.4107842 73.1028104,22.4063447 73.1021437,22.4027181 73.1021664,22.3994022 73.1028537,22.3965487 73.1025819,22.3957031 73.102743,22.3946517</coordinates></LineString>
  </Placemark>
  <Placemark>
	<Style><LineStyle><color>ff0000ff</color></LineStyle><PolyStyle><fill>0</fill></PolyStyle></Style>
	<ExtendedData><SchemaData schemaUrl="#132000_voltage_line">
		<SimpleData name="full_id">w698045803</SimpleData>
		<SimpleData name="osm_id">698045803</SimpleData>
		<SimpleData name="osm_type">way</SimpleData>
		<SimpleData name="power">line</SimpleData>
		<SimpleData name="cables">3</SimpleData>
		<SimpleData name="voltage">132000</SimpleData>
	</SchemaData></ExtendedData>
      <LineString><coordinates>72.8375605,22.412944 72.8385975,22.4155545 72.8394714,22.4177504 72.8403276,22.4199273 72.8412017,22.4221485 72.8420509,22.4243427 72.8429341,22.4265433 72.8438099,22.4287252 72.8446876,22.4309662 72.8455581,22.4331573 72.8464106,22.4353617 72.8472271,22.4374031 72.8480437,22.439531 72.8488746,22.4416189 72.8497307,22.44375 72.8505832,22.4458844 72.8514178,22.4480387 72.8522651,22.4501566 72.8531554,22.4523616 72.8540122,22.4545447 72.8549371,22.4568957 72.8557474,22.4589551 72.8566201,22.4611434 72.8574474,22.4632642 72.8583251,22.4654349 72.859192,22.4676687 72.8600517,22.4697994 72.8608536,22.4718656 72.8617172,22.4740906 72.8625746,22.4762261 72.863335,22.4781221 72.8637767,22.4805312 72.8641742,22.4828368 72.8645878,22.4852199 72.8649763,22.487563 72.8654331,22.4897532 72.8650293,22.4916583 72.8663387,22.4935992 72.867648,22.4956099 72.8689862,22.4976238 72.8702595,22.4995248 72.8715941,22.5015686 72.8728638,22.5034661 72.8741768,22.5054667 72.875549,22.5075453 72.8767616,22.5089814 72.8794491,22.509762 72.8807232,22.5101807 72.8814232,22.5113106 72.8810048,22.513283 72.880685,22.5143785 72.8811552,22.5149905 72.8826264,22.516971 72.8840796,22.5188683 72.8856192,22.5209119 72.8858098,22.5228125 72.8860368,22.5252266 72.8862594,22.5276073 72.8864537,22.5296089 72.8866785,22.5318021 72.8868945,22.5341222 72.8885443,22.5350313 72.8899585,22.5344064</coordinates></LineString>
  </Placemark>
  <Placemark>
	<Style><LineStyle><color>ff0000ff</color></LineStyle><PolyStyle><fill>0</fill></PolyStyle></Style>
	<ExtendedData><SchemaData schemaUrl="#132000_voltage_line">
		<SimpleData name="full_id">w28880186</SimpleData>
		<SimpleData name="osm_id">28880186</SimpleData>
		<SimpleData name="osm_type">way</SimpleData>
		<SimpleData name="power">line</SimpleData>
		<SimpleData name="cables">6</SimpleData>
		<SimpleData name="voltage">132000</SimpleData>
	</SchemaData></ExtendedData>
      <LineString><coordinates>73.1246127,22.3886125 73.1257542,22.3891204 73.1273163,22.3895648 73.1309126,22.38966 73.1339081,22.3899061 73.1357792,22.3915567 73.1379164,22.3933026 73.1397103,22.3948422 73.1405257,22.3954453 73.1432379,22.3952548 73.1463364,22.3950802 73.1497868,22.3949612 73.1531085,22.3946438 73.1540612,22.3931757 73.1557263,22.3907949 73.1572369,22.3884538 73.1582068,22.3858348 73.1591509,22.3832952 73.1600092,22.3809063 73.1611594,22.3779698 73.1621636,22.375311 73.1630906,22.3728664 73.1640804,22.3702809 73.1631463,22.3690052 73.1599406,22.3687629 73.158224,22.3709615</coordinates></LineString>
  </Placemark>
  <Placemark>
	<Style><LineStyle><color>ff0000ff</color></LineStyle><PolyStyle><fill>0</fill></PolyStyle></Style>
	<ExtendedData><SchemaData schemaUrl="#132000_voltage_line">
		<SimpleData name="full_id">w698045804</SimpleData>
		<SimpleData name="osm_id">698045804</SimpleData>
		<SimpleData name="osm_type">way</SimpleData>
		<SimpleData name="power">line</SimpleData>
		<SimpleData name="cables">3</SimpleData>
		<SimpleData name="voltage">132000</SimpleData>
	</SchemaData></ExtendedData>
      <LineString><coordinates>72.8375605,22.412944 72.8388485,22.414557 72.84042,22.4148738 72.8411371,22.4163534 72.8420737,22.4183395 72.8430327,22.4202583 72.8441082,22.4225128 72.8451118,22.4246209 72.8461082,22.4266791 72.8470866,22.4286841 72.8481765,22.4309318 72.8491981,22.4331163 72.850204,22.4352034 72.8511226,22.4371094 72.8519319,22.4400552 72.8525074,22.4421464 72.8531477,22.4445468 72.853788,22.4468607 72.8544571,22.4492211 72.8550218,22.4512557 72.8556468,22.4534509 72.8562664,22.4556273 72.8569399,22.4579779 72.8575002,22.4599921 72.8580982,22.4621209 72.8586973,22.4642539 72.8593024,22.4664078 72.8605856,22.4688117 72.8618168,22.471118 72.8630282,22.4734154 72.8643078,22.4758112 72.8648574,22.4773728 72.8656644,22.4796657 72.8666022,22.4820956 72.8674134,22.4841965 72.8681658,22.4861453 72.8690901,22.4885388 72.8699202,22.4906899 72.8706864,22.4926906 72.8696235,22.4942568 72.8706188,22.4961596 72.87168,22.4983364 72.873108,22.5001243 72.87459,22.5019588 72.8760361,22.5036702 72.877554,22.5055378 72.8790386,22.5073785 72.8807503,22.5094841 72.8818812,22.5108903 72.8828376,22.5120796 72.8835685,22.5129884 72.884585,22.5150116 72.8857303,22.5172912 72.8867959,22.5194201 72.8877391,22.5212553 72.8875557,22.5235252 72.8874052,22.5255592 72.8872284,22.5278774 72.8872109,22.532429 72.8879027,22.534229 72.8890384,22.5345246 72.8898522,22.5341209</coordinates></LineString>
  </Placemark>
  <Placemark>
	<Style><LineStyle><color>ff0000ff</color></LineStyle><PolyStyle><fill>0</fill></PolyStyle></Style>
	<ExtendedData><SchemaData schemaUrl="#132000_voltage_line">
		<SimpleData name="full_id">w1161539768</SimpleData>
		<SimpleData name="osm_id">1161539768</SimpleData>
		<SimpleData name="osm_type">way</SimpleData>
		<SimpleData name="power">line</SimpleData>
		<SimpleData name="frequency">50</SimpleData>
		<SimpleData name="circuits">2</SimpleData>
		<SimpleData name="cables">6</SimpleData>
		<SimpleData name="voltage">132000</SimpleData>
	</SchemaData></ExtendedData>
      <LineString><coordinates>70.4996002,23.2957621 70.4989539,23.2961454 70.4985219,23.296601 70.4965746,23.2976664 70.4961324,23.3002833 70.4956111,23.3032777 70.4950485,23.3039299 70.4941367,23.3040857</coordinates></LineString>
  </Placemark>
  <Placemark>
	<Style><LineStyle><color>ff0000ff</color></LineStyle><PolyStyle><fill>0</fill></PolyStyle></Style>
	<ExtendedData><SchemaData schemaUrl="#132000_voltage_line">
		<SimpleData name="full_id">w1351288689</SimpleData>
		<SimpleData name="osm_id">1351288689</SimpleData>
		<SimpleData name="osm_type">way</SimpleData>
		<SimpleData name="power">line</SimpleData>
		<SimpleData name="cables">3</SimpleData>
		<SimpleData name="voltage">132000</SimpleData>
	</SchemaData></ExtendedData>
      <LineString><coordinates>73.2604064,22.3675456 73.2605577,22.3672449</coordinates></LineString>
  </Placemark>
  <Placemark>
	<Style><LineStyle><color>ff0000ff</color></LineStyle><PolyStyle><fill>0</fill></PolyStyle></Style>
	<ExtendedData><SchemaData schemaUrl="#132000_voltage_line">
		<SimpleData name="full_id">w28881515</SimpleData>
		<SimpleData name="osm_id">28881515</SimpleData>
		<SimpleData name="osm_type">way</SimpleData>
		<SimpleData name="power">line</SimpleData>
		<SimpleData name="cables">6</SimpleData>
		<SimpleData name="voltage">132000</SimpleData>
	</SchemaData></ExtendedData>
      <LineString><coordinates>73.1025542,22.3945406 73.1020389,22.3970937 73.1013749,22.4003831 73.1019018,22.4030593 73.1025788,22.4064874 73.1035242,22.4109251 73.1040718,22.411578 73.1069973,22.4129335 73.1099146,22.4142851 73.1129975,22.4157346 73.1159334,22.4170822 73.1186977,22.4183543 73.1215356,22.4196679 73.1259986,22.4203548 73.1292647,22.4174969 73.1341141,22.4132995 73.1366547,22.4110619 73.1391009,22.4089988 73.1414784,22.4068564 73.1440447,22.4046504 73.1466282,22.4023809 73.1492203,22.4001273 73.1515206,22.3981513 73.1520527,22.397453 73.1528424,22.3963817 73.1560696,22.3958976 73.1590823,22.3954135 73.1625155,22.3949136 73.1659487,22.3944454 73.1691845,22.3939058 73.1725749,22.3932709 73.1760167,22.3927471 73.1789349,22.3923027 73.1822222,22.3917789 73.1832951,22.3913425 73.186591,22.3905806 73.1898526,22.389795 73.1930369,22.3890172 73.1957749,22.3883585 73.1995429,22.3874856 73.2027958,22.3867554 73.2061261,22.3859539 73.2093018,22.3852396 73.2125634,22.3844857 73.2159022,22.3837 73.2191895,22.3829143 73.222494,22.3821762 73.2258156,22.3813984 73.2290921,22.3806186 73.2312464,22.3798647 73.2342076,22.3788329 73.2372288,22.3778011 73.2403702,22.3766503 73.2435116,22.3756185 73.2465586,22.3745074 73.2495112,22.3734756 73.2526955,22.3723644 73.2557653,22.3713677 73.2580067,22.3705688 73.2584536,22.3702853 73.2595472,22.3678374 73.2598475,22.3673087</coordinates></LineString>
  </Placemark>
  <Placemark>
	<Style><LineStyle><color>ff0000ff</color></LineStyle><PolyStyle><fill>0</fill></PolyStyle></Style>
	<ExtendedData><SchemaData schemaUrl="#132000_voltage_line">
		<SimpleData name="full_id">w1355025919</SimpleData>
		<SimpleData name="osm_id">1355025919</SimpleData>
		<SimpleData name="osm_type">way</SimpleData>
		<SimpleData name="power">line</SimpleData>
		<SimpleData name="cables">3</SimpleData>
		<SimpleData name="voltage">132000</SimpleData>
	</SchemaData></ExtendedData>
      <LineString><coordinates>72.6737982,23.1093462 72.6741488,23.1092093</coordinates></LineString>
  </Placemark>
  <Placemark>
	<Style><LineStyle><color>ff0000ff</color></LineStyle><PolyStyle><fill>0</fill></PolyStyle></Style>
	<ExtendedData><SchemaData schemaUrl="#132000_voltage_line">
		<SimpleData name="full_id">w140460917</SimpleData>
		<SimpleData name="osm_id">140460917</SimpleData>
		<SimpleData name="osm_type">way</SimpleData>
		<SimpleData name="power">line</SimpleData>
		<SimpleData name="cables">6</SimpleData>
		<SimpleData name="voltage">132000</SimpleData>
	</SchemaData></ExtendedData>
      <LineString><coordinates>72.8991392,22.1195304 72.8994289,22.1193091 72.9012338,22.1175313 72.9025943,22.1158508 72.9041019,22.1140173 72.9057334,22.112005 72.9062327,22.1114172 72.9075016,22.1096609 72.9092171,22.1073376 72.9107863,22.1051951 72.9125695,22.1027326 72.914454,22.1000474 72.9161959,22.0975709 72.9177808,22.095246 72.9195167,22.0927889 72.9214568,22.0899978 72.9238773,22.0877827 72.9259616,22.0858988 72.9281569,22.083909 72.9303132,22.0819443 72.9325777,22.079871 72.9348691,22.0778032 72.9370585,22.0758106 72.9392658,22.0738123 72.9414251,22.0718196 72.9437136,22.0697323 72.9467913,22.0684472 72.9498442,22.0671801 72.9528668,22.0659256 72.955822,22.0646954 72.9586631,22.0635069 72.961426,22.0623714 72.9645073,22.0610938 72.9675436,22.0598357 72.9700422,22.0602699 72.973514,22.0608851 72.9764661,22.0613916 72.9793973,22.0619316 72.981971,22.0623853 72.9849823,22.0629054 72.9880584,22.0634589 72.9906096,22.0639179 72.9932337,22.0643736 72.995655,22.066061 72.9984105,22.0679814 73.0012147,22.0699226 73.0038974,22.0717993 73.0064989,22.0735979 73.0091493,22.0754451 73.0117921,22.0772889 73.014938,22.0774941 73.0180914,22.0776994 73.0211922,22.0778838 73.024552,22.0781029 73.0275102,22.0783012 73.0304796,22.0784751 73.0337869,22.0786908 73.0368802,22.0788787 73.0399548,22.0790909 73.0428641,22.0783499 73.0456459,22.0776194 73.048559,22.076861 73.0513467,22.0761339 73.054434,22.0753046 73.0573051,22.0745615 73.0600367,22.073868 73.0622928,22.0732662 73.065221,22.073214 73.0684982,22.0732453 73.071051,22.073294 73.0731044,22.0733288 73.0771325,22.0728814 73.0806703,22.0732878 73.0842201,22.073708 73.0874956,22.0740736 73.0904362,22.0728398 73.0934282,22.0715769 73.0966154,22.0702306 73.0997864,22.0688581 73.1026272,22.0675834 73.1058691,22.0675105 73.1091034,22.0674445 73.1124277,22.0673681 73.1156654,22.0672991 73.1188844,22.0672305 73.1221263,22.0671402 73.1257392,22.0670533 73.1267698,22.066713 73.1300604,22.0656362 73.1329087,22.0646915 73.1357158,22.0637745 73.1369232,22.0621332 73.1373554,22.0608651 73.1371085,22.0578684 73.1373073,22.0567558 73.1367226,22.0535447 73.1362062,22.0507397 73.1350005,22.0493863</coordinates></LineString>
  </Placemark>
  <Placemark>
	<Style><LineStyle><color>ff0000ff</color></LineStyle><PolyStyle><fill>0</fill></PolyStyle></Style>
	<ExtendedData><SchemaData schemaUrl="#132000_voltage_line">
		<SimpleData name="full_id">w1469804920</SimpleData>
		<SimpleData name="osm_id">1469804920</SimpleData>
		<SimpleData name="osm_type">way</SimpleData>
		<SimpleData name="power">line</SimpleData>
		<SimpleData name="frequency">50</SimpleData>
		<SimpleData name="circuits">2</SimpleData>
		<SimpleData name="cables">6</SimpleData>
		<SimpleData name="voltage">132000</SimpleData>
	</SchemaData></ExtendedData>
      <LineString><coordinates>74.0332027,22.0923528 74.034179,22.0914631 74.0347034,22.0906541 74.0352774,22.0902826 74.0378067,22.0902502 74.0393275,22.0901583 74.0412774,22.0903223 74.0430544,22.0909424 74.0447724,22.0914755 74.04516,22.0923925 74.0448193,22.0924423</coordinates></LineString>
  </Placemark>
  <Placemark>
	<Style><LineStyle><color>ff0000ff</color></LineStyle><PolyStyle><fill>0</fill></PolyStyle></Style>
	<ExtendedData><SchemaData schemaUrl="#132000_voltage_line">
		<SimpleData name="full_id">w28866015</SimpleData>
		<SimpleData name="osm_id">28866015</SimpleData>
		<SimpleData name="osm_type">way</SimpleData>
		<SimpleData name="power">line</SimpleData>
		<SimpleData name="cables">6</SimpleData>
		<SimpleData name="voltage">132000</SimpleData>
	</SchemaData></ExtendedData>
      <LineString><coordinates>73.2600154,22.3673799 73.2597565,22.3679225 73.2587416,22.3705222 73.2558291,22.3715148 73.2528071,22.3725072 73.2495541,22.373666 73.2473311,22.3760074 73.245151,22.3783091 73.245254,22.3788646 73.2434687,22.3818567 73.2420268,22.3842932 73.2414088,22.3867138 73.2406614,22.3898321 73.2399405,22.3930065 73.2393225,22.3955222 73.2386273,22.3985139 73.2378204,22.4016484 73.2370909,22.4048542 73.2382153,22.4059493 73.2368849,22.4088217 73.2354429,22.4117656 73.2340954,22.4145507 73.2327822,22.4174071 73.2313917,22.4203507 73.2299412,22.4232943 73.2285336,22.426095 73.2270573,22.4290702 73.226465,22.4297367 73.2244566,22.431014 73.2213163,22.4321561 73.218514,22.4330994 73.2157774,22.4340162 73.2157837,22.434197 73.2159285,22.4346238 73.2158761,22.4349064 73.2141883,22.4354524 73.2122523,22.4360747</coordinates></LineString>
  </Placemark>
  <Placemark>
	<Style><LineStyle><color>ff0000ff</color></LineStyle><PolyStyle><fill>0</fill></PolyStyle></Style>
	<ExtendedData><SchemaData schemaUrl="#132000_voltage_line">
		<SimpleData name="full_id">w28866097</SimpleData>
		<SimpleData name="osm_id">28866097</SimpleData>
		<SimpleData name="osm_type">way</SimpleData>
		<SimpleData name="power">line</SimpleData>
		<SimpleData name="voltage">132000</SimpleData>
	</SchemaData></ExtendedData>
      <LineString><coordinates>73.2540736,22.3777791 73.2541487,22.3770686 73.2552828,22.3754994 73.2563827,22.3739709 73.2577509,22.3721263 73.2590061,22.3705234 73.2599889,22.3680039 73.260264,22.3674853</coordinates></LineString>
  </Placemark>
  <Placemark>
	<Style><LineStyle><color>ff0000ff</color></LineStyle><PolyStyle><fill>0</fill></PolyStyle></Style>
	<ExtendedData><SchemaData schemaUrl="#132000_voltage_line">
		<SimpleData name="full_id">w28878138</SimpleData>
		<SimpleData name="osm_id">28878138</SimpleData>
		<SimpleData name="osm_type">way</SimpleData>
		<SimpleData name="power">line</SimpleData>
		<SimpleData name="cables">6</SimpleData>
		<SimpleData name="voltage">132000</SimpleData>
	</SchemaData></ExtendedData>
      <LineString><coordinates>73.2540736,22.3777791 73.2542234,22.3796209 73.2560202,22.3816696 73.2572765,22.3836604 73.2585076,22.3855845 73.2597656,22.3875651 73.2610297,22.3894438 73.2622656,22.391404 73.2634501,22.3932213 73.2644629,22.3949116 73.2656645,22.3967844 73.2668147,22.3985938 73.267733,22.4000221 73.2706685,22.4004665 73.2714838,22.402617 73.2721705,22.4044183 73.27284,22.4060847 73.2734751,22.4077352 73.2750115,22.4101553 73.2758955,22.4128135 73.2765822,22.4148051 73.2773118,22.4169712 73.2780241,22.4191611 73.2786335,22.4209463 73.2793374,22.4230965 73.2800583,22.4252784 73.2807536,22.4274205 73.2815003,22.4295864 73.2821269,22.4314509 73.2828478,22.4334819 73.2835774,22.4356874 73.2841782,22.4376152 73.2849249,22.4397254 73.2856287,22.4419149 73.2863497,22.444041 73.2871136,22.4462067 73.287826,22.4483564 73.2884354,22.450292 73.2891478,22.4524417 73.2897915,22.4543931 73.2905726,22.4565824 73.2911477,22.4584068 73.2919116,22.4607071 73.2922034,22.4629359 73.2924523,22.4651886 73.2927098,22.4670763 73.2929673,22.4693447 73.2932333,22.4715893 73.2934994,22.4738101 73.2936968,22.4758801 73.2940144,22.4779342 73.2941002,22.4800121 73.297379,22.4812494 73.2989942,22.4823602 73.2997848,22.482872</coordinates></LineString>
  </Placemark>
  <Placemark>
	<Style><LineStyle><color>ff0000ff</color></LineStyle><PolyStyle><fill>0</fill></PolyStyle></Style>
	<ExtendedData><SchemaData schemaUrl="#132000_voltage_line">
		<SimpleData name="full_id">w1161539764</SimpleData>
		<SimpleData name="osm_id">1161539764</SimpleData>
		<SimpleData name="osm_type">way</SimpleData>
		<SimpleData name="power">line</SimpleData>
		<SimpleData name="frequency">50</SimpleData>
		<SimpleData name="circuits">2</SimpleData>
		<SimpleData name="cables">6</SimpleData>
		<SimpleData name="voltage">132000</SimpleData>
	</SchemaData></ExtendedData>
      <LineString><coordinates>70.3952989,23.2679723 70.3945112,23.2680986 70.3938192,23.2692025</coordinates></LineString>
  </Placemark>
  <Placemark>
	<Style><LineStyle><color>ff0000ff</color></LineStyle><PolyStyle><fill>0</fill></PolyStyle></Style>
	<ExtendedData><SchemaData schemaUrl="#132000_voltage_line">
		<SimpleData name="full_id">w1355024467</SimpleData>
		<SimpleData name="osm_id">1355024467</SimpleData>
		<SimpleData name="osm_type">way</SimpleData>
		<SimpleData name="power">line</SimpleData>
		<SimpleData name="cables">3</SimpleData>
		<SimpleData name="voltage">132000</SimpleData>
	</SchemaData></ExtendedData>
      <LineString><coordinates>72.5875081,22.9504404 72.5873839,22.9506324</coordinates></LineString>
  </Placemark>
  <Placemark>
	<Style><LineStyle><color>ff0000ff</color></LineStyle><PolyStyle><fill>0</fill></PolyStyle></Style>
	<ExtendedData><SchemaData schemaUrl="#132000_voltage_line">
		<SimpleData name="full_id">w28879008</SimpleData>
		<SimpleData name="osm_id">28879008</SimpleData>
		<SimpleData name="osm_type">way</SimpleData>
		<SimpleData name="power">line</SimpleData>
		<SimpleData name="cables">6</SimpleData>
		<SimpleData name="voltage">132000</SimpleData>
	</SchemaData></ExtendedData>
      <LineString><coordinates>73.2596247,22.3672143 73.2593499,22.3677464 73.2578456,22.3703211 73.2561545,22.37065 73.2528157,22.3714357 73.249494,22.3721977 73.2462153,22.372912 73.2429194,22.373674 73.2404732,22.3742613 73.2371882,22.3750252 73.2338665,22.3758269 73.2308625,22.3764856 73.2276009,22.3772396 73.2252406,22.3778031 73.2228631,22.3783507 73.2195672,22.3790968 73.2161683,22.3792158 73.2131642,22.3793508 73.2096623,22.3793904 73.2063149,22.3795889 73.203019,22.3797397 73.1995772,22.3798587 73.1962384,22.3800095 73.1928395,22.3801127 73.1899127,22.3801762 73.1872691,22.3786206 73.1847285,22.3771126 73.1818446,22.3754459 73.1791581,22.3737315 73.1766346,22.3722552 73.1740426,22.3706916 73.1711415,22.3689375 73.1681713,22.368699 73.1675569,22.3683925 73.1667156,22.3679918 73.1660453,22.3676383 73.1650306,22.3667417 73.1644274,22.3663966 73.1614855,22.3658578 73.1605569,22.3665221 73.1590565,22.3688264 73.1578206,22.3708583</coordinates></LineString>
  </Placemark>
  <Placemark>
	<Style><LineStyle><color>ff0000ff</color></LineStyle><PolyStyle><fill>0</fill></PolyStyle></Style>
	<ExtendedData><SchemaData schemaUrl="#132000_voltage_line">
		<SimpleData name="full_id">w477911162</SimpleData>
		<SimpleData name="osm_id">477911162</SimpleData>
		<SimpleData name="osm_type">way</SimpleData>
		<SimpleData name="power">line</SimpleData>
		<SimpleData name="frequency">50</SimpleData>
		<SimpleData name="circuits">1</SimpleData>
		<SimpleData name="cables">3</SimpleData>
		<SimpleData name="voltage">132000</SimpleData>
	</SchemaData></ExtendedData>
      <LineString><coordinates>70.5746304,20.880328 70.5724157,20.8784377 70.5700611,20.8764258 70.5678409,20.8745348 70.5657749,20.8727828 70.563367,20.8707199 70.5633236,20.8690165</coordinates></LineString>
  </Placemark>
  <Placemark>
	<Style><LineStyle><color>ff0000ff</color></LineStyle><PolyStyle><fill>0</fill></PolyStyle></Style>
	<ExtendedData><SchemaData schemaUrl="#132000_voltage_line">
		<SimpleData name="full_id">w1161539765</SimpleData>
		<SimpleData name="osm_id">1161539765</SimpleData>
		<SimpleData name="osm_type">way</SimpleData>
		<SimpleData name="power">line</SimpleData>
		<SimpleData name="frequency">50</SimpleData>
		<SimpleData name="circuits">2</SimpleData>
		<SimpleData name="cables">6</SimpleData>
		<SimpleData name="voltage">132000</SimpleData>
	</SchemaData></ExtendedData>
      <LineString><coordinates>70.3952438,23.2677173 70.3943583,23.2678867 70.3938192,23.2692025</coordinates></LineString>
  </Placemark>
  <Placemark>
	<Style><LineStyle><color>ff0000ff</color></LineStyle><PolyStyle><fill>0</fill></PolyStyle></Style>
	<ExtendedData><SchemaData schemaUrl="#132000_voltage_line">
		<SimpleData name="full_id">w331386623</SimpleData>
		<SimpleData name="osm_id">331386623</SimpleData>
		<SimpleData name="osm_type">way</SimpleData>
		<SimpleData name="power">line</SimpleData>
		<SimpleData name="frequency">50</SimpleData>
		<SimpleData name="circuits">2</SimpleData>
		<SimpleData name="cables">4</SimpleData>
		<SimpleData name="voltage">132000</SimpleData>
	</SchemaData></ExtendedData>
      <LineString><coordinates>72.8479363,21.1376186 72.8487735,21.1360181 72.849708,21.1343273 72.8504296,21.1330166 72.8512751,21.1313662 72.8521172,21.129686 72.8529266,21.127937 72.853618,21.1264431 72.8544323,21.1247052 72.8551054,21.1232947 72.8571602,21.1228497 72.8588353,21.1224636 72.8606389,21.1220478 72.8623856,21.1216452</coordinates></LineString>
  </Placemark>
  <Placemark>
	<Style><LineStyle><color>ff0000ff</color></LineStyle><PolyStyle><fill>0</fill></PolyStyle></Style>
	<ExtendedData><SchemaData schemaUrl="#132000_voltage_line">
		<SimpleData name="full_id">w140460844</SimpleData>
		<SimpleData name="osm_id">140460844</SimpleData>
		<SimpleData name="osm_type">way</SimpleData>
		<SimpleData name="power">line</SimpleData>
		<SimpleData name="circuits">1</SimpleData>
		<SimpleData name="cables">3</SimpleData>
		<SimpleData name="voltage">132000</SimpleData>
	</SchemaData></ExtendedData>
      <LineString><coordinates>73.1916969,22.215967 73.19168,22.2161577 73.1916527,22.2165213 73.1920801,22.2175015 73.1948689,22.2178729 73.1975493,22.2176053 73.2005,22.2172994 73.2035933,22.2170179 73.2066566,22.2167295 73.2097641,22.2164007 73.2128603,22.2160906 73.2158622,22.2157919 73.2184317,22.2143235 73.2210377,22.2128325 73.2236103,22.2113471 73.2261646,22.2098589 73.2287371,22.2083876 73.2312914,22.2068938 73.2338457,22.2054055 73.2364122,22.2039595 73.2389908,22.2024684 73.2415756,22.2008984 73.2441177,22.1994552 73.2471225,22.1989112 73.2501974,22.1983756 73.2532114,22.1978485 73.2562407,22.1973016 73.2592577,22.1967435 73.2622991,22.1962051 73.2653679,22.1956385 73.2683393,22.1951452 73.2713715,22.1945674 73.2744647,22.19406 73.2774583,22.1935063 73.280341,22.1929749 73.2835489,22.1924005 73.2865776,22.1918553 73.2891754,22.1903549 73.2917593,22.1887637 73.2943681,22.1872171 73.2969722,22.1856474 73.2995696,22.1840716 73.3021604,22.1825234 73.3047546,22.1809845 73.3073222,22.1794485 73.3099163,22.1778757 73.3125171,22.1763306 73.3150615,22.1748253 73.317576,22.1732862 73.3201337,22.1717687 73.3228274,22.1702357 73.325531,22.1689608 73.3282246,22.167735 73.3309747,22.1664478 73.3337314,22.1651667 73.3364848,22.1639041 73.3392249,22.1625953 73.341902,22.1613664 73.3446885,22.1600576 73.3474485,22.1587611 73.3502185,22.1574584 73.3529453,22.1561281 73.3556622,22.1548039 73.3583891,22.1534613 73.3611159,22.1521217 73.363846,22.1507821 73.3664137,22.1494394 73.3690576,22.148069 73.3711176,22.1469783 73.3737018,22.1456356 73.3759941,22.1444557 73.3785785,22.1431129 73.3811509,22.1417619 73.3837598,22.1404309 73.386334,22.1390807 73.3889248,22.1377379 73.3915157,22.1363705 73.3941363,22.1350062 73.3968134,22.1336203 73.3995071,22.1322345 73.4003856,22.1307998 73.4027691,22.1291488 73.404911,22.127665 73.4072481,22.1260247 73.4096871,22.1243363 73.4119108,22.1228087 73.4142917,22.1211181 73.416657,22.1194934 73.4183318,22.119726 73.4203656,22.1176202 73.4224626,22.1154754 73.4240548,22.1138471 73.4261712,22.1116988 73.4282512,22.1095628 73.4303279,22.1074176 73.432305,22.1053799 73.4342788,22.1033667 73.4362592,22.101332 73.4382695,22.0992912 73.440114,22.0973948 73.4420148,22.0954522 73.4434147,22.0940229 73.4453819,22.091942 73.4474121,22.0898149 73.4494257,22.0876878 73.4513298,22.0857144 73.4533899,22.0835719 73.4554168,22.0814447 73.4574436,22.0793236 73.4594208,22.077264 73.4614892,22.0750935 73.4635534,22.0729632 73.465674,22.0705372 73.4673769,22.0687634 73.4698775,22.0662852 73.471876,22.064233 73.4739965,22.0619809 73.4753195,22.0606591 73.4769192,22.0588025 73.4795652,22.0557893 73.4813855,22.053737 73.4828867,22.0520717 73.484022,22.0507237 73.4861191,22.0483191 73.4881035,22.0461102 73.4900505,22.0438273 73.4921194,22.0415052 73.4940241,22.0393048 73.4957036,22.0374175 73.4975661,22.0352954 73.4995037,22.0331166 73.50146,22.0308683 73.5034022,22.0286765 73.5053538,22.0264411 73.5073711,22.024184 73.5092524,22.0220051 73.5104956,22.0206481 73.5120578,22.0188258 73.5140986,22.0165033 73.516266,22.0140677 73.5182036,22.0118452 73.5201224,22.0096835 73.5219239,22.0076131 73.5236175,22.0056819 73.5255362,22.0035462 73.5274269,22.0013714 73.529402,21.9991095 73.5311472,21.9971259 73.5340934,21.9961777 73.5370771,21.9952772 73.53977,21.9944203 73.5426739,21.9935111 73.5447147,21.992863 73.5466804,21.9922409 73.5492325,21.9914536 73.5505031,21.9910638 73.5544828,21.9898428 73.5579792,21.9887416 73.5606323,21.9879372 73.5627255,21.987242 73.5648519,21.9865437 73.5668854,21.9845596 73.5691279,21.9823971 73.57053,21.9810034 73.572735,21.9788848 73.5746256,21.9770271 73.5759595,21.9757217 73.5783558,21.9733834 73.5805344,21.9712574 73.5825251,21.9693148 73.5845682,21.9673227 73.5868482,21.9650996 73.5888279,21.9631694 73.5905427,21.9615019 73.5928577,21.9587259 73.5930642,21.9583627</coordinates></LineString>
  </Placemark>
  <Placemark>
	<Style><LineStyle><color>ff0000ff</color></LineStyle><PolyStyle><fill>0</fill></PolyStyle></Style>
	<ExtendedData><SchemaData schemaUrl="#132000_voltage_line">
		<SimpleData name="full_id">w1161539766</SimpleData>
		<SimpleData name="osm_id">1161539766</SimpleData>
		<SimpleData name="osm_type">way</SimpleData>
		<SimpleData name="power">line</SimpleData>
		<SimpleData name="frequency">50</SimpleData>
		<SimpleData name="circuits">4</SimpleData>
		<SimpleData name="cables">12</SimpleData>
		<SimpleData name="voltage">132000</SimpleData>
	</SchemaData></ExtendedData>
      <LineString><coordinates>70.3938192,23.2692025 70.3944415,23.2703655 70.3963137,23.2709445 70.3991997,23.2711244 70.402016,23.2712747 70.4050657,23.2721864 70.4085365,23.2732139 70.4118678,23.2742561 70.4154029,23.275254 70.4188523,23.2762765 70.4222989,23.2773015 70.4258609,23.2784201 70.4293424,23.2793983 70.4327756,23.2804281 70.4353961,23.2803961 70.4380569,23.2803764 70.4406479,23.2803197 70.443137,23.2827515 70.4456556,23.2851611 70.4486704,23.2855528 70.4522055,23.2849688 70.4553491,23.2844392 70.4587528,23.2838701 70.4622236,23.2832886 70.4654476,23.2835079 70.4685536,23.2837198 70.4719493,23.2839612 70.474948,23.2841706 70.4784697,23.2844343 70.4819298,23.2846954 70.4853576,23.2849221 70.4881203,23.2866418 70.4909098,23.288359 70.4936135,23.290054 70.4963815,23.291712 70.4980043,23.2930744 70.4989927,23.2949257 70.4996002,23.2957621</coordinates></LineString>
  </Placemark>
  <Placemark>
	<Style><LineStyle><color>ff0000ff</color></LineStyle><PolyStyle><fill>0</fill></PolyStyle></Style>
	<ExtendedData><SchemaData schemaUrl="#132000_voltage_line">
		<SimpleData name="full_id">w1355025912</SimpleData>
		<SimpleData name="osm_id">1355025912</SimpleData>
		<SimpleData name="osm_type">way</SimpleData>
		<SimpleData name="power">line</SimpleData>
		<SimpleData name="frequency">50</SimpleData>
		<SimpleData name="circuits">1</SimpleData>
		<SimpleData name="cables">3</SimpleData>
		<SimpleData name="voltage">132000</SimpleData>
	</SchemaData></ExtendedData>
      <LineString><coordinates>72.6735992,23.1089121 72.6739661,23.1087729</coordinates></LineString>
  </Placemark>
  <Placemark>
	<Style><LineStyle><color>ff0000ff</color></LineStyle><PolyStyle><fill>0</fill></PolyStyle></Style>
	<ExtendedData><SchemaData schemaUrl="#132000_voltage_line">
		<SimpleData name="full_id">w140460848</SimpleData>
		<SimpleData name="osm_id">140460848</SimpleData>
		<SimpleData name="osm_type">way</SimpleData>
		<SimpleData name="power">line</SimpleData>
		<SimpleData name="frequency">50</SimpleData>
		<SimpleData name="circuits">2</SimpleData>
		<SimpleData name="cables">6</SimpleData>
		<SimpleData name="voltage">132000</SimpleData>
	</SchemaData></ExtendedData>
      <LineString><coordinates>73.6109084,22.7606371 73.6112179,22.7614975 73.6130732,22.7619007 73.6164073,22.7602166 73.6195189,22.7617326 73.6221692,22.7617171 73.6230407,22.7606454 73.6289296,22.7610715 73.6315935,22.7612561 73.6346528,22.7614862 73.6375392,22.7620422 73.640769,22.7626666 73.6438654,22.7632887 73.647078,22.7638994 73.6497641,22.7643998 73.6507274,22.7633223</coordinates></LineString>
  </Placemark>
  <Placemark>
	<Style><LineStyle><color>ff0000ff</color></LineStyle><PolyStyle><fill>0</fill></PolyStyle></Style>
	<ExtendedData><SchemaData schemaUrl="#132000_voltage_line">
		<SimpleData name="full_id">w1355025913</SimpleData>
		<SimpleData name="osm_id">1355025913</SimpleData>
		<SimpleData name="osm_type">way</SimpleData>
		<SimpleData name="power">line</SimpleData>
		<SimpleData name="layer">-1</SimpleData>
		<SimpleData name="frequency">50</SimpleData>
		<SimpleData name="circuits">1</SimpleData>
		<SimpleData name="cables">6</SimpleData>
		<SimpleData name="voltage">132000</SimpleData>
	</SchemaData></ExtendedData>
      <LineString><coordinates>72.6736506,23.1091613 72.6740711,23.1090237</coordinates></LineString>
  </Placemark>
  <Placemark>
	<Style><LineStyle><color>ff0000ff</color></LineStyle><PolyStyle><fill>0</fill></PolyStyle></Style>
	<ExtendedData><SchemaData schemaUrl="#132000_voltage_line">
		<SimpleData name="full_id">w1379140418</SimpleData>
		<SimpleData name="osm_id">1379140418</SimpleData>
		<SimpleData name="osm_type">way</SimpleData>
		<SimpleData name="power">line</SimpleData>
		<SimpleData name="cables">6</SimpleData>
		<SimpleData name="voltage">132000</SimpleData>
	</SchemaData></ExtendedData>
      <LineString><coordinates>70.3953537,23.2682264 70.3953232,23.2680851 70.3952989,23.2679723 70.3952438,23.2677173 70.3952244,23.2676277 70.3952196,23.2676054</coordinates></LineString>
  </Placemark>
  <Placemark>
	<Style><LineStyle><color>ff0000ff</color></LineStyle><PolyStyle><fill>0</fill></PolyStyle></Style>
	<ExtendedData><SchemaData schemaUrl="#132000_voltage_line">
		<SimpleData name="full_id">w1355025915</SimpleData>
		<SimpleData name="osm_id">1355025915</SimpleData>
		<SimpleData name="osm_type">way</SimpleData>
		<SimpleData name="power">line</SimpleData>
		<SimpleData name="cables">6</SimpleData>
		<SimpleData name="voltage">132000</SimpleData>
	</SchemaData></ExtendedData>
      <LineString><coordinates>72.6742314,23.1094065 72.6739217,23.1096334</coordinates></LineString>
  </Placemark>
  <Placemark>
	<Style><LineStyle><color>ff0000ff</color></LineStyle><PolyStyle><fill>0</fill></PolyStyle></Style>
	<ExtendedData><SchemaData schemaUrl="#132000_voltage_line">
		<SimpleData name="full_id">w1355025916</SimpleData>
		<SimpleData name="osm_id">1355025916</SimpleData>
		<SimpleData name="osm_type">way</SimpleData>
		<SimpleData name="power">line</SimpleData>
		<SimpleData name="layer">-1</SimpleData>
		<SimpleData name="frequency">50</SimpleData>
		<SimpleData name="circuits">1</SimpleData>
		<SimpleData name="cables">3</SimpleData>
		<SimpleData name="voltage">132000</SimpleData>
	</SchemaData></ExtendedData>
      <LineString><coordinates>72.6710744,23.110045 72.6736506,23.1091613</coordinates></LineString>
  </Placemark>
  <Placemark>
	<Style><LineStyle><color>ff0000ff</color></LineStyle><PolyStyle><fill>0</fill></PolyStyle></Style>
	<ExtendedData><SchemaData schemaUrl="#132000_voltage_line">
		<SimpleData name="full_id">w1355025917</SimpleData>
		<SimpleData name="osm_id">1355025917</SimpleData>
		<SimpleData name="osm_type">way</SimpleData>
		<SimpleData name="power">line</SimpleData>
		<SimpleData name="frequency">50</SimpleData>
		<SimpleData name="circuits">1</SimpleData>
		<SimpleData name="cables">3</SimpleData>
		<SimpleData name="voltage">132000</SimpleData>
	</SchemaData></ExtendedData>
      <LineString><coordinates>72.6728526,23.1091953 72.6735992,23.1089121</coordinates></LineString>
  </Placemark>
  <Placemark>
	<Style><LineStyle><color>ff0000ff</color></LineStyle><PolyStyle><fill>0</fill></PolyStyle></Style>
	<ExtendedData><SchemaData schemaUrl="#132000_voltage_line">
		<SimpleData name="full_id">w28865060</SimpleData>
		<SimpleData name="osm_id">28865060</SimpleData>
		<SimpleData name="osm_type">way</SimpleData>
		<SimpleData name="power">line</SimpleData>
		<SimpleData name="cables">6</SimpleData>
		<SimpleData name="voltage">132000</SimpleData>
	</SchemaData></ExtendedData>
      <LineString><coordinates>73.2607068,22.3676729 73.260437,22.3681678 73.2598122,22.3694169 73.2600974,22.3700435 73.261188,22.3712583 73.2620227,22.3729931 73.2622007,22.37417 73.2624244,22.3744311 73.2626634,22.3744116 73.2627549,22.3742454 73.2640938,22.3717612 73.265407,22.3692054 73.2667803,22.3666179 73.2681107,22.364062 73.2694239,22.3616093 73.2707457,22.3591248 73.2720332,22.356672 73.2733206,22.3542192 73.2745909,22.3517425 73.2759127,22.3492896 73.2772002,22.3468366 73.278479,22.3444391 73.2783331,22.3415653 73.2782301,22.3393901 73.2780499,22.3367782 73.2778954,22.3339122 73.2777323,22.3312287 73.2775435,22.3284022 73.2773976,22.325544 73.2772173,22.3227492 73.27708,22.3198987 73.2768912,22.31708 73.2767453,22.3142453 73.2765736,22.3113947 73.2763934,22.3085441 73.2748913,22.3063524 73.2732777,22.3039067 73.2716984,22.3015879 73.2700762,22.2992532 73.2685227,22.2969185 73.2669777,22.2946075 73.2652697,22.292646 73.2630467,22.2902873 73.2610297,22.2880954 73.2591071,22.2860146 73.2571158,22.2837988 73.2551074,22.281575 73.2530817,22.2793671 73.2510647,22.2771511 73.249082,22.274959 73.2470393,22.2727112 73.2448506,22.2703046 73.2426018,22.26789 73.2405799,22.2657548 73.2395462,22.2646795 73.2378983,22.2626793 73.236113,22.2606855 73.2340188,22.2585725 73.2319502,22.2564278 73.2298817,22.2543068 73.2277617,22.2521302 73.2256588,22.2499854 73.2240023,22.2482536 73.2228093,22.2465933 73.2212128,22.2442974 73.2200798,22.2427721 73.2178483,22.2407621 73.2156081,22.238768 73.213428,22.2368375 73.2111277,22.2347957 73.2091536,22.2330319 73.2071537,22.2312284 73.2049221,22.2292342 73.202845,22.2272558 73.200622,22.2253171 73.1985535,22.2235374 73.1964249,22.2214874 73.1941332,22.2195566 73.1920302,22.2177629 73.191469,22.2165562</coordinates></LineString>
  </Placemark>
  <Placemark>
	<Style><LineStyle><color>ff0000ff</color></LineStyle><PolyStyle><fill>0</fill></PolyStyle></Style>
	<ExtendedData><SchemaData schemaUrl="#132000_voltage_line">
		<SimpleData name="full_id">w28856465</SimpleData>
		<SimpleData name="osm_id">28856465</SimpleData>
		<SimpleData name="osm_type">way</SimpleData>
		<SimpleData name="power">line</SimpleData>
		<SimpleData name="voltage">132000</SimpleData>
	</SchemaData></ExtendedData>
      <LineString><coordinates>73.1435251,22.3107413 73.1434738,22.3094482 73.1434399,22.3079396 73.1431932,22.3051483 73.1431939,22.3050202 73.1431693,22.3047098 73.1430387,22.3023134 73.1447296,22.3001852 73.146429,22.2980172 73.1478858,22.2962223 73.1482143,22.2958175 73.1499395,22.2936336 73.1509,22.2924128 73.1515703,22.2915608 73.1514587,22.2888448 73.1514121,22.2871964 73.1514042,22.286914 73.1513964,22.2866378 73.151407,22.2863814 73.1513815,22.2861128 73.1513259,22.2848818 73.1512613,22.2834601 73.1512045,22.2816809 73.1511755,22.2807757 73.1510896,22.2780515 73.1510848,22.2779101 73.1510038,22.2755099 73.1517677,22.273977 73.1524634,22.2730309 73.1533212,22.2718642 73.1551409,22.2694178 73.1566343,22.2673209 73.1575355,22.2650889 73.1584368,22.2626186 73.1593981,22.2601482 73.1602821,22.2577016 73.1612863,22.2551835 73.161355,22.2524985 73.1614752,22.2496307 73.1615867,22.2468106 73.1616897,22.2440857 73.1618013,22.2413767 73.1619129,22.2387709 73.1620159,22.2357519 73.1621361,22.2330586 73.1646766,22.2315649 73.1673889,22.2299918 73.1694488,22.2287603 73.1719465,22.2273222 73.1740665,22.2261304 73.1759977,22.2260271 73.1785812,22.2255663 73.1804523,22.2252723 73.1831131,22.2228092 73.1853962,22.2207037 73.187499,22.2188046 73.190074,22.216992 73.1911174,22.2162164</coordinates></LineString>
  </Placemark>
  <Placemark>
	<Style><LineStyle><color>ff0000ff</color></LineStyle><PolyStyle><fill>0</fill></PolyStyle></Style>
	<ExtendedData><SchemaData schemaUrl="#132000_voltage_line">
		<SimpleData name="full_id">w331315723</SimpleData>
		<SimpleData name="osm_id">331315723</SimpleData>
		<SimpleData name="osm_type">way</SimpleData>
		<SimpleData name="power">line</SimpleData>
		<SimpleData name="frequency">50</SimpleData>
		<SimpleData name="circuits">2</SimpleData>
		<SimpleData name="cables">6</SimpleData>
		<SimpleData name="voltage">132000</SimpleData>
	</SchemaData></ExtendedData>
      <LineString><coordinates>72.962348,20.5389085 72.9618115,20.5410769 72.9613493,20.5429548 72.9609031,20.5448185 72.9590736,20.547396 72.9578531,20.5475764 72.9559189,20.547373 72.9549311,20.5467725 72.953677,20.546051 72.9526282,20.545955 72.9508893,20.5457904 72.9486913,20.5455967 72.9476943,20.5455193 72.9469924,20.5459114 72.9461973,20.5468897 72.9437677,20.54716 72.9419278,20.5473319 72.9400531,20.5475196 72.9381474,20.5477145 72.9364304,20.5478888 72.9345634,20.5481031 72.9326577,20.5483368 72.9307584,20.5485644 72.9288742,20.5487733</coordinates></LineString>
  </Placemark>
  <Placemark>
	<Style><LineStyle><color>ff0000ff</color></LineStyle><PolyStyle><fill>0</fill></PolyStyle></Style>
	<ExtendedData><SchemaData schemaUrl="#132000_voltage_line">
		<SimpleData name="full_id">w28858487</SimpleData>
		<SimpleData name="osm_id">28858487</SimpleData>
		<SimpleData name="osm_type">way</SimpleData>
		<SimpleData name="power">line</SimpleData>
		<SimpleData name="cables">6</SimpleData>
		<SimpleData name="voltage">132000</SimpleData>
	</SchemaData></ExtendedData>
      <LineString><coordinates>72.7791458,22.290079 72.7793303,22.2892255 72.7809933,22.2886646 72.7833322,22.2875279 72.7861592,22.2875651 72.7880448,22.2882328 72.7900887,22.2872028 72.7901959,22.2853166 72.7903166,22.2834552 72.791073,22.2823582 72.7927494,22.2799209 72.7947852,22.2795387 72.7963106,22.2792193 72.7981119,22.2808751 72.8001712,22.2827603 72.8022708,22.2846657 72.804484,22.2867102 72.8066313,22.2886632 72.8088226,22.2907212 72.8109808,22.2927554 72.813172,22.2948134 72.8151911,22.2965764 72.8177451,22.2988344 72.8199106,22.3007532 72.8223034,22.3028416 72.8243114,22.3045672 72.8265357,22.3064927 72.8290384,22.3087031 72.8314494,22.3107845 72.8336407,22.3127066 72.8358026,22.3146287 72.839302,22.3152931 72.8425009,22.3158626 72.8455239,22.3164727 72.848525,22.3170117 72.8514784,22.3175846 72.8545051,22.3181541 72.8575134,22.3187337 72.8605218,22.3193236 72.8635614,22.3199095 72.8665467,22.3204919 72.8695173,22.3210333 72.8723895,22.3216202 72.87536,22.3221934 72.8780846,22.3227439 72.8808634,22.3233126 72.883588,22.323854 72.8864356,22.3244091 72.8892045,22.324964 72.892416,22.3256055 72.895373,22.3261738 72.8982667,22.3267702 72.9015969,22.3274451 72.904395,22.3280326 72.9072703,22.3285884 72.910343,22.3291997 72.9134072,22.3298349 72.9163512,22.3304541 72.9193553,22.3310655 72.9227971,22.33178 72.9261016,22.3324469 72.9290112,22.3330265 72.9319724,22.3336378 72.9354313,22.3343047 72.9384097,22.3349398 72.941388,22.3355432 72.9444522,22.3361704 72.9475506,22.3367976 72.9507092,22.3374009 72.9536704,22.338044 72.9565767,22.3386308 72.9595722,22.3392421 72.9625677,22.3398454 72.9654602,22.3404091 72.967887,22.3420862 72.9710306,22.3425526 72.9742064,22.3430369 72.9773134,22.3434894 72.9801544,22.343926 72.9830727,22.3443547 72.9859051,22.3447834 72.9889864,22.3452121 72.9918532,22.3449184 72.99478,22.3445691 72.997834,22.3443007 73.0007372,22.3439781 73.0034296,22.344777 73.0053631,22.3454464 73.005768,22.3453208 73.006308,22.3451532 73.0069551,22.3449524 73.0079733,22.3437591 73.0099503,22.3429196 73.0126677,22.342512 73.0160027,22.3420213 73.0187267,22.3415761 73.0217995,22.3410918 73.0247263,22.3406631 73.0278849,22.3401947 73.030846,22.3397343 73.0339359,22.3392818 73.0370542,22.3388446 73.0393857,22.3385029 73.0414805,22.3381782 73.0440296,22.3377813 73.0469135,22.3373288 73.0498919,22.3369318 73.0522951,22.3376701 73.0573328,22.3391517 73.0605686,22.3401044 73.0630123,22.3408971 73.0639408,22.3411638 73.0660176,22.341769 73.0669319,22.3413401 73.0692674,22.3402444 73.0718576,22.3389459 73.073806,22.3379376 73.0758144,22.3370405 73.0791961,22.3352542 73.0810844,22.3342698 73.0835821,22.3329122 73.0862857,22.3315307 73.0886117,22.330316 73.0912983,22.3289028 73.0939504,22.3274895 73.0966713,22.3260684 73.0992805,22.3247028 73.1022674,22.3231466 73.1044389,22.3219795 73.1063186,22.319661 73.108061,22.3173981 73.1097261,22.3153495 73.1113912,22.3131659 73.1130735,22.3110538 73.1149017,22.3087669 73.1177599,22.3089495 73.1202833,22.3091163 73.1227638,22.3092989 73.1257679,22.3095133 73.1286603,22.3097118 73.1317245,22.3099421 73.1345569,22.3101644 73.1374494,22.3103232 73.1395523,22.3101803 73.1424002,22.3099227 73.1427466,22.3098914 73.1429407,22.3115408</coordinates></LineString>
  </Placemark>
  <Placemark>
	<Style><LineStyle><color>ff0000ff</color></LineStyle><PolyStyle><fill>0</fill></PolyStyle></Style>
	<ExtendedData><SchemaData schemaUrl="#132000_voltage_line">
		<SimpleData name="full_id">w28861390</SimpleData>
		<SimpleData name="osm_id">28861390</SimpleData>
		<SimpleData name="osm_type">way</SimpleData>
		<SimpleData name="power">line</SimpleData>
		<SimpleData name="frequency">50</SimpleData>
		<SimpleData name="circuits">1</SimpleData>
		<SimpleData name="cables">3</SimpleData>
		<SimpleData name="voltage">132000</SimpleData>
	</SchemaData></ExtendedData>
      <LineString><coordinates>73.0267512,21.7572583 73.0257386,21.7588822 73.0262695,21.7600907 73.0275096,21.762863 73.0287133,21.7655453 73.0295506,21.7674253 73.0305931,21.7697675 73.0315956,21.7721468 73.0325978,21.7745421 73.0336078,21.7769191 73.0346318,21.7793832 73.0356093,21.7795238 73.0366922,21.7821521 73.0377479,21.7848149 73.0388133,21.7874141 73.0398929,21.7900981 73.041144,21.7931958 73.042215,21.7958186 73.043309,21.7984972 73.0443792,21.8011236 73.0454109,21.8037062 73.0464179,21.8062274 73.0474744,21.8088175 73.0485309,21.8114421 73.0492242,21.8137793 73.0499753,21.8163119 73.0507058,21.8189516 73.0514734,21.8215415 73.0522121,21.8242004 73.052988,21.8268094 73.0536648,21.8291961 73.05442,21.8318395 73.055167,21.8344636 73.0559181,21.8371758 73.0567228,21.8398612 73.0575028,21.842558 73.0582787,21.8452701 73.0590298,21.8479859 73.0599212,21.8506557 73.0607507,21.8532719 73.0615802,21.8558459 73.0623272,21.8581977 73.0631856,21.8608022 73.0639821,21.8633071 73.0647538,21.8657583 73.0655998,21.8684202 73.0664417,21.8711011 73.0673166,21.8737743 73.068728,21.8762828 73.0700734,21.8786917 73.0714724,21.8811886 73.0727352,21.8835362 73.0739692,21.8856615 73.0750546,21.8876643 73.0764082,21.8900616 73.0777536,21.8925506 73.0791237,21.8949631 73.0805104,21.8973946 73.081864,21.8997725 73.0830897,21.9018976 73.0836179,21.9044631 73.0841544,21.9072008 73.0846497,21.9096168 73.0852689,21.9125962 73.0857806,21.9151117 73.0863419,21.9178836 73.0869279,21.9206134 73.0873937,21.9229183 73.0879562,21.9256887 73.0885024,21.9283792 73.0890498,21.9310757 73.089886,21.9336874 73.0906696,21.9363214 73.0915744,21.9391727 73.0922772,21.9413721 73.0930649,21.9438898 73.0939253,21.946711 73.094725,21.9493261 73.0955652,21.9519936 73.0963928,21.9546339 73.0972249,21.9572189 73.0980489,21.9598675 73.0988527,21.9623437 73.1000201,21.9649211 73.1011268,21.9674646 73.1022861,21.9700231 73.1032636,21.9720984 73.1044592,21.9747055 73.1055185,21.9770953 73.1065736,21.9794757 73.1078012,21.9821631 73.1088298,21.984398 73.1099523,21.9869182 73.1111444,21.989515 73.1122346,21.9919127 73.1133098,21.9942657 73.1144119,21.9966605 73.115412,21.9991833 73.1164091,22.0017089 73.1174847,22.0042213 73.1184486,22.0066364 73.1193938,22.0090407 73.1203915,22.0114561 73.1212882,22.0136431 73.1221163,22.0157065 73.1231746,22.0184176 73.1242773,22.0210426 73.1253517,22.0237312 73.1263656,22.0262513 73.1273875,22.0286964 73.1291608,22.0302354 73.1303589,22.0327558 73.1316031,22.0354795 73.1329223,22.0383316 73.1342903,22.0412775 73.1354221,22.0437023 73.1364153,22.0459255 73.1372583,22.0477087 73.1372133,22.049261 73.1377857,22.0510099 73.1391593,22.0533088 73.1405138,22.0555759 73.1418945,22.0579093 73.1422973,22.0596703 73.1444678,22.0616573 73.1466497,22.0636547 73.1488706,22.0656807 73.1511391,22.0677117 73.1533627,22.0697026 73.1555913,22.0717763 73.1561149,22.0746268 73.1566396,22.0774573 73.1570981,22.0800117 73.1576321,22.0828569 73.1581461,22.0857046 73.1586631,22.0885685 73.1591673,22.0913615 73.1596721,22.0941485 73.1602061,22.0970012 73.1607151,22.0998577 73.1612324,22.1026872 73.1617455,22.1054933 73.1622586,22.1083535 73.1630346,22.1105682 73.1639232,22.1131269 73.164841,22.1157396 73.1657839,22.1184836 73.1667329,22.1212335 73.1676779,22.1239716 73.1686416,22.1267464 73.1695552,22.1293627 73.170473,22.1319712 73.1714198,22.1345966 73.172367,22.137223 73.1733391,22.1399357 73.1742876,22.1425491 73.1752465,22.1451914 73.1784361,22.1496843 73.1794803,22.1522459 73.1807506,22.1549884 73.1819179,22.1576753 73.183068,22.1603939 73.1841667,22.1628501 73.1853683,22.1654971 73.1866128,22.1681122 73.1877458,22.1707511 73.1889474,22.1733502 73.1901405,22.1759175 73.1912563,22.1783973 73.1924407,22.181044 73.1936424,22.1836588 73.1948011,22.1862657 73.1960027,22.1888804 73.1972129,22.1915507 73.1984317,22.194213 73.1995561,22.1967322 73.1992729,22.1995852 73.1989295,22.202303 73.198612,22.2050525 73.1996591,22.2076192 73.1983468,22.2102279 73.197128,22.2126753 73.1958748,22.2151466 73.1940123,22.2174588 73.1922779,22.2173985 73.1918923,22.2164735 73.1918968,22.2161806 73.1919274,22.2159906</coordinates></LineString>
  </Placemark>
  <Placemark>
	<Style><LineStyle><color>ff0000ff</color></LineStyle><PolyStyle><fill>0</fill></PolyStyle></Style>
	<ExtendedData><SchemaData schemaUrl="#132000_voltage_line">
		<SimpleData name="full_id">w29333858</SimpleData>
		<SimpleData name="osm_id">29333858</SimpleData>
		<SimpleData name="osm_type">way</SimpleData>
		<SimpleData name="power">line</SimpleData>
		<SimpleData name="cables">3</SimpleData>
		<SimpleData name="voltage">132000</SimpleData>
	</SchemaData></ExtendedData>
      <LineString><coordinates>72.9533711,23.3472895 72.9524338,23.3441904 72.9517284,23.3415881 72.9509214,23.3388017 72.9502607,23.3364199 72.9493794,23.3332419 72.9487553,23.3310275 72.9480065,23.3283621 72.9472134,23.3255857 72.9464243,23.3227575 72.9436705,23.32136 72.9408966,23.3200105 72.9380663,23.3186426 72.9365968,23.3190715 72.9347367,23.3178218 72.9325103,23.3163799 72.9303846,23.3149787 72.9278764,23.3133518 72.9254447,23.3117509 72.9230532,23.3101832 72.9205692,23.3085379 72.918069,23.3070626 72.915436,23.3054394 72.9128996,23.3039123 72.9103592,23.3023667 72.9075893,23.3006916 72.9052888,23.2993141 72.9025777,23.2976746 72.9000361,23.29614 72.8976481,23.2946706 72.8949055,23.2930129 72.8931441,23.2918294 72.8904645,23.2900631 72.8880292,23.2884271 72.8854915,23.2867332 72.8830996,23.2851478 72.8803294,23.2832946 72.8778626,23.2816404 72.8753604,23.2799717 72.8729212,23.2783537 72.8704623,23.2768298 72.8680231,23.2752877 72.8654105,23.273695 72.862727,23.2720189 72.8601538,23.2704421 72.8575267,23.2688237 72.8549156,23.267208 72.8523546,23.2656313 72.8496548,23.2639589 72.8472674,23.2624849 72.8446895,23.2608959 72.8418292,23.2591328 72.8397657,23.2578536 72.8375403,23.2564681 72.8352532,23.2550649 72.8326884,23.2534845 72.8301582,23.2519182 72.8275818,23.2503484 72.824909,23.2487041 72.8222324,23.2470067 72.8197138,23.2455076 72.8170641,23.2438598 72.8144839,23.2422969 72.8120348,23.2407482 72.8094159,23.2391535 72.8066197,23.2373673 72.8042014,23.2358717 72.8016327,23.2342804 72.7990503,23.2326184 72.7964411,23.2310173 72.7938147,23.2293531 72.791214,23.2277283 72.7887249,23.2262218 72.7860041,23.2245575 72.7833261,23.222838 72.7807083,23.2212211 72.7781162,23.2195962 72.7754555,23.217987 72.7728891,23.2163385 72.7702713,23.2147529 72.7675848,23.2130728 72.7651215,23.2115267 72.7621345,23.2096729 72.7609758,23.2080084 72.7592163,23.2056024 72.7575169,23.20322 72.7558002,23.2008849 72.7540665,23.198534 72.7524357,23.1960883 72.7508135,23.1936505 72.7490969,23.1911022 72.7473888,23.1885855 72.7458095,23.1862659 72.7444191,23.1841987 72.7430115,23.1820921 72.7413635,23.1796462 72.7400932,23.1777762 72.7383165,23.1752039 72.7366943,23.1726631 72.7350807,23.1701855 72.7334413,23.1676683 72.7318363,23.1651511 72.7301884,23.1626496 72.7286692,23.1602822 72.7269182,23.1576228 72.725296,23.1551369 72.723691,23.1526589 72.722043,23.1501572 72.7196312,23.1480027 72.7173138,23.1459034 72.7150049,23.1438672 72.7127476,23.1418546 72.7103958,23.1398105 72.7080999,23.1376835 72.7058254,23.1356235 72.7036024,23.1336424 72.7013708,23.1316297 72.6992422,23.1297354 72.6970535,23.1277463 72.6947446,23.1256704 72.6926418,23.123847 72.6904703,23.1219762 72.688479,23.1200738 72.6865392,23.1181793 72.6840072,23.1168611 72.6813894,23.1152507 72.6786085,23.1139798 72.6758056,23.1129318 72.6748429,23.1125377</coordinates></LineString>
  </Placemark>
  <Placemark>
	<Style><LineStyle><color>ff0000ff</color></LineStyle><PolyStyle><fill>0</fill></PolyStyle></Style>
	<ExtendedData><SchemaData schemaUrl="#132000_voltage_line">
		<SimpleData name="full_id">w1151005752</SimpleData>
		<SimpleData name="osm_id">1151005752</SimpleData>
		<SimpleData name="osm_type">way</SimpleData>
		<SimpleData name="power">line</SimpleData>
		<SimpleData name="frequency">50</SimpleData>
		<SimpleData name="circuits">1</SimpleData>
		<SimpleData name="cables">3</SimpleData>
		<SimpleData name="voltage">132000</SimpleData>
	</SchemaData></ExtendedData>
      <LineString><coordinates>70.5385522,21.0654851 70.5382772,21.0671187 70.5389156,21.0696482 70.5396111,21.0724119 70.5402545,21.0748499 70.5409273,21.0775373 70.541519,21.0799039 70.5413528,21.0826053 70.541163,21.0852785 70.541014,21.0879431 70.5408421,21.0905936 70.5406654,21.0933311 70.5404862,21.0960177 70.5403241,21.0987166 70.5401497,21.1015571 70.5399877,21.1039416 70.5398085,21.1067339 70.5396292,21.1094665 70.5394598,21.1123182 70.5390424,21.1150553 70.5386766,21.1177007 70.538269,21.1203599 70.5378737,21.1229319 70.5374833,21.1255887 70.5370831,21.1282843 70.5366878,21.1309272 70.5374146,21.1334226 70.5382354,21.1362403 70.5390052,21.1388875 70.5398212,21.1416728 70.540596,21.1443584 70.5414087,21.1470994 70.5422084,21.1498451 70.5430022,21.15257 70.5432996,21.1535942</coordinates></LineString>
  </Placemark>
  <Placemark>
	<Style><LineStyle><color>ff0000ff</color></LineStyle><PolyStyle><fill>0</fill></PolyStyle></Style>
	<ExtendedData><SchemaData schemaUrl="#132000_voltage_line">
		<SimpleData name="full_id">w1469804948</SimpleData>
		<SimpleData name="osm_id">1469804948</SimpleData>
		<SimpleData name="osm_type">way</SimpleData>
		<SimpleData name="power">line</SimpleData>
		<SimpleData name="frequency">50</SimpleData>
		<SimpleData name="circuits">2</SimpleData>
		<SimpleData name="cables">6</SimpleData>
		<SimpleData name="voltage">132000</SimpleData>
	</SchemaData></ExtendedData>
      <LineString><coordinates>73.5933043,21.9584025 73.5926016,21.9595257 73.5909118,21.9601115 73.589159,21.9606824 73.5864472,21.9615381 73.5848885,21.9620429 73.5836349,21.9612011 73.5810828,21.9594871 73.5784449,21.957742 73.5774162,21.9550193 73.5754059,21.9494729 73.5746187,21.9473135 73.5719338,21.9455036 73.5697961,21.9440693 73.567134,21.9422917 73.5650465,21.9408682 73.5624549,21.9391009 73.5598491,21.9373481 73.5571749,21.9355617 73.5542446,21.9335514 73.5519178,21.9319018 73.5493617,21.9300158 73.5470318,21.9283346 73.5451533,21.926979 73.5421479,21.9259352 73.5392873,21.9249387 73.5364924,21.9238688 73.5337915,21.9228971 73.5304749,21.9216256 73.5276881,21.9206179 73.5261854,21.9200585 73.5231021,21.9196356 73.5196871,21.9191672 73.5166964,21.9187889 73.5131063,21.9182714 73.5098219,21.9178347 73.5065279,21.9173773 73.5036987,21.9169844 73.5003242,21.9165158 73.496895,21.9160654 73.4954198,21.9159659 73.4925025,21.9158675 73.4890664,21.9156817 73.4857209,21.9155603 73.4826846,21.9153874 73.4792729,21.9152219 73.4762042,21.9151354 73.4738105,21.9149734 73.4711752,21.9149481 73.4687184,21.9149245 73.4675744,21.9139018 73.4655842,21.9121599 73.4636262,21.9104503 73.4611613,21.9082654 73.4585139,21.9059673 73.4560825,21.9038495 73.4542988,21.9021884 73.4515683,21.8998055 73.449271,21.8978345 73.4476684,21.8963861 73.4452088,21.8942283 73.4433031,21.8925696 73.4421135,21.8915317 73.4390223,21.8897995 73.4360008,21.8880586 73.4333897,21.8865578 73.4304419,21.884889 73.4276538,21.8832637 73.4255187,21.8820217 73.4237592,21.8810236 73.4220278,21.8787027 73.4205794,21.8767326 73.4192303,21.8748932 73.4177618,21.8729305 73.4152003,21.8705982 73.4127729,21.8684089 73.4103401,21.8662769 73.4079824,21.8642146 73.4054464,21.8620028 73.4028782,21.8597587 73.40112,21.8582128 73.3989595,21.8563296 73.3967748,21.8544488 73.3943662,21.8532153 73.3925302,21.852278 73.3899473,21.8509374 73.3874005,21.8496428 73.3846486,21.8488674 73.3823177,21.8482325 73.3805381,21.8477234 73.3782783,21.8470799 73.3754821,21.8462782 73.3720985,21.8452998 73.3691226,21.8444508 73.366207,21.8436031 73.3635879,21.84286 73.3609767,21.8415342 73.3577956,21.8399383 73.3551349,21.8385976 73.3526149,21.8373391 73.3498026,21.8359137 73.3469434,21.834497 73.3440962,21.8330255 73.3410425,21.8316001 73.3378078,21.8300838 73.3354984,21.828911 73.3326365,21.8274482 73.3294742,21.8258746 73.3266136,21.824408 73.3245791,21.8233946 73.3219801,21.8220848 73.3191504,21.8206394 73.3164561,21.8192674 73.315984,21.8192412 73.3153403,21.8192288 73.3149058,21.8192225 73.313334,21.818991 73.3109052,21.8185017 73.3098659,21.8182452 73.3066714,21.8171956 73.3033924,21.8161884 73.301378,21.8155497 73.2992403,21.8148761 73.2970288,21.8141602 73.2956837,21.8118119 73.2941844,21.8092894 73.2939389,21.8065028 73.2936922,21.8040934 73.2911146,21.8023825 73.2888669,21.8019741 73.2868257,21.8000316 73.2867935,21.7979484 73.2854618,21.7956111 73.2817577,21.7916076 73.2818545,21.7892153 73.2822106,21.7881983 73.2823826,21.7858519 73.2831283,21.7847311 73.2858534,21.7842622 73.2886349,21.7853849 73.2893591,21.7867448</coordinates></LineString>
  </Placemark>
  <Placemark>
	<Style><LineStyle><color>ff0000ff</color></LineStyle><PolyStyle><fill>0</fill></PolyStyle></Style>
	<ExtendedData><SchemaData schemaUrl="#132000_voltage_line">
		<SimpleData name="full_id">w223725825</SimpleData>
		<SimpleData name="osm_id">223725825</SimpleData>
		<SimpleData name="osm_type">way</SimpleData>
		<SimpleData name="power">line</SimpleData>
		<SimpleData name="frequency">50</SimpleData>
		<SimpleData name="circuits">1</SimpleData>
		<SimpleData name="cables">3</SimpleData>
		<SimpleData name="voltage">132000</SimpleData>
	</SchemaData></ExtendedData>
      <LineString><coordinates>69.6416906,22.2198144 69.642276,22.2207123 69.6439805,22.2212963 69.6465418,22.2221933 69.6492203,22.2230933 69.6528404,22.2232624 69.6554471,22.2243106 69.6580741,22.2253962 69.6607966,22.2265081 69.6634159,22.2275697 69.6661074,22.2286577 69.6688145,22.2297624 69.6714673,22.2308479 69.6731282,22.2328349 69.6748485,22.2349485 69.676543,22.2369952 69.678222,22.2390634 69.6799501,22.2411626 69.6816162,22.2431757 69.6833623,22.2452916 69.6850852,22.2473835 69.6867952,22.2494731 69.6885155,22.2515625 69.6903211,22.2537476 69.6905494,22.255195 69.6908918,22.2573655 69.6912793,22.2598182 69.6916883,22.2622534 69.6920917,22.2647167 69.6925061,22.2672664 69.6929098,22.2697698 69.6933427,22.2724269 69.6937702,22.2749472 69.694203,22.2776287 69.6946419,22.2802773 69.6950827,22.2829586 69.6954046,22.2849171 69.6958058,22.2873225 69.6979487,22.2884677 69.7004453,22.2898376 69.7029577,22.2912246 69.7052643,22.2924529 69.7078084,22.2938472 69.7102443,22.2951755 69.7124268,22.2963647 69.7137411,22.2970655 69.7145065,22.2974903 69.7173277,22.299036 69.7197364,22.3003226 69.7221406,22.3016509 69.7241989,22.3033883 69.7261466,22.3050461 69.7281127,22.3067211 69.7301263,22.3084448 69.7321004,22.3101051 69.7340624,22.3117783 69.7360366,22.3134777 69.7380197,22.3151606 69.7399998,22.3168296 69.7420032,22.3185019 69.7439263,22.320197 69.746603,22.3213737 69.7487923,22.3223451 69.7515222,22.3235315 69.7533083,22.324343 69.7560458,22.3255536 69.758428,22.3266071 69.7608832,22.3276899 69.7633245,22.3287576 69.7657562,22.3298543 69.7681448,22.3309135 69.7709811,22.3321713 69.7727624,22.3329611 69.7756222,22.3342268 69.7782136,22.3353577 69.7810078,22.3365052 69.7831937,22.3374375 69.7855526,22.3383781 69.7881947,22.3395283 69.7905387,22.3404882 69.7929989,22.3415226 69.7955792,22.3425918 69.7981594,22.3436505 69.8008045,22.3447379 69.8033847,22.3458281 69.8060391,22.3469354 69.8084367,22.3479369 69.8110818,22.3490471 69.8136589,22.3501258 69.8162115,22.3511897 69.8164715,22.3512257 69.8178631,22.3504103</coordinates></LineString>
  </Placemark>
  <Placemark>
	<Style><LineStyle><color>ff0000ff</color></LineStyle><PolyStyle><fill>0</fill></PolyStyle></Style>
	<ExtendedData><SchemaData schemaUrl="#132000_voltage_line">
		<SimpleData name="full_id">w29334132</SimpleData>
		<SimpleData name="osm_id">29334132</SimpleData>
		<SimpleData name="osm_type">way</SimpleData>
		<SimpleData name="power">line</SimpleData>
		<SimpleData name="frequency">50</SimpleData>
		<SimpleData name="circuits">2</SimpleData>
		<SimpleData name="cables">6</SimpleData>
		<SimpleData name="voltage">132000</SimpleData>
	</SchemaData></ExtendedData>
      <LineString><coordinates>72.6792602,23.1062338 72.6795792,23.1062061 72.6803438,23.1055806 72.6823549,23.1031367 72.6840278,23.1007329 72.6854628,23.0988307 72.6863702,23.097461 72.6874549,23.0959419 72.6886342,23.0942181 72.6902312,23.0918998 72.6918566,23.0895386 72.6928356,23.0866275 72.6937675,23.0837879 72.6946835,23.0811055 72.6955981,23.0783589 72.6964597,23.0757613 72.6974568,23.0728487 72.6984533,23.0698604 72.6993575,23.0671187 72.7002866,23.0643815 72.7010711,23.0618502 72.7015861,23.0594179 72.7022728,23.0565748 72.7028564,23.0538344 72.7033972,23.0513861 72.7040066,23.0485982 72.7046675,23.0457154 72.7052425,23.0430695 72.7058948,23.0401392 72.7064613,23.0374775 72.7071326,23.0345975 72.7077335,23.0317223 72.70836,23.0288787 72.7082227,23.0259876 72.7080424,23.0230727 72.7078794,23.0201736 72.7077335,23.0179064 72.706549,23.0159631 72.7049697,23.0132771 72.7036565,23.0112073 72.702163,23.0086713 72.7005923,23.0061432 72.6990731,23.0036151 72.6976054,23.0012133 72.6955369,22.9993724 72.6934598,22.997492 72.6913655,22.9956669 72.6892541,22.993826 72.6872113,22.9920719 72.6848338,22.9899623 72.6826881,22.9880659 72.6805423,22.9861617 72.6783965,22.9842574 72.6762336,22.9823847 72.674105,22.9805356 72.6718391,22.978489 72.6697791,22.9767032 72.6677917,22.9750103 72.6672129,22.9724796 72.6666724,22.9701249 72.666073,22.9675973 72.6647479,22.9669157 72.6635383,22.9676319 72.660679,22.966891 72.6595793,22.9658488 72.6565733,22.9660413 72.6542162,22.9644039 72.6518558,22.9627443 72.6506287,22.9619348 72.649547,22.9611795 72.6479334,22.9601363 72.6461567,22.958769 72.6442169,22.9575519 72.6417707,22.9558764 72.6397537,22.9544933 72.6380457,22.9533236 72.6360201,22.9519721 72.6347783,22.9510746 72.6339887,22.950504 72.6322549,22.9498954 72.6295427,22.9495556 72.6274914,22.9493457 72.6266073,22.9492552 72.6255771,22.9491283</coordinates></LineString>
  </Placemark>
  <Placemark>
	<Style><LineStyle><color>ff0000ff</color></LineStyle><PolyStyle><fill>0</fill></PolyStyle></Style>
	<ExtendedData><SchemaData schemaUrl="#132000_voltage_line">
		<SimpleData name="full_id">w223725837</SimpleData>
		<SimpleData name="osm_id">223725837</SimpleData>
		<SimpleData name="osm_type">way</SimpleData>
		<SimpleData name="power">line</SimpleData>
		<SimpleData name="frequency">50</SimpleData>
		<SimpleData name="circuits">2</SimpleData>
		<SimpleData name="cables">6</SimpleData>
		<SimpleData name="voltage">132000</SimpleData>
	</SchemaData></ExtendedData>
      <LineString><coordinates>69.6770412,21.9773753 69.6770227,21.9774904 69.67654,21.980418 69.6760824,21.9832428 69.6755353,21.9864489 69.6747773,21.9890415 69.6740086,21.9916175 69.6732613,21.9942333 69.6724747,21.9968854 69.6716631,21.9997431 69.6707871,22.0026736 69.6698647,22.0056704 69.6689708,22.0087367 69.6680555,22.0118295 69.6671688,22.0147962 69.6662821,22.0178524 69.6654347,22.0206234 69.6645301,22.0237292 69.6631249,22.0266592 69.6617877,22.0294036 69.6604326,22.0321943 69.6589917,22.0351838 69.6576652,22.0379114 69.6562458,22.0408246 69.6548621,22.043678 69.6535821,22.0463558 69.6532495,22.0492886 69.6528634,22.0525562 69.6524844,22.055817 69.6520696,22.0590678 69.6519159,22.0604761 69.6516835,22.0624046 69.6513581,22.0652378 69.6509791,22.0683227 69.6505787,22.0716858 69.6502068,22.0748501 69.6498564,22.0779448 69.649481,22.0810095 69.6489947,22.0843326 69.6485228,22.0874999 69.6480365,22.0907897 69.6475967,22.0939172 69.6471248,22.0970213 69.6467136,22.1000028 69.6462238,22.1031433 69.6457554,22.106393 69.6453728,22.1089768 69.6449009,22.1122959 69.6444432,22.1153434 69.6439963,22.1183775 69.6435029,22.1215275 69.6430488,22.1248761 69.6425339,22.1282181 69.6420763,22.1314275 69.6415828,22.1346898 69.6410859,22.1380248 69.640155,22.1409383 69.6392659,22.1437211 69.6382863,22.1467414 69.6373102,22.149745 69.6363269,22.1528182 69.6353651,22.1557654 69.6344248,22.1587291 69.6334737,22.1617192 69.6324797,22.1647789 69.6307242,22.1670238 69.6286004,22.1696595 69.6266696,22.1721031 69.6247246,22.1745433 69.6228117,22.1769239 69.6206593,22.1796819 69.6188537,22.1819399 69.6169551,22.1843403 69.614842,22.1867704 69.6127611,22.1891673 69.6107052,22.1915476 69.608678,22.1938783 69.6066829,22.1962221 69.6046735,22.1984666 69.602639,22.200827 69.6005116,22.2032601 69.600222,22.2042143</coordinates></LineString>
  </Placemark>
  <Placemark>
	<Style><LineStyle><color>ff0000ff</color></LineStyle><PolyStyle><fill>0</fill></PolyStyle></Style>
	<ExtendedData><SchemaData schemaUrl="#132000_voltage_line">
		<SimpleData name="full_id">w608402578</SimpleData>
		<SimpleData name="osm_id">608402578</SimpleData>
		<SimpleData name="osm_type">way</SimpleData>
		<SimpleData name="power">line</SimpleData>
		<SimpleData name="frequency">50</SimpleData>
		<SimpleData name="circuits">2</SimpleData>
		<SimpleData name="cables">6</SimpleData>
		<SimpleData name="voltage">132000</SimpleData>
	</SchemaData></ExtendedData>
      <LineString><coordinates>70.1204324,22.4483742 70.1200126,22.4489195 70.1188137,22.4491749</coordinates></LineString>
  </Placemark>
  <Placemark>
	<Style><LineStyle><color>ff0000ff</color></LineStyle><PolyStyle><fill>0</fill></PolyStyle></Style>
	<ExtendedData><SchemaData schemaUrl="#132000_voltage_line">
		<SimpleData name="full_id">w1469804938</SimpleData>
		<SimpleData name="osm_id">1469804938</SimpleData>
		<SimpleData name="osm_type">way</SimpleData>
		<SimpleData name="power">line</SimpleData>
		<SimpleData name="frequency">50</SimpleData>
		<SimpleData name="circuits">2</SimpleData>
		<SimpleData name="cables">6</SimpleData>
		<SimpleData name="voltage">132000</SimpleData>
	</SchemaData></ExtendedData>
      <LineString><coordinates>73.5876046,21.9717978 73.5887057,21.9691263 73.5895613,21.9666923 73.5906945,21.9642844 73.5915247,21.9624324 73.5924487,21.9604224 73.5935108,21.9584473</coordinates></LineString>
  </Placemark>
  <Placemark>
	<Style><LineStyle><color>ff0000ff</color></LineStyle><PolyStyle><fill>0</fill></PolyStyle></Style>
	<ExtendedData><SchemaData schemaUrl="#132000_voltage_line">
		<SimpleData name="full_id">w29332384</SimpleData>
		<SimpleData name="osm_id">29332384</SimpleData>
		<SimpleData name="osm_type">way</SimpleData>
		<SimpleData name="power">line</SimpleData>
		<SimpleData name="cables">6</SimpleData>
		<SimpleData name="voltage">132000</SimpleData>
	</SchemaData></ExtendedData>
      <LineString><coordinates>72.7268049,23.230136 72.7271111,23.2310849 72.726841,23.2317035 72.7254076,23.2340932 72.7244205,23.2365382 72.7233219,23.2389673 72.7222919,23.2413254 72.7210989,23.2438175 72.7200518,23.2463885 72.7189789,23.2488174 72.7177,23.2516249 72.7155886,23.2543218 72.7140007,23.2562933 72.7115459,23.2577127 72.7086792,23.2593292 72.7063703,23.2606776 72.7037096,23.262168 72.7013836,23.2635164 72.6986027,23.2647228 72.6958784,23.2657063 72.6930717,23.2657063 72.6906342,23.2652017 72.6892351,23.2630805 72.6887373,23.2596267 72.6884111,23.2575607 72.6880249,23.2546115 72.6876301,23.2523009 72.6872524,23.2491939 72.6867289,23.24794 72.6849178,23.2474274 72.6800941,23.2460709 72.678532,23.2455977 72.6772789,23.2434369 72.6768412,23.2432634</coordinates></LineString>
  </Placemark>
  <Placemark>
	<Style><LineStyle><color>ff0000ff</color></LineStyle><PolyStyle><fill>0</fill></PolyStyle></Style>
	<ExtendedData><SchemaData schemaUrl="#132000_voltage_line">
		<SimpleData name="full_id">w29332552</SimpleData>
		<SimpleData name="osm_id">29332552</SimpleData>
		<SimpleData name="osm_type">way</SimpleData>
		<SimpleData name="power">line</SimpleData>
		<SimpleData name="cables">3</SimpleData>
		<SimpleData name="voltage">132000</SimpleData>
	</SchemaData></ExtendedData>
      <LineString><coordinates>72.9533711,23.3472895 72.9523504,23.3446211 72.951276,23.3417514 72.9497686,23.3400433 72.9487483,23.3375426 72.9476545,23.3347556 72.9465666,23.332049 72.9454517,23.3292751 72.9430748,23.3269416 72.940934,23.3248703 72.9389653,23.3229072 72.9378863,23.3230995 72.9352855,23.3216835 72.9326444,23.3202305 72.9297296,23.3186297 72.926855,23.317051 72.924375,23.3156756 72.9218064,23.3142743 72.9191613,23.3128509 72.9164558,23.3113239 72.9136819,23.309819 72.9109764,23.3083179 72.9082658,23.3068306 72.9052957,23.3052009 72.9029284,23.3038365 72.9002309,23.3023241 72.8975617,23.3008562 72.8948844,23.2993549 72.8924003,23.2979646 72.8896505,23.2964263 72.8872389,23.2951025 72.8846341,23.2936529 72.8823997,23.2923883 72.8797868,23.2909165 72.8771497,23.2894188 72.8745409,23.2879507 72.8719763,23.2865085 72.8690695,23.2848776 72.8668069,23.2835944 72.864202,23.2821262 72.8618669,23.2808096 72.859254,23.2793303 72.856675,23.2779001 72.8540948,23.2764192 72.8515029,23.2749559 72.8488456,23.2734749 72.846165,23.2719656 72.8435501,23.2708885 72.8395698,23.2692905 72.8369162,23.2681744 72.8338346,23.267154 72.8306334,23.2660839 72.8277808,23.2650965 72.8247169,23.2640359 72.8217432,23.2630473 72.8187002,23.2620233 72.8157805,23.261017 72.8127789,23.2600033 72.8098525,23.259015 72.8069058,23.2580015 72.8041636,23.2570661 72.80124,23.2560491 72.7983293,23.2550316 72.7954454,23.2540853 72.7925529,23.2531942 72.7897634,23.2522715 72.7868795,23.2513252 72.7841415,23.2504341 72.7811632,23.2494799 72.7781849,23.2485257 72.7752066,23.2475635 72.7722025,23.2466172 72.7693186,23.2456472 72.766366,23.2447008 72.7634048,23.2437702 72.7604523,23.2428081 72.7564354,23.2420746 72.7532425,23.2410021 72.7502556,23.2399216 72.7471485,23.2388569 72.7442818,23.2378474 72.7412691,23.2368221 72.7384882,23.2358915 72.7358618,23.234945 72.7335358,23.2341169 72.7305489,23.2330522 72.729063,23.2325719 72.7279139,23.2322004 72.726841,23.2311435 72.7262635,23.2305171</coordinates></LineString>
  </Placemark>
  <Placemark>
	<Style><LineStyle><color>ff0000ff</color></LineStyle><PolyStyle><fill>0</fill></PolyStyle></Style>
	<ExtendedData><SchemaData schemaUrl="#132000_voltage_line">
		<SimpleData name="full_id">w28927402</SimpleData>
		<SimpleData name="osm_id">28927402</SimpleData>
		<SimpleData name="osm_type">way</SimpleData>
		<SimpleData name="power">line</SimpleData>
		<SimpleData name="cables">6</SimpleData>
		<SimpleData name="voltage">132000</SimpleData>
	</SchemaData></ExtendedData>
      <LineString><coordinates>73.1955312,22.1119492 73.1961068,22.1143025 73.1967742,22.1170313 73.1973418,22.1192152 73.1970415,22.1210278 73.1966493,22.1237215 73.1962363,22.1263147 73.1958879,22.1285784 73.1954816,22.1313372 73.1944483,22.1337357 73.1933002,22.1366516 73.1943071,22.139079 73.1954378,22.1418868 73.1966561,22.1447417 73.1975958,22.1477267 73.1984284,22.1506999 73.1993382,22.1539194 73.2001192,22.1567256 73.2000849,22.1591739 73.2000763,22.1622343 73.2000678,22.1651992 73.1999905,22.1683946 73.1999819,22.1714866 73.1999562,22.1745228 73.1999133,22.1774954 73.1999562,22.1805077 73.1999304,22.18352 73.199939,22.1865957 73.1999476,22.1895363 73.2001793,22.192445 73.1999562,22.1952503 73.1999218,22.1983338 73.1993202,22.2008347 73.1987623,22.2009936 73.1979125,22.2039339 73.1970371,22.206882 73.1986945,22.2087677 73.1972268,22.2117078 73.1956904,22.2147908 73.1938794,22.2171428 73.1923252,22.2172256 73.1919911,22.2164277 73.1920284,22.2161944 73.1920652,22.2160047</coordinates></LineString>
  </Placemark>
  <Placemark>
	<Style><LineStyle><color>ff0000ff</color></LineStyle><PolyStyle><fill>0</fill></PolyStyle></Style>
	<ExtendedData><SchemaData schemaUrl="#132000_voltage_line">
		<SimpleData name="full_id">w28927901</SimpleData>
		<SimpleData name="osm_id">28927901</SimpleData>
		<SimpleData name="osm_type">way</SimpleData>
		<SimpleData name="power">line</SimpleData>
		<SimpleData name="voltage">132000</SimpleData>
	</SchemaData></ExtendedData>
      <LineString><coordinates>73.191469,22.2165562 73.1906708,22.2178911 73.1899155,22.219075 73.1890314,22.2206086 73.1877783,22.2223407 73.1864631,22.2231036 73.1847656,22.2243509 73.1836498,22.2250739 73.1821907,22.2259082 73.1798317,22.2274507 73.1789006,22.2282847 73.1783474,22.2288845 73.1777689,22.2295298 73.1775335,22.2310732</coordinates></LineString>
  </Placemark>
  <Placemark>
	<Style><LineStyle><color>ff0000ff</color></LineStyle><PolyStyle><fill>0</fill></PolyStyle></Style>
	<ExtendedData><SchemaData schemaUrl="#132000_voltage_line">
		<SimpleData name="full_id">w140786574</SimpleData>
		<SimpleData name="osm_id">140786574</SimpleData>
		<SimpleData name="osm_type">way</SimpleData>
		<SimpleData name="power">line</SimpleData>
		<SimpleData name="frequency">50</SimpleData>
		<SimpleData name="circuits">2</SimpleData>
		<SimpleData name="cables">6</SimpleData>
		<SimpleData name="voltage">132000</SimpleData>
	</SchemaData></ExtendedData>
      <LineString><coordinates>70.1209487,22.4534458 70.1190295,22.4515682 70.1171288,22.4500406 70.115278,22.4479948 70.1133095,22.4461299 70.1109279,22.4439506 70.1089348,22.4420649 70.1069503,22.440191 70.1048372,22.4381666 70.1027326,22.4361936 70.1006452,22.4341969 70.0986762,22.432349 70.0957924,22.4321841 70.0928058,22.4320193 70.090042,22.4318387 70.0872508,22.4316897 70.0842779,22.4315154 70.0812569,22.4313315 70.0782051,22.4312016 70.0752631,22.4306881 70.0725027,22.4301905 70.0692075,22.4296263 70.0659006,22.4290456 70.0636729,22.42869 70.0604915,22.4304304 70.0594091,22.431505 70.0576852,22.4332673 70.0560071,22.4354883 70.0550494,22.4374688</coordinates></LineString>
  </Placemark>
  <Placemark>
	<Style><LineStyle><color>ff0000ff</color></LineStyle><PolyStyle><fill>0</fill></PolyStyle></Style>
	<ExtendedData><SchemaData schemaUrl="#132000_voltage_line">
		<SimpleData name="full_id">w29108275</SimpleData>
		<SimpleData name="osm_id">29108275</SimpleData>
		<SimpleData name="osm_type">way</SimpleData>
		<SimpleData name="power">line</SimpleData>
		<SimpleData name="cables">12</SimpleData>
		<SimpleData name="voltage">132000</SimpleData>
	</SchemaData></ExtendedData>
      <LineString><coordinates>73.1029268,22.3777236 73.1031712,22.3800294 73.1033858,22.3816882 73.1038492,22.3832516 73.1035059,22.3850691 73.1037033,22.3880213 73.1038063,22.3886166 73.1040295,22.3911402 73.101755,22.3926718 73.1013516,22.3934257 73.101652,22.393886</coordinates></LineString>
  </Placemark>
  <Placemark>
	<Style><LineStyle><color>ff0000ff</color></LineStyle><PolyStyle><fill>0</fill></PolyStyle></Style>
	<ExtendedData><SchemaData schemaUrl="#132000_voltage_line">
		<SimpleData name="full_id">w29108700</SimpleData>
		<SimpleData name="osm_id">29108700</SimpleData>
		<SimpleData name="osm_type">way</SimpleData>
		<SimpleData name="power">line</SimpleData>
		<SimpleData name="cables">6</SimpleData>
		<SimpleData name="voltage">132000</SimpleData>
	</SchemaData></ExtendedData>
      <LineString><coordinates>73.1424506,22.3125877 73.143242,22.3146969 73.1432492,22.3151065 73.143281,22.3169031 73.1419678,22.3190231 73.1415788,22.3197394 73.1409035,22.3210875 73.1395473,22.32393 73.1382256,22.3261531 73.1380539,22.3284159 73.1376419,22.3310172 73.1374589,22.3330296 73.1390574,22.3340586 73.1404142,22.3366965 73.1413799,22.338685 73.1415901,22.3391179 73.1426115,22.34119 73.1426388,22.3412441 73.142829,22.3416222 73.1430287,22.3419503 73.1431541,22.3422612 73.1433241,22.3425451 73.143468,22.3428897 73.1436817,22.3433173 73.1439333,22.3438177 73.1441966,22.3443217 73.1451607,22.3461675 73.1460235,22.3477612 73.1463022,22.3484141 73.1474009,22.3503828 73.1483793,22.3522006 73.1499414,22.3535025 73.1521902,22.3542327 73.1523619,22.3563363 73.1528254,22.3589796 73.1537952,22.3617975 73.1543102,22.3634564 73.1547995,22.3648772 73.1555711,22.3653534 73.1567728,22.3649169 73.1587812,22.364258 73.1593862,22.3647772 73.1603678,22.3664931 73.1589719,22.3686131 73.1575881,22.3707825</coordinates></LineString>
  </Placemark>
  <Placemark>
	<Style><LineStyle><color>ff0000ff</color></LineStyle><PolyStyle><fill>0</fill></PolyStyle></Style>
	<ExtendedData><SchemaData schemaUrl="#132000_voltage_line">
		<SimpleData name="full_id">w28882891</SimpleData>
		<SimpleData name="osm_id">28882891</SimpleData>
		<SimpleData name="osm_type">way</SimpleData>
		<SimpleData name="power">line</SimpleData>
		<SimpleData name="cables">6</SimpleData>
		<SimpleData name="voltage">132000</SimpleData>
	</SchemaData></ExtendedData>
      <LineString><coordinates>73.2403108,22.4597804 73.2401023,22.4594351 73.2372613,22.4591178 73.2347722,22.4583166 73.2321544,22.4600062 73.2300515,22.4607121 73.2277255,22.4616005 73.2263608,22.4618702 73.2243953,22.461077 73.2220264,22.4601014 73.2206016,22.4583087 73.2194858,22.4568333 73.2177606,22.4545964 73.2176833,22.4521771 73.2176662,22.4499004 73.2175975,22.4478379 73.2167392,22.4454105 73.2151857,22.4429672 73.2144029,22.4416993 73.213276,22.4399416 73.2108512,22.4396035 73.2099157,22.4370808 73.2105251,22.4364778</coordinates></LineString>
  </Placemark>
  <Placemark>
	<Style><LineStyle><color>ff0000ff</color></LineStyle><PolyStyle><fill>0</fill></PolyStyle></Style>
	<ExtendedData><SchemaData schemaUrl="#132000_voltage_line">
		<SimpleData name="full_id">w141449682</SimpleData>
		<SimpleData name="osm_id">141449682</SimpleData>
		<SimpleData name="osm_type">way</SimpleData>
		<SimpleData name="power">line</SimpleData>
		<SimpleData name="cables">6</SimpleData>
		<SimpleData name="voltage">132000</SimpleData>
	</SchemaData></ExtendedData>
      <LineString><coordinates>73.2900149,21.7873704 73.2900635,21.7865567 73.2890799,21.7841419 73.2877545,21.7808421 73.2866385,21.7791381 73.2852298,21.7769682 73.2837793,21.774744 73.2818189,21.7717472 73.2798375,21.7687271 73.2789221,21.7673373 73.2771707,21.764682 73.2753273,21.7618403 73.2735549,21.7591383 73.2716029,21.7561412 73.2697845,21.7533848 73.2681209,21.7508651 73.2670675,21.7483958 73.2657592,21.7453713 73.2646849,21.7428593 73.2635479,21.740254 73.2623733,21.7375011 73.2614161,21.7353151 73.2605383,21.7332455 73.2594055,21.7306439 73.2581013,21.7276074 73.2569351,21.7249164 73.2558232,21.7224079 73.2551586,21.7191071 73.2545692,21.7163305 73.2539506,21.7134024 73.2533695,21.7104626 73.2527592,21.7077208 73.2520946,21.7044935 73.2514258,21.7013555 73.2508113,21.698431 73.2502429,21.6956928 73.2496409,21.6928381 73.2489763,21.6896221 73.2483911,21.6867867 73.2478477,21.6843086 73.2478686,21.6828908 73.2474589,21.6822111 73.2471074,21.6796696 73.246698,21.677016 73.2462992,21.6743456 73.2458718,21.6713113 73.24542,21.6681923 73.2449687,21.6650936 73.2445578,21.6621732 73.2441402,21.6592246 73.2437158,21.6562823 73.2418028,21.653609 73.2402165,21.6514241 73.2380442,21.6483876 73.236212,21.6458144 73.2342519,21.643094 73.2324736,21.6406021 73.2302642,21.6383794 73.2278494,21.6359438 73.2256097,21.6333077 73.223306,21.6305808 73.2216726,21.6286711 73.2195137,21.6261257 73.2175266,21.6237869 73.2153375,21.6212195 73.2132493,21.6187711 73.2108278,21.617049 73.2083928,21.6153582 73.2059274,21.6136142 73.2032364,21.6117229 73.2008418,21.6100289 73.1980195,21.6080406 73.1952181,21.6060847 73.1922846,21.6040211 73.1898462,21.6023239 73.1878423,21.6009086 73.1857002,21.5988136 73.1835448,21.5966498 73.180874,21.594038 73.1787016,21.5918898 73.1761656,21.5894032 73.1744243,21.5876652 73.1719186,21.5851754 73.1694061,21.5827295 73.1669366,21.5803056 73.1647104,21.5781133 73.1646298,21.5769136 73.1653919,21.5762182</coordinates></LineString>
  </Placemark>
  <Placemark>
	<Style><LineStyle><color>ff0000ff</color></LineStyle><PolyStyle><fill>0</fill></PolyStyle></Style>
	<ExtendedData><SchemaData schemaUrl="#132000_voltage_line">
		<SimpleData name="full_id">w141449685</SimpleData>
		<SimpleData name="osm_id">141449685</SimpleData>
		<SimpleData name="osm_type">way</SimpleData>
		<SimpleData name="power">line</SimpleData>
		<SimpleData name="cables">6</SimpleData>
		<SimpleData name="voltage">132000</SimpleData>
	</SchemaData></ExtendedData>
      <LineString><coordinates>73.0732914,21.5768338 73.0741712,21.5763681 73.0746341,21.5754267 73.0755985,21.5744704 73.0775001,21.5730074 73.0789584,21.5718838 73.0813505,21.5712696 73.0826518,21.5723859 73.0845835,21.5740497 73.0866105,21.5758169 73.0889432,21.5764831 73.0916691,21.577259 73.0939932,21.5778805 73.096872,21.5776124 73.0993927,21.5773877 73.1023859,21.5771148 73.1053538,21.5768527 73.1084154,21.5765839 73.1114232,21.5763004 73.1145287,21.576028 73.1172007,21.5757867 73.1185415,21.5754655 73.1190726,21.5753526 73.1200253,21.5751414 73.1227095,21.5750475 73.125707,21.5749661 73.1286304,21.5748627 73.1315033,21.5747687 73.135144,21.5746435 73.1380842,21.574562 73.1405092,21.575915 73.1425131,21.5770425 73.1454836,21.5786743 73.1475111,21.5798174 73.1501819,21.5813176 73.1526473,21.5805252 73.1555605,21.5795606 73.159069,21.5792278 73.1621388,21.5785258 73.1630842,21.5776842 73.1633224,21.5772081 73.1651895,21.5761163</coordinates></LineString>
  </Placemark>
  <Placemark>
	<Style><LineStyle><color>ff0000ff</color></LineStyle><PolyStyle><fill>0</fill></PolyStyle></Style>
	<ExtendedData><SchemaData schemaUrl="#132000_voltage_line">
		<SimpleData name="full_id">w331386638</SimpleData>
		<SimpleData name="osm_id">331386638</SimpleData>
		<SimpleData name="osm_type">way</SimpleData>
		<SimpleData name="power">line</SimpleData>
		<SimpleData name="cables">6</SimpleData>
		<SimpleData name="voltage">132000</SimpleData>
	</SchemaData></ExtendedData>
      <LineString><coordinates>72.9025595,21.0677957 72.9038235,21.0678052 72.9052437,21.0683067 72.9063268,21.0687902 72.907248,21.0696448 72.9076259,21.0698517</coordinates></LineString>
  </Placemark>
  <Placemark>
	<Style><LineStyle><color>ff0000ff</color></LineStyle><PolyStyle><fill>0</fill></PolyStyle></Style>
	<ExtendedData><SchemaData schemaUrl="#132000_voltage_line">
		<SimpleData name="full_id">w28927266</SimpleData>
		<SimpleData name="osm_id">28927266</SimpleData>
		<SimpleData name="osm_type">way</SimpleData>
		<SimpleData name="power">line</SimpleData>
		<SimpleData name="voltage">132000</SimpleData>
	</SchemaData></ExtendedData>
      <LineString><coordinates>73.1759064,22.2309838 73.1764986,22.2286479 73.1785328,22.2265583 73.180155,22.2257956 73.1830819,22.2244608 73.1847088,22.2236837 73.1864309,22.2229657 73.1875107,22.2220294 73.1880257,22.2207979 73.1892531,22.2192246 73.190386,22.2176831 73.1913044,22.2165707 73.1912747,22.216115 73.1912939,22.2159258</coordinates></LineString>
  </Placemark>
  <Placemark>
	<Style><LineStyle><color>ff0000ff</color></LineStyle><PolyStyle><fill>0</fill></PolyStyle></Style>
	<ExtendedData><SchemaData schemaUrl="#132000_voltage_line">
		<SimpleData name="full_id">w1469804928</SimpleData>
		<SimpleData name="osm_id">1469804928</SimpleData>
		<SimpleData name="osm_type">way</SimpleData>
		<SimpleData name="power">line</SimpleData>
		<SimpleData name="frequency">50</SimpleData>
		<SimpleData name="circuits">2</SimpleData>
		<SimpleData name="cables">6</SimpleData>
		<SimpleData name="voltage">132000</SimpleData>
	</SchemaData></ExtendedData>
      <LineString><coordinates>73.8063764,22.1482431 73.8084161,22.1499324 73.8100201,22.1513161 73.8125803,22.1534625 73.8151471,22.1556486 73.8175236,22.1576433 73.8201052,22.1598132 73.8205276,22.1623817</coordinates></LineString>
  </Placemark>
  <Placemark>
	<Style><LineStyle><color>ff0000ff</color></LineStyle><PolyStyle><fill>0</fill></PolyStyle></Style>
	<ExtendedData><SchemaData schemaUrl="#132000_voltage_line">
		<SimpleData name="full_id">w1469804929</SimpleData>
		<SimpleData name="osm_id">1469804929</SimpleData>
		<SimpleData name="osm_type">way</SimpleData>
		<SimpleData name="power">line</SimpleData>
		<SimpleData name="frequency">50</SimpleData>
		<SimpleData name="circuits">2</SimpleData>
		<SimpleData name="cables">6</SimpleData>
		<SimpleData name="voltage">132000</SimpleData>
	</SchemaData></ExtendedData>
      <LineString><coordinates>73.5939869,21.9586363 73.5955104,21.96017 73.5972606,21.9619187 73.5993473,21.9638926 73.6018552,21.9651724 73.6044878,21.9665095 73.607229,21.9678763 73.6093386,21.968936 73.6118706,21.9702133 73.6144964,21.9715241 73.6154754,21.9721112 73.6160561,21.9724358 73.6170419,21.9730539 73.6188899,21.9746669 73.6207379,21.9763297 73.6227335,21.978128 73.6245266,21.9797771 73.6267166,21.9817047 73.6288194,21.9835714 73.6305132,21.9850811 73.6323935,21.9867823 73.6336219,21.9892731 73.6346036,21.9913436 73.6359031,21.9940706 73.6369251,21.9961585 73.6382528,21.9988431 73.6393954,22.0011945 73.6403891,22.0032623 73.6416578,22.0058921 73.6426167,22.0079599 73.6438787,22.010459 73.6450709,22.0129122 73.6463544,22.0155555 73.6476713,22.0182323 73.6489052,22.0208109 73.6499646,22.0230139 73.6509946,22.0250827 73.6517859,22.0266666 73.6532176,22.0296651 73.6541033,22.03152 73.6567198,22.0331858 73.6592108,22.0347632 73.6617027,22.0363412 73.6632925,22.0373479 73.665846,22.0391032 73.6686251,22.0410783 73.6714143,22.0430139 73.6740945,22.0449182 73.676768,22.0467705 73.6793965,22.0486251 73.6824355,22.049689 73.6852893,22.0507332 73.688044,22.0517376 73.6908855,22.0527381 73.6939197,22.0540032 73.6965247,22.0550893 73.6997533,22.0564354 73.7015785,22.0571964 73.7047273,22.0585092 73.7073846,22.0595885 73.7101856,22.0607688 73.7134714,22.0621082 73.7165934,22.0633988 73.7176502,22.0644975 73.7207428,22.065472 73.7227357,22.064689 73.7255627,22.0661009 73.727966,22.0673189 73.7306428,22.0686214 73.7330568,22.069909 73.7353635,22.0710773 73.7377748,22.0723598 73.7402478,22.0737542 73.7416238,22.0760932 73.7428844,22.0781761 73.7443838,22.0801172 73.7458348,22.0820087 73.7475756,22.0846382 73.7493754,22.0873772 73.750821,22.0894922 73.752307,22.0917414 73.7540692,22.0945001 73.7553379,22.0959067 73.7571594,22.0986144 73.758747,22.1009541 73.7603885,22.1033721 73.7622714,22.1061007 73.7638539,22.1084317 73.7655598,22.1109167 73.767204,22.1133001 73.7685472,22.1152473 73.7695778,22.1167413 73.7722257,22.1172685 73.7747222,22.1189726 73.7775386,22.1208313 73.7797594,22.1223221 73.7813855,22.1239967 73.7830746,22.1257361 73.7849864,22.1277025 73.7875894,22.1303078 73.7892491,22.1320868 73.7908262,22.1337018 73.7929961,22.1358906 73.7952384,22.1382236 73.7974191,22.1404099 73.799609,22.1427094 73.8016811,22.14478 73.8039248,22.1465016 73.8063764,22.1482431</coordinates></LineString>
  </Placemark>
  <Placemark>
	<Style><LineStyle><color>ff0000ff</color></LineStyle><PolyStyle><fill>0</fill></PolyStyle></Style>
	<ExtendedData><SchemaData schemaUrl="#132000_voltage_line">
		<SimpleData name="full_id">w331386627</SimpleData>
		<SimpleData name="osm_id">331386627</SimpleData>
		<SimpleData name="osm_type">way</SimpleData>
		<SimpleData name="power">line</SimpleData>
		<SimpleData name="frequency">50</SimpleData>
		<SimpleData name="circuits">1</SimpleData>
		<SimpleData name="cables">3</SimpleData>
		<SimpleData name="voltage">132000</SimpleData>
	</SchemaData></ExtendedData>
      <LineString><coordinates>72.9585016,20.9443513 72.957168,20.9440918 72.9556976,20.9450565 72.9560114,20.9478844 72.956538,20.9509316 72.9565662,20.9533857 72.9565839,20.9557624 72.9565903,20.9583431 72.9566435,20.9603386 72.9589544,20.9620752 72.9615472,20.9640213 72.9616801,20.9657576 72.9619672,20.9690875 72.9601605,20.9716014 72.9585151,20.9739445 72.9569547,20.9760969 72.9555047,20.9780972 72.9540456,20.980072 72.9523644,20.9817188 72.9503545,20.9836617 72.9483165,20.9856143 72.9461111,20.9877111 72.9441043,20.9896022 72.942319,20.9920956 72.9406162,20.9944284 72.9389093,20.9967873 72.9371451,20.999239 72.9354594,21.0015676 72.9338067,21.0038512 72.9320804,21.006246 72.9304008,21.0085655 72.9285965,21.0110471 72.9267141,21.0136366 72.925112,21.0158509 72.923447,21.0181272 72.9220119,21.0202303 72.9203634,21.0226153 72.9187116,21.0250291 72.9171834,21.0272826 72.9155452,21.0296547 72.9139895,21.0319594 72.9125953,21.0339917 72.9110842,21.0362162 72.9094598,21.0385849 72.9080552,21.0406747 72.9075429,21.0435631 72.907074,21.0462955 72.9066076,21.0489536 72.9061064,21.051841 72.905573,21.0548761 72.9050612,21.0578668 72.9045301,21.0609001 72.904073,21.0635444 72.9035424,21.0665929 72.9025595,21.0677957 72.9016007,21.0689691 72.8998458,21.0709886 72.8979673,21.0732639 72.896246,21.0753989 72.8942618,21.0776856 72.8929706,21.0792077 72.8917589,21.0806612 72.8904843,21.0821902 72.8886707,21.0843656 72.8870572,21.086286 72.8851581,21.0885706 72.8832693,21.0908104 72.880697,21.0921593 72.8779359,21.0935947 72.8752263,21.0950366 72.8725374,21.0964464 72.8704693,21.0975584 72.8692509,21.0972899 72.867144,21.0990372 72.8649073,21.1008921 72.8641319,21.1020274 72.861733,21.1028502 72.8606615,21.1032484 72.8603696,21.1045787 72.8585976,21.1060287 72.8562342,21.1079662 72.8543567,21.1095028 72.851991,21.1113901 72.8498196,21.1130802 72.8495638,21.1161656 72.8493512,21.1190652 72.8491291,21.1219729 72.848907,21.1245887 72.8487628,21.1265649 72.8485147,21.1292744 72.848363,21.1318513 72.8483533,21.1319735 72.8481576,21.1344275 72.8481439,21.1346187 72.8478734,21.1372362</coordinates></LineString>
  </Placemark>
  <Placemark>
	<Style><LineStyle><color>ff0000ff</color></LineStyle><PolyStyle><fill>0</fill></PolyStyle></Style>
	<ExtendedData><SchemaData schemaUrl="#132000_voltage_line">
		<SimpleData name="full_id">w331386629</SimpleData>
		<SimpleData name="osm_id">331386629</SimpleData>
		<SimpleData name="osm_type">way</SimpleData>
		<SimpleData name="power">line</SimpleData>
		<SimpleData name="cables">6</SimpleData>
		<SimpleData name="voltage">132000</SimpleData>
	</SchemaData></ExtendedData>
      <LineString><coordinates>72.9042154,21.0706763 72.9054081,21.0707684 72.9073822,21.0700264</coordinates></LineString>
  </Placemark>
  <Placemark>
	<Style><LineStyle><color>ff0000ff</color></LineStyle><PolyStyle><fill>0</fill></PolyStyle></Style>
	<ExtendedData><SchemaData schemaUrl="#132000_voltage_line">
		<SimpleData name="full_id">w1379140425</SimpleData>
		<SimpleData name="osm_id">1379140425</SimpleData>
		<SimpleData name="osm_type">way</SimpleData>
		<SimpleData name="power">line</SimpleData>
		<SimpleData name="cables">3</SimpleData>
		<SimpleData name="voltage">132000</SimpleData>
	</SchemaData></ExtendedData>
      <LineString><coordinates>70.3953232,23.2680851 70.3957149,23.2680195</coordinates></LineString>
  </Placemark>
  <Placemark>
	<Style><LineStyle><color>ff0000ff</color></LineStyle><PolyStyle><fill>0</fill></PolyStyle></Style>
	<ExtendedData><SchemaData schemaUrl="#132000_voltage_line">
		<SimpleData name="full_id">w1379140426</SimpleData>
		<SimpleData name="osm_id">1379140426</SimpleData>
		<SimpleData name="osm_type">way</SimpleData>
		<SimpleData name="power">line</SimpleData>
		<SimpleData name="cables">3</SimpleData>
		<SimpleData name="voltage">132000</SimpleData>
	</SchemaData></ExtendedData>
      <LineString><coordinates>70.3956154,23.2675556 70.3952244,23.2676277</coordinates></LineString>
  </Placemark>
  <Placemark>
	<Style><LineStyle><color>ff0000ff</color></LineStyle><PolyStyle><fill>0</fill></PolyStyle></Style>
	<ExtendedData><SchemaData schemaUrl="#132000_voltage_line">
		<SimpleData name="full_id">w29488146</SimpleData>
		<SimpleData name="osm_id">29488146</SimpleData>
		<SimpleData name="osm_type">way</SimpleData>
		<SimpleData name="power">line</SimpleData>
		<SimpleData name="frequency">50</SimpleData>
		<SimpleData name="circuits">1</SimpleData>
		<SimpleData name="cables">3</SimpleData>
		<SimpleData name="voltage">132000</SimpleData>
	</SchemaData></ExtendedData>
      <LineString><coordinates>72.7582998,22.8139321 72.75865,22.813654 72.7587003,22.8133223 72.7585369,22.8131184 72.7578484,22.8125726 72.756143,22.8114805 72.7545712,22.8104726 72.7531348,22.8095706 72.7515726,22.8085687 72.7501153,22.8075572 72.7485043,22.8064766 72.7473181,22.8060165 72.7461289,22.8056056 72.7456342,22.8054213 72.7436662,22.8055964 72.7421793,22.8058188 72.7393282,22.80617 72.7376681,22.8084347 72.7362845,22.8103246 72.734642,22.8125764 72.7329715,22.8148507 72.7310738,22.8174342 72.7291963,22.8199897 72.7274035,22.8224299 72.725567,22.8249296 72.7238933,22.8272 72.7221144,22.8273347 72.71937,22.8259659 72.7172156,22.8260688 72.7151385,22.8281493 72.7131387,22.830127 72.7110616,22.8321679 72.7089759,22.8342167 72.7069846,22.8362023 72.704753,22.8383776 72.7027703,22.8412173 72.7009164,22.8438197 72.6991483,22.8463033 72.6973887,22.8488107 72.6955348,22.8513813 72.693801,22.8539044 72.6922303,22.8563958 72.6904536,22.8586973 72.6888143,22.8609593 72.687544,22.862802 72.6856814,22.8649374 72.6838618,22.8670806 72.6820079,22.8693108 72.6802553,22.8715153 72.6802451,22.8736386 72.6791364,22.8755327 72.6771579,22.8763476 72.6756442,22.8753671 72.6736781,22.8760492 72.6729747,22.8785944 72.6724228,22.8803653 72.6706868,22.8825246 72.6686901,22.8848765 72.6670353,22.8868011 72.6653511,22.8887673 72.6638089,22.8905682 72.6613484,22.8923687 72.6588333,22.8942604 72.6563788,22.8960701 72.6538812,22.8978729 72.6516152,22.8996044 72.6492806,22.9012885 72.6469975,22.9029963 72.6450835,22.9042851 72.6426803,22.9058426 72.6402942,22.9074713 72.6379252,22.9090446 72.6355048,22.9106258 72.6332732,22.9121438 72.6308785,22.913717 72.6285268,22.9152744 72.626278,22.9168714 72.6237288,22.9184288 72.6212569,22.920081 72.6190253,22.9216226 72.6165105,22.923259 72.6140643,22.9248242 72.6114722,22.926587 72.6093235,22.9280894 72.6070511,22.9295685 72.6061889,22.9301417 72.6046462,22.9311473 72.6031287,22.9334667 72.6015073,22.9357882 72.5998164,22.9383018 72.5982418,22.9408546 72.5967097,22.9431112 72.5951814,22.9453867 72.5933341,22.9474527 72.5910548,22.9485237 72.5881795,22.9498787 72.5877321,22.950561</coordinates></LineString>
  </Placemark>
  <Placemark>
	<Style><LineStyle><color>ff0000ff</color></LineStyle><PolyStyle><fill>0</fill></PolyStyle></Style>
	<ExtendedData><SchemaData schemaUrl="#132000_voltage_line">
		<SimpleData name="full_id">w1351288690</SimpleData>
		<SimpleData name="osm_id">1351288690</SimpleData>
		<SimpleData name="osm_type">way</SimpleData>
		<SimpleData name="power">line</SimpleData>
		<SimpleData name="cables">3</SimpleData>
		<SimpleData name="voltage">132000</SimpleData>
	</SchemaData></ExtendedData>
      <LineString><coordinates>73.2602305,22.367101 73.2600876,22.3674105</coordinates></LineString>
  </Placemark>
  <Placemark>
	<Style><LineStyle><color>ff0000ff</color></LineStyle><PolyStyle><fill>0</fill></PolyStyle></Style>
	<ExtendedData><SchemaData schemaUrl="#132000_voltage_line">
		<SimpleData name="full_id">w1351288691</SimpleData>
		<SimpleData name="osm_id">1351288691</SimpleData>
		<SimpleData name="osm_type">way</SimpleData>
		<SimpleData name="power">line</SimpleData>
		<SimpleData name="cables">3</SimpleData>
		<SimpleData name="voltage">132000</SimpleData>
	</SchemaData></ExtendedData>
      <LineString><coordinates>73.259766,22.3672742 73.2599086,22.3669721</coordinates></LineString>
  </Placemark>
  <Placemark>
	<Style><LineStyle><color>ff0000ff</color></LineStyle><PolyStyle><fill>0</fill></PolyStyle></Style>
	<ExtendedData><SchemaData schemaUrl="#132000_voltage_line">
		<SimpleData name="full_id">w1351288692</SimpleData>
		<SimpleData name="osm_id">1351288692</SimpleData>
		<SimpleData name="osm_type">way</SimpleData>
		<SimpleData name="power">line</SimpleData>
		<SimpleData name="cables">3</SimpleData>
		<SimpleData name="voltage">132000</SimpleData>
	</SchemaData></ExtendedData>
      <LineString><coordinates>73.2607079,22.3673094 73.2605481,22.3676057</coordinates></LineString>
  </Placemark>
  <Placemark>
	<Style><LineStyle><color>ff0000ff</color></LineStyle><PolyStyle><fill>0</fill></PolyStyle></Style>
	<ExtendedData><SchemaData schemaUrl="#132000_voltage_line">
		<SimpleData name="full_id">w29354169</SimpleData>
		<SimpleData name="osm_id">29354169</SimpleData>
		<SimpleData name="osm_type">way</SimpleData>
		<SimpleData name="power">line</SimpleData>
		<SimpleData name="frequency">50</SimpleData>
		<SimpleData name="circuits">1</SimpleData>
		<SimpleData name="cables">3</SimpleData>
		<SimpleData name="voltage">132000</SimpleData>
	</SchemaData></ExtendedData>
      <LineString><coordinates>72.5880675,22.9507418 72.5887223,22.950138 72.5906171,22.9498199 72.5927961,22.9494192 72.5934844,22.9497749 72.5952063,22.9512548 72.5971942,22.9522668</coordinates></LineString>
  </Placemark>
  <Placemark>
	<Style><LineStyle><color>ff0000ff</color></LineStyle><PolyStyle><fill>0</fill></PolyStyle></Style>
	<ExtendedData><SchemaData schemaUrl="#132000_voltage_line">
		<SimpleData name="full_id">w29384224</SimpleData>
		<SimpleData name="osm_id">29384224</SimpleData>
		<SimpleData name="osm_type">way</SimpleData>
		<SimpleData name="power">line</SimpleData>
		<SimpleData name="frequency">50</SimpleData>
		<SimpleData name="circuits">2</SimpleData>
		<SimpleData name="cables">6</SimpleData>
		<SimpleData name="voltage">132000</SimpleData>
	</SchemaData></ExtendedData>
      <LineString><coordinates>72.6248337,23.1853164 72.6267865,23.185369 72.6288597,23.1854347 72.6305811,23.1854817 72.6330004,23.1855681 72.635157,23.1856145 72.6373342,23.1856887 72.6380692,23.1853402 72.6379293,23.1840331 72.6377882,23.1829167 72.6376425,23.1815596 72.6374905,23.1801944 72.6373678,23.1790715 72.6372031,23.1776956 72.6370425,23.1761509 72.6369188,23.1750232 72.6367525,23.1735823 72.6366112,23.1722429 72.6364639,23.1709552 72.6363043,23.1695321 72.636159,23.1682631 72.6359887,23.1666852 72.6358567,23.1655536 72.6357232,23.1642918 72.6355496,23.1627885 72.635327,23.1606024 72.6352097,23.1593252 72.6350376,23.1578648 72.6347758,23.155572 72.634651,23.1542228 72.6345059,23.1528847 72.6343705,23.1515448 72.6342028,23.150035 72.6340081,23.14815 72.6338274,23.1464966 72.6336745,23.1451106 72.6334307,23.1426356 72.6332923,23.1412717 72.633146,23.1399364 72.6330095,23.1386035 72.6328658,23.1372241 72.6326904,23.1354711 72.6325745,23.1343886 72.6309061,23.1327416 72.6299521,23.1319487 72.628538,23.1308335 72.6274818,23.129983 72.6263842,23.1291165 72.6241765,23.1273635 72.6230274,23.1264624 72.6208031,23.1246725 72.6189194,23.1231884 72.616956,23.1216373 72.6156246,23.120549 72.6143682,23.1195696 72.6133499,23.1187253 72.6123893,23.1179608 72.6106174,23.1165339 72.6092716,23.1154642 72.6083115,23.1146932 72.6060156,23.1136252 72.603759,23.1126604 72.6012962,23.1116835 72.6006201,23.1105316 72.5998465,23.1092536 72.5991464,23.107167 72.5978761,23.104846 72.5964685,23.102146 72.5952754,23.0997223 72.5945743,23.097583 72.594291,23.0959566 72.5946687,23.0942197 72.5953425,23.0921763 72.5956802,23.0906042 72.5960278,23.0881472 72.5963708,23.0865523 72.5959641,23.0843548 72.5954263,23.0830088 72.5957213,23.0806227 72.5959694,23.0781243 72.5976662,23.0760384</coordinates></LineString>
  </Placemark>
  <Placemark>
	<Style><LineStyle><color>ff0000ff</color></LineStyle><PolyStyle><fill>0</fill></PolyStyle></Style>
	<ExtendedData><SchemaData schemaUrl="#132000_voltage_line">
		<SimpleData name="full_id">w29335333</SimpleData>
		<SimpleData name="osm_id">29335333</SimpleData>
		<SimpleData name="osm_type">way</SimpleData>
		<SimpleData name="power">line</SimpleData>
		<SimpleData name="frequency">50</SimpleData>
		<SimpleData name="circuits">1</SimpleData>
		<SimpleData name="cables">3</SimpleData>
		<SimpleData name="voltage">132000</SimpleData>
	</SchemaData></ExtendedData>
      <LineString><coordinates>72.6245476,23.099877 72.6253544,23.1017007 72.6261784,23.1038165 72.6288048,23.1048033 72.631208,23.1062243 72.6345898,23.1085374 72.6382204,23.1101557 72.6398111,23.1109624 72.6413961,23.1117662 72.6436106,23.1128555 72.6457134,23.1129424 72.6521593,23.1131713 72.6543137,23.1132581 72.6569051,23.1124667 72.6570313,23.1124395 72.6589696,23.112022 72.6616234,23.11149 72.6645189,23.1109452 72.6678749,23.110282 72.6704911,23.1097013</coordinates></LineString>
  </Placemark>
  <Placemark>
	<Style><LineStyle><color>ff0000ff</color></LineStyle><PolyStyle><fill>0</fill></PolyStyle></Style>
	<ExtendedData><SchemaData schemaUrl="#132000_voltage_line">
		<SimpleData name="full_id">w29335435</SimpleData>
		<SimpleData name="osm_id">29335435</SimpleData>
		<SimpleData name="osm_type">way</SimpleData>
		<SimpleData name="power">line</SimpleData>
		<SimpleData name="frequency">50</SimpleData>
		<SimpleData name="circuits">1</SimpleData>
		<SimpleData name="cables">3</SimpleData>
		<SimpleData name="voltage">132000</SimpleData>
	</SchemaData></ExtendedData>
      <LineString><coordinates>72.593705,23.0691776 72.5949238,23.0699831 72.59647,23.0724722 72.5974543,23.074448 72.5982876,23.0787667 72.5984465,23.0817194 72.597608,23.0837841 72.5964053,23.0888118 72.5957513,23.0918586 72.5951521,23.0932482 72.5949667,23.0946184 72.5949752,23.0971843 72.59531,23.0993554 72.5961399,23.1008 72.5976162,23.1036579 72.5991268,23.1060657 72.600277,23.1088909 72.6015735,23.1114324 72.6024958,23.1119955</coordinates></LineString>
  </Placemark>
  <Placemark>
	<Style><LineStyle><color>ff0000ff</color></LineStyle><PolyStyle><fill>0</fill></PolyStyle></Style>
	<ExtendedData><SchemaData schemaUrl="#132000_voltage_line">
		<SimpleData name="full_id">w29335685</SimpleData>
		<SimpleData name="osm_id">29335685</SimpleData>
		<SimpleData name="osm_type">way</SimpleData>
		<SimpleData name="power">line</SimpleData>
		<SimpleData name="cables">3</SimpleData>
		<SimpleData name="voltage">132000</SimpleData>
	</SchemaData></ExtendedData>
      <LineString><coordinates>72.7355418,23.5511177 72.7341163,23.5484732 72.7328543,23.5461645 72.7314395,23.5435362 72.7302717,23.5413676 72.728943,23.5389622 72.7284618,23.536291 72.7279751,23.5335891 72.7275098,23.5308875 72.7269928,23.5280573 72.7265339,23.5254711 72.7260444,23.5227951 72.7267236,23.5200658 72.7272712,23.5177936 72.727984,23.5149014 72.7295473,23.5122645 72.7314349,23.5109123 72.7327473,23.507992 72.7331829,23.5050091 72.7335837,23.5022732 72.7339814,23.4995546 72.7343026,23.4969342 72.7346513,23.4939182 72.7350307,23.4906383 72.7353795,23.4875267 72.7353458,23.4848892 72.7352387,23.4821142 72.7351102,23.4793671 72.7349817,23.4765359 72.7348563,23.4739459 72.7347309,23.4710892 72.7346055,23.4684374 72.7345014,23.4658921 72.7343591,23.4629117 72.7342163,23.4599236 72.7341009,23.4575074 72.7339816,23.455009 72.7338623,23.4525108 72.7337064,23.449418 72.7335793,23.4468941 72.7334722,23.443926 72.7333307,23.4411754 72.7332504,23.4384773 72.7331777,23.4354459 72.7330936,23.4324354 72.733021,23.4296354 72.7329382,23.426899 72.7328648,23.4240267 72.7328023,23.4212881 72.7327183,23.4186116 72.7326318,23.415857 72.7338562,23.4126415 72.7349259,23.4098445 72.7357114,23.4078139 72.7364965,23.4057848 72.7380261,23.4018787 72.7391236,23.3990851 72.7403415,23.3970212 72.741876,23.3944405 72.743317,23.3919629 72.7448703,23.3893864 72.7463534,23.3868743 72.7477664,23.3844781 72.7490623,23.3823052 72.7503583,23.3801193 72.7518648,23.3776156 72.7516262,23.3748886 72.7513876,23.3719897 72.7511303,23.3689318 72.7508496,23.365788 72.750637,23.3631415 72.7503817,23.359964 72.7500963,23.3567125 72.7498624,23.3539808 72.7496472,23.3511888 72.7494086,23.3483238 72.74917,23.3456004 72.7489454,23.3428125 72.7487068,23.3400075 72.7484962,23.3372195 72.7482529,23.3346677 72.7491653,23.3320515 72.7501899,23.3291259 72.7510929,23.3265053 72.7520426,23.3237729 72.7529362,23.3211607 72.7538579,23.3185356 72.7547889,23.3158374 72.7556966,23.3132552 72.7566089,23.3106256 72.7572499,23.3079273 72.7579376,23.3052031 72.7586488,23.3022984 72.7593178,23.2995698 72.7599869,23.2969013 72.7606359,23.2941757 72.7613139,23.291434 72.7620015,23.2886535 72.7626728,23.2858818 72.7629887,23.28298 72.7632948,23.2802807 72.7635991,23.2774618 72.7639187,23.2746219 72.7642417,23.2717524 72.7645593,23.2689296 72.764834,23.2661935 72.7651172,23.2634731 72.7654262,23.2607763 72.7644134,23.2586078 72.7631689,23.2558715 72.7619844,23.2533323 72.76086,23.2508876 72.7596927,23.2483089 72.7585168,23.2457695 72.7573066,23.2432065 72.7572208,23.241779 72.7561822,23.2407064 72.7550235,23.2380959 72.7537275,23.2352803 72.7525602,23.2327802 72.75141,23.2302247 72.7502943,23.2276771 72.749127,23.2251532 72.7479854,23.222566 72.7467752,23.2200025 72.7456336,23.2174389 72.7444578,23.2148201 72.7433076,23.2122801 72.7421232,23.209677 72.7409215,23.2070974 72.7397542,23.2045415 72.7385955,23.2020881 72.7374883,23.1995242 72.7364068,23.196976 72.735231,23.1944751 72.7340465,23.1918874 72.732905,23.1893469 72.7319007,23.1869485 72.7304073,23.1852679 72.7284074,23.1828852 72.7264419,23.1804392 72.7243476,23.1779696 72.722528,23.1758155 72.7205453,23.1733931 72.7186485,23.1711838 72.7168718,23.1688875 72.7150522,23.1665518 72.7132926,23.1642319 72.7115417,23.161612 72.7098937,23.1590789 72.7084003,23.1567509 72.7069841,23.1545886 72.7054477,23.1521895 72.7038598,23.1497746 72.7023578,23.1474228 72.7010789,23.1455129 72.6993881,23.14294 72.6976715,23.1402644 72.6961523,23.1378888 72.694633,23.1355288 72.6929765,23.1329873 72.6913715,23.1305089 72.6896978,23.1279752 72.6889081,23.1260335 72.6861272,23.1235865 72.6842046,23.1218578 72.6821447,23.1200265 72.680059,23.1182977 72.6793638,23.1176662 72.6774535,23.1160135 72.6748878,23.1136936</coordinates></LineString>
  </Placemark>
  <Placemark>
	<Style><LineStyle><color>ff0000ff</color></LineStyle><PolyStyle><fill>0</fill></PolyStyle></Style>
	<ExtendedData><SchemaData schemaUrl="#132000_voltage_line">
		<SimpleData name="full_id">w29335765</SimpleData>
		<SimpleData name="osm_id">29335765</SimpleData>
		<SimpleData name="osm_type">way</SimpleData>
		<SimpleData name="power">line</SimpleData>
		<SimpleData name="cables">3</SimpleData>
		<SimpleData name="voltage">132000</SimpleData>
	</SchemaData></ExtendedData>
      <LineString><coordinates>72.7259178,23.2297337 72.7256584,23.229069 72.7254318,23.2263161 72.7251647,23.2230223 72.7251199,23.219759 72.7251,23.2171134 72.7250616,23.214424 72.7250295,23.2114248 72.7249865,23.2084722 72.7251115,23.2060561 72.7245279,23.2030426 72.7240301,23.1999659 72.7235151,23.1973152 72.7231632,23.1949169 72.7225624,23.191627 72.7220474,23.1887868 72.7215324,23.1859307 72.7210174,23.1831219 72.720511,23.1803209 72.7199874,23.1774094 72.7185283,23.1749712 72.7170864,23.1725015 72.7156015,23.170008 72.7141595,23.1675145 72.7126832,23.1649815 72.7112327,23.1625353 72.7098165,23.1600811 72.7083402,23.1576111 72.7068468,23.1550621 72.7051044,23.1526157 72.703053,23.1504296 72.7010103,23.1481962 72.6989246,23.1459785 72.6969161,23.1437923 72.6949077,23.1416772 72.6930023,23.1393568 72.6910367,23.1370206 72.6893974,23.1350632 72.6874319,23.1327742 72.685535,23.1304694 72.6835695,23.1281331 72.6816898,23.1259308 72.6790164,23.1240004 72.6778456,23.1219582 72.6766528,23.119039 72.6754842,23.1169795 72.674005,23.114484 72.6732369,23.1131428</coordinates></LineString>
  </Placemark>
  <Placemark>
	<Style><LineStyle><color>ff0000ff</color></LineStyle><PolyStyle><fill>0</fill></PolyStyle></Style>
	<ExtendedData><SchemaData schemaUrl="#132000_voltage_line">
		<SimpleData name="full_id">w353881213</SimpleData>
		<SimpleData name="osm_id">353881213</SimpleData>
		<SimpleData name="osm_type">way</SimpleData>
		<SimpleData name="power">line</SimpleData>
		<SimpleData name="frequency">50</SimpleData>
		<SimpleData name="circuits">2</SimpleData>
		<SimpleData name="cables">6</SimpleData>
		<SimpleData name="voltage">132000</SimpleData>
	</SchemaData></ExtendedData>
      <LineString><coordinates>73.9796796,22.8325709 73.9778162,22.832142 73.9754584,22.8313888 73.9734688,22.8311986 73.9708438,22.8308373</coordinates></LineString>
  </Placemark>
  <Placemark>
	<Style><LineStyle><color>ff0000ff</color></LineStyle><PolyStyle><fill>0</fill></PolyStyle></Style>
	<ExtendedData><SchemaData schemaUrl="#132000_voltage_line">
		<SimpleData name="full_id">w353881171</SimpleData>
		<SimpleData name="osm_id">353881171</SimpleData>
		<SimpleData name="osm_type">way</SimpleData>
		<SimpleData name="power">line</SimpleData>
		<SimpleData name="circuits">1</SimpleData>
		<SimpleData name="cables">3</SimpleData>
		<SimpleData name="voltage">132000</SimpleData>
	</SchemaData></ExtendedData>
      <LineString><coordinates>73.6507274,22.7633223 73.6525681,22.7628753 73.6555562,22.7643564 73.6585907,22.7658707 73.661374,22.767237 73.6640468,22.7685491 73.6668182,22.7699096 73.6698245,22.7714266 73.6728063,22.7729313 73.6755034,22.7742739 73.6785003,22.7757474 73.6815653,22.7772799 73.6845348,22.7787424 73.686113,22.7795683 73.687644,22.7802978 73.6906548,22.7817876 73.6934899,22.7831846 73.6961508,22.784524 73.6993822,22.785082 73.7025178,22.7856236 73.7058684,22.7862355 73.7091515,22.7868209 73.7124218,22.7874148 73.7156674,22.7879835 73.7190556,22.788585 73.7223841,22.7891728 73.7256678,22.7894728 73.7291687,22.7896656 73.7320915,22.789871 73.7354611,22.7900861 73.7386509,22.7903236 73.7419442,22.7905688 73.745283,22.7907786 73.7487123,22.7910086 73.7522732,22.7912739 73.755612,22.7914862 73.7589892,22.7917137 73.7624487,22.7919664 73.7657656,22.7915418 73.7691318,22.7911223 73.7725035,22.790699 73.7758855,22.7902725 73.7793044,22.7898498 73.7826794,22.7894272 73.786129,22.7890006 73.7887342,22.788667 73.7920435,22.7897224 73.7952474,22.7897588 73.7986663,22.7898093 73.8020852,22.7898518 73.8055063,22.7898983 73.8087058,22.7899347 73.8121576,22.7899812 73.8156598,22.7900317 73.8188506,22.7900722 73.8222476,22.7901086 73.8254801,22.7901489 73.8288836,22.7901915 73.8322937,22.790242 73.8355612,22.7902744 73.8389099,22.7903209 73.8421117,22.7903714 73.845535,22.7903997 73.8490328,22.7899468 73.8521095,22.7895506 73.8554275,22.7891199 73.8588355,22.7886833 73.8620092,22.7882628 73.8647232,22.7889566 73.8680671,22.7896991 73.870325,22.7902085 73.8735899,22.7909736 73.876832,22.7917532 73.8796934,22.7924244 73.8827636,22.7931458 73.8856987,22.7938332 73.8885286,22.7945092 73.891784,22.7952684 73.8947314,22.7959723 73.8977293,22.7966775 73.9008714,22.7974018 73.9039033,22.7981169 73.9070447,22.7988447 73.9100875,22.7995852 73.9124806,22.8001361 73.913854,22.8001689 73.9172244,22.7995858 73.9201083,22.799082 73.9233291,22.7985194 73.9266186,22.7979356 73.9299903,22.797324 73.9331263,22.7967656 73.9363527,22.7961868 73.9389405,22.7966695 73.9414515,22.7971269 73.9438966,22.7975843 73.9468736,22.7981201 73.9503303,22.7987695 73.9531367,22.7992883 73.9559656,22.7998113 73.9587814,22.800331 73.962088,22.8009454 73.9654117,22.8015629 73.9687561,22.8021789 73.9710416,22.8025958 73.9739199,22.8030855 73.9767433,22.8035593 73.9798478,22.8040868 73.9825719,22.8045479 73.9857689,22.8048038 73.9890172,22.805066 73.9911074,22.8052271 73.9941262,22.8054892 73.9977344,22.805843 74.000414,22.8061304 74.0028879,22.8064589 74.0061603,22.8068822 74.0090729,22.8072644 74.0122493,22.8077066 74.0154565,22.8080951 74.0187357,22.8084363 74.021871,22.8087616 74.0251468,22.8095828 74.0283369,22.8103851 74.0315373,22.8112316 74.0348496,22.8120847 74.0376811,22.812814 74.040974,22.8136637 74.0440271,22.814428 74.046565,22.8150726 74.0474468,22.8152966 74.0504485,22.8160609 74.0535632,22.8168379 74.0560988,22.818016 74.058446,22.8190993 74.0614648,22.8204858 74.0642917,22.8218218 74.06668,22.8229209 74.0695549,22.8242347 74.0724229,22.825558 74.07538,22.8269034 74.0774497,22.827873 74.0799134,22.8290194 74.0825278,22.8293289 74.0851286,22.829651 74.0877593,22.8299459 74.0907302,22.830287 74.0942036,22.8307153 74.0974331,22.8310721 74.100498,22.8314107 74.1037565,22.831798 74.1070872,22.8321939 74.1105892,22.8326234 74.1129227,22.8329013 74.1162704,22.8332866 74.119039,22.8336119 74.1224348,22.8334666 74.1247854,22.8333561 74.1281605,22.8332424 74.1314946,22.8331413 74.1342735,22.8330434 74.1375698,22.8329139 74.1410272,22.8327971 74.1436433,22.8327186 74.1468931,22.8326012 74.150314,22.8324806 74.1535336,22.8323663 74.1565051,22.8322643 74.1598019,22.8321406 74.1631691,22.8320201 74.1664726,22.8319057 74.1691053,22.8317944 74.1724994,22.8316739 74.1752696,22.8315873 74.1788045,22.8314482 74.1823302,22.831323 74.1852446,22.8312158 74.1888131,22.8311601 74.1913016,22.8311231 74.1937398,22.8310767 74.1958795,22.8313054 74.1993474,22.8316547 74.2015038,22.8318958 74.2044585,22.8321925 74.2059946,22.8323595 74.2089828,22.8326438 74.2113439,22.8320905 74.2136916,22.8315434 74.2161398,22.8309809 74.2188967,22.8303163 74.221848,22.8296301 74.2245948,22.8290149 74.2279486,22.8282854 74.2308589,22.829363</coordinates></LineString>
  </Placemark>
  <Placemark>
	<Style><LineStyle><color>ff0000ff</color></LineStyle><PolyStyle><fill>0</fill></PolyStyle></Style>
	<ExtendedData><SchemaData schemaUrl="#132000_voltage_line">
		<SimpleData name="full_id">w137989406</SimpleData>
		<SimpleData name="osm_id">137989406</SimpleData>
		<SimpleData name="osm_type">way</SimpleData>
		<SimpleData name="power">line</SimpleData>
		<SimpleData name="cables">3</SimpleData>
		<SimpleData name="voltage">132000</SimpleData>
	</SchemaData></ExtendedData>
      <LineString><coordinates>72.9409715,22.5698858 72.9392035,22.5722475 72.9373475,22.5747291 72.9357152,22.5769381 72.9339355,22.5793053 72.932152,22.5816876 72.9304216,22.5838506 72.9286016,22.5861215 72.9268054,22.5883771 72.9250787,22.5905197 72.9231546,22.5929137 72.921426,22.5951591 72.9199863,22.5969971 72.9177477,22.599855 72.9159375,22.6021238 72.914033,22.6044713 72.9121616,22.6067749 72.9104787,22.6089847 72.9089802,22.6110757 72.9070763,22.6136082 72.905246,22.6160074 72.9034785,22.6180767 72.9019346,22.6198947 72.9000325,22.6221772 72.8980892,22.6243669 72.896186,22.6266535 72.8944476,22.6287661 72.8926018,22.6310093 72.8908113,22.6331853 72.8891968,22.6352867 72.8874257,22.6375733 72.8857186,22.6397256 72.8838035,22.6421639 72.8819813,22.644374 72.8801058,22.6466436 72.8782091,22.6489455 72.8766961,22.6513755 72.8751557,22.6538071 72.873619,22.6562219 72.8721097,22.6586147 72.8705072,22.6611727 72.8690307,22.6634962 72.8674447,22.6660052 72.8658092,22.6685833 72.8642981,22.6709675 72.8621894,22.6730127 72.8601027,22.6750393 72.8579237,22.6771192 72.855845,22.6791288 72.8538306,22.6810762 72.8517969,22.6830265 72.8496675,22.6850699 72.8476907,22.6870619 72.8455575,22.6890693 72.8435451,22.6909369 72.8419079,22.6932431 72.8401975,22.6956167 72.8385658,22.6979683 72.8369103,22.7003334 72.8352126,22.7027169 72.8335639,22.7050645 72.8326875,22.7060448</coordinates></LineString>
  </Placemark>
  <Placemark>
	<Style><LineStyle><color>ff0000ff</color></LineStyle><PolyStyle><fill>0</fill></PolyStyle></Style>
	<ExtendedData><SchemaData schemaUrl="#132000_voltage_line">
		<SimpleData name="full_id">w137994190</SimpleData>
		<SimpleData name="osm_id">137994190</SimpleData>
		<SimpleData name="osm_type">way</SimpleData>
		<SimpleData name="power">line</SimpleData>
		<SimpleData name="cables">3</SimpleData>
		<SimpleData name="voltage">132000</SimpleData>
	</SchemaData></ExtendedData>
      <LineString><coordinates>72.7530313,22.242478 72.7527975,22.2431254 72.7521931,22.2444548 72.7516619,22.247088 72.7511226,22.2480928 72.7502831,22.2481312 72.7492778,22.2497571 72.7485393,22.2525341 72.7477762,22.2554002 72.747054,22.2580443 72.746283,22.2608487 72.7455428,22.2636328 72.7447807,22.2664474 72.7440148,22.2692721 72.7432453,22.2720933 72.7424978,22.2749891 72.7417833,22.2777289 72.7410688,22.2805432 72.7402553,22.2836389 72.7394711,22.2866396 72.7380567,22.288996 72.7364554,22.2916541 72.7348505,22.2943054 72.7343558,22.2965633 72.7338932,22.2985975 72.7334251,22.3006554 72.7327525,22.303614 72.7321177,22.3063539 72.7293002,22.3078238 72.7264121,22.3092678 72.7236541,22.3106528 72.7214032,22.3117751 72.7188655,22.3130472 72.7158819,22.3145402 72.713469,22.3157509 72.7110348,22.3172685 72.7086697,22.3188008 72.7061612,22.3204141 72.7037099,22.3219421 72.7010408,22.3236263 72.6984918,22.3252237 72.6958791,22.3269218 72.6931462,22.3286303 72.6911791,22.3298596 72.6880821,22.3301339 72.6854505,22.3304186 72.6821935,22.330701 72.6813586,22.3308341</coordinates></LineString>
  </Placemark>
  <Placemark>
	<Style><LineStyle><color>ff0000ff</color></LineStyle><PolyStyle><fill>0</fill></PolyStyle></Style>
	<ExtendedData><SchemaData schemaUrl="#132000_voltage_line">
		<SimpleData name="full_id">w137994198</SimpleData>
		<SimpleData name="osm_id">137994198</SimpleData>
		<SimpleData name="osm_type">way</SimpleData>
		<SimpleData name="power">line</SimpleData>
		<SimpleData name="frequency">50</SimpleData>
		<SimpleData name="circuits">2</SimpleData>
		<SimpleData name="cables">6</SimpleData>
		<SimpleData name="voltage">132000</SimpleData>
	</SchemaData></ExtendedData>
      <LineString><coordinates>72.5763517,22.4549824 72.5786119,22.4528233 72.5806215,22.4508067 72.5826137,22.4487528 72.5847124,22.4466086 72.5867507,22.4445281 72.588789,22.4424449 72.590787,22.4403963 72.5927103,22.4384512 72.5948722,22.4362351 72.5969507,22.4341199 72.5988395,22.432188 72.6009353,22.4300675 72.6029822,22.4279548 72.6050233,22.4259086 72.606984,22.4238942 72.6089418,22.4218719 72.6107213,22.4202268 72.6124463,22.4186296 72.6143379,22.416857 72.6164567,22.414893 72.6186244,22.4128758 72.6207604,22.4108799 72.6229137,22.4088653 72.6250871,22.406856 72.6272662,22.4048307 72.6294597,22.4028028 72.6315613,22.4008439 72.6337002,22.398877 72.6357816,22.3969473 72.6379435,22.3949432 72.6400709,22.3929709 72.6422184,22.3909959 72.6442747,22.3890696 72.6463907,22.3871132 72.6485842,22.3850903 72.6508409,22.3830036 72.6528562,22.3811428 72.654262,22.3799412 72.6565016,22.3779421 72.6587353,22.3760177 72.6608694,22.3741914 72.6629878,22.3723181 72.6650975,22.3705616 72.6672974,22.3686835 72.6694371,22.3668714 72.671682,22.36508 72.6739156,22.3632991 72.6762581,22.361407 72.6786344,22.3595011 72.6804663,22.3580013 72.6825611,22.3563348 72.6842233,22.354968 72.686517,22.3532182 72.6889083,22.3513676 72.6913259,22.3494858 72.6939574,22.34742 72.6964538,22.3454861 72.6987963,22.3436563 72.7010186,22.3419132 72.7033461,22.3400938 72.7057599,22.33825 72.7081287,22.3363646 72.7106326,22.3342951 72.7128887,22.33242 72.715295,22.3303851 72.7176487,22.3284301 72.7199124,22.3265411 72.7221798,22.3246312 72.7244472,22.322749 72.7266408,22.3208817 72.7289661,22.3189713 72.7309265,22.3172912 72.7323666,22.3160979 72.7328969,22.3147895 72.7325152,22.3143664 72.7323705,22.3142062 72.7319927,22.3137875 72.7329177,22.311297 72.7338738,22.3086938 72.7345837,22.3062271 72.7351745,22.3040769 72.7357756,22.3018714 72.7364648,22.2994239 72.737027,22.2973694 72.7375919,22.2953221 72.738307,22.2926754 72.7390766,22.2898465 72.7398435,22.2870103 72.7405457,22.2843323 72.7412297,22.2818029 72.7419474,22.2791296 72.7427869,22.2758448 72.7435254,22.2731115 72.744313,22.270251 72.7450359,22.2675726 72.7457451,22.264977 72.7465549,22.2619216 72.7473244,22.2590255 72.7480316,22.2563362 72.7487765,22.2535304 72.7499787,22.2507487 72.7511162,22.2501875 72.7519118,22.2475748 72.7527332,22.2448098 72.7532971,22.2427735 72.7540097,22.2405226 72.753154,22.2403013</coordinates></LineString>
  </Placemark>
  <Placemark>
	<Style><LineStyle><color>ff0000ff</color></LineStyle><PolyStyle><fill>0</fill></PolyStyle></Style>
	<ExtendedData><SchemaData schemaUrl="#132000_voltage_line">
		<SimpleData name="full_id">w608667445</SimpleData>
		<SimpleData name="osm_id">608667445</SimpleData>
		<SimpleData name="osm_type">way</SimpleData>
		<SimpleData name="power">line</SimpleData>
		<SimpleData name="frequency">50</SimpleData>
		<SimpleData name="circuits">1</SimpleData>
		<SimpleData name="cables">3</SimpleData>
		<SimpleData name="voltage">132000</SimpleData>
	</SchemaData></ExtendedData>
      <LineString><coordinates>71.8710968,21.8993215 71.8704656,21.8997522 71.8706046,21.9019686 71.8707609,21.904459 71.8709172,21.9069267 71.8710526,21.9094621 71.8712192,21.911991 71.8713686,21.9144908 71.8715422,21.9170164 71.8716498,21.9195322 71.8718234,21.9220609 71.871997,21.9246766 71.8721533,21.9271407 71.8722783,21.929621 71.8724311,21.9321366 71.8725839,21.9346909 71.872754,21.9372612 71.8728998,21.9397509 71.8730492,21.9422631 71.8732089,21.944814 71.8733478,21.9473712 71.8735144,21.9498897 71.8736499,21.9523342 71.8737992,21.9548591 71.8739589,21.9573549 71.8741152,21.9600021 71.8742749,21.9625365 71.8744416,21.965145 71.8745735,21.9677115 71.8747298,21.9702844 71.8748964,21.9728927 71.8755839,21.9753528 71.8763236,21.9778355 71.8770632,21.9803599 71.877775,21.9828038 71.8784729,21.9853088 71.8792611,21.9878685 71.8800077,21.9905055 71.8807612,21.993107 71.8815394,21.9957632 71.8823423,21.9983903 71.8831222,22.0010809 71.8838693,22.0036856 71.8846464,22.0064045 71.8849228,22.0089848 71.8851768,22.0115374 71.8854421,22.0141627 71.8857111,22.0168017 71.8859614,22.0194892 71.8862677,22.0220762 71.8865329,22.0246875 71.8868056,22.0273298 71.8870634,22.0299444 71.8873398,22.0325658 71.8876051,22.0351838 71.8878741,22.0378155 71.888143,22.0404403 71.8884045,22.0430858 71.8883746,22.0457728 71.8883784,22.0483974 71.8883672,22.0510982 71.8883597,22.0537885 71.8883597,22.0564753 71.8883485,22.0591517 71.8883485,22.0618384 71.888341,22.0645389 71.8883149,22.0672636 71.8883074,22.0694239 71.8883074,22.07192 71.8882925,22.0745199 71.8882812,22.0771474 71.8882738,22.0797646 71.8882626,22.0824301 71.8884008,22.0847771 71.8885353,22.0872452 71.8886922,22.0897237 71.8888528,22.0921987 71.8889686,22.0946736 71.8891181,22.0971276 71.8892525,22.0996129 71.8894107,22.1020927 71.8897845,22.1045713 71.8901728,22.107146 71.8905688,22.1097418 71.8909835,22.1123168 71.8913645,22.1149056 71.8917642,22.1175289 71.8925338,22.1195639</coordinates></LineString>
  </Placemark>
  <Placemark>
	<Style><LineStyle><color>ff0000ff</color></LineStyle><PolyStyle><fill>0</fill></PolyStyle></Style>
	<ExtendedData><SchemaData schemaUrl="#132000_voltage_line">
		<SimpleData name="full_id">w134706121</SimpleData>
		<SimpleData name="osm_id">134706121</SimpleData>
		<SimpleData name="osm_type">way</SimpleData>
		<SimpleData name="power">line</SimpleData>
		<SimpleData name="cables">3</SimpleData>
		<SimpleData name="voltage">132000</SimpleData>
	</SchemaData></ExtendedData>
      <LineString><coordinates>72.7791458,22.290079 72.7780965,22.2908163 72.7783456,22.2912471 72.7795768,22.2931966 72.7808666,22.2952003 72.7821564,22.2972141 72.7833363,22.2990788 72.7845016,22.3009298 72.7857218,22.3028589 72.7869456,22.3047675 72.7881219,22.3066558 72.7892688,22.3084457 72.7904367,22.3102816 72.7921076,22.3129082 72.7927012,22.3138472 72.7938225,22.3156065 72.7950097,22.3176777 72.7961676,22.3197624 72.7972999,22.3217386 72.7984578,22.3237826 72.7993959,22.3254333 72.8003412,22.3270637 72.8013562,22.3288975 72.8025178,22.3309142 72.803716,22.3329614 72.8049289,22.3350629 72.8061015,22.33711 72.8072411,22.3391233 72.8084246,22.3409602 72.8096522,22.3427464 72.8108834,22.3445697 72.8120941,22.3463784 72.8132877,22.3481822 72.8145139,22.3499999 72.8157317,22.3518051 72.8168237,22.3528421 72.8176482,22.3550517 72.8184836,22.3572307 72.8192714,22.3593996 72.8200922,22.3614836 72.820902,22.3637541 72.8217705,22.365933 72.8225876,22.3681525 72.823434,22.3703652 72.8242732,22.3726355 72.825083,22.3748244 72.8259367,22.3770879 72.8267795,22.379297 72.8275783,22.3814757 72.8284211,22.3836442 72.8292786,22.3859041 72.8301067,22.3881063 72.8307553,22.3897936 72.8315871,22.3920093 72.8324262,22.3942183 72.8332692,22.3964354 72.8339798,22.3983041 72.834731,22.4002961 72.8345075,22.4022542 72.8342583,22.404524 72.8350118,22.4066563</coordinates></LineString>
  </Placemark>
  <Placemark>
	<Style><LineStyle><color>ff0000ff</color></LineStyle><PolyStyle><fill>0</fill></PolyStyle></Style>
	<ExtendedData><SchemaData schemaUrl="#132000_voltage_line">
		<SimpleData name="full_id">w608667446</SimpleData>
		<SimpleData name="osm_id">608667446</SimpleData>
		<SimpleData name="osm_type">way</SimpleData>
		<SimpleData name="power">line</SimpleData>
		<SimpleData name="frequency">50</SimpleData>
		<SimpleData name="circuits">2</SimpleData>
		<SimpleData name="cables">6</SimpleData>
		<SimpleData name="voltage">132000;66000</SimpleData>
	</SchemaData></ExtendedData>
      <LineString><coordinates>71.8847492,21.897547 71.8823352,21.8980796 71.8794894,21.8985375 71.8778694,21.8987765 71.8759569,21.8991796 71.8734035,21.8992568 71.8710968,21.8993215</coordinates></LineString>
  </Placemark>
  <Placemark>
	<Style><LineStyle><color>ff0000ff</color></LineStyle><PolyStyle><fill>0</fill></PolyStyle></Style>
	<ExtendedData><SchemaData schemaUrl="#132000_voltage_line">
		<SimpleData name="full_id">w141449701</SimpleData>
		<SimpleData name="osm_id">141449701</SimpleData>
		<SimpleData name="osm_type">way</SimpleData>
		<SimpleData name="power">line</SimpleData>
		<SimpleData name="frequency">50</SimpleData>
		<SimpleData name="circuits">2</SimpleData>
		<SimpleData name="cables">6</SimpleData>
		<SimpleData name="voltage">132000</SimpleData>
	</SchemaData></ExtendedData>
      <LineString><coordinates>73.00976,21.7350639 73.0085708,21.732256 73.0074112,21.7294463 73.006357,21.726936 73.0074577,21.7255289 73.0096046,21.7241218 73.0118222,21.7226339 73.0129047,21.7222737 73.013963,21.7219247 73.0172025,21.7208421 73.0203269,21.7197576 73.0236997,21.7201648 73.0269027,21.7205564 73.0300998,21.7209429 73.0334504,21.7213125 73.0352172,21.7204295 73.0380231,21.7190271 73.0409202,21.7175706 73.0429561,21.716547 73.0458644,21.7140703 73.0480092,21.7122052 73.0504086,21.7101674 73.0527756,21.7080884 73.0544398,21.7058742 73.0560919,21.7036187 73.0578328,21.7012543 73.0596262,21.6988561 73.0613995,21.6964391 73.0630394,21.694161 73.0647334,21.6919658 73.0663586,21.6896966 73.0680266,21.6874328 73.0696947,21.6851848 73.0724823,21.6841816 73.0753614,21.6831491 73.0782804,21.6821087 73.0811823,21.6810789 73.0841499,21.6800172 73.0871061,21.6789821 73.0903108,21.6778355 73.0923539,21.6771344 73.09555,21.6760064 73.0964897,21.6750482 73.0990403,21.6747217 73.1016528,21.6744168 73.1041695,21.6741236 73.1073567,21.6752376 73.1103207,21.6762882 73.1133317,21.6773429 73.1163393,21.6784039 73.1192963,21.6794273 73.122506,21.6805509 73.1255303,21.6816043 73.1283341,21.6825728 73.1317948,21.6833469 73.1348958,21.6842233 73.1380409,21.6850793 73.1411162,21.6859489 73.1441989,21.6868116 73.1472633,21.6876471 73.1503496,21.6884996 73.1517383,21.6887671 73.1522911,21.6885766 73.1526699,21.6884729 73.1546012,21.6907385 73.1567151,21.6932073 73.1588656,21.6957 73.1609648,21.6981721 73.1630634,21.7006464 73.1651772,21.7031049 73.1671847,21.7054575 73.1692802,21.7079398 73.1714007,21.7104049 73.1735377,21.7128956 73.1743327,21.7138567 73.1764431,21.7157432 73.1785654,21.7176049 73.1804748,21.7192442 73.1822305,21.7207297 73.1846276,21.7228386 73.1868,21.7247551 73.1892858,21.7268584 73.1911095,21.7284702 73.1929421,21.7300764 73.1951204,21.7319874 73.1974614,21.7340164 73.1993058,21.7356199 73.20136,21.7374155 73.203231,21.7390134 73.205569,21.7410725 73.2080695,21.7432442 73.2099109,21.7448283 73.2118499,21.7465167 73.2144243,21.7487624 73.2164017,21.7504919 73.218654,21.7524438 73.2211516,21.7546181 73.223334,21.7565569 73.2256454,21.7585609 73.2277912,21.760455 73.2296711,21.7620966 73.2320504,21.7641526 73.2343027,21.7661291 73.237424,21.7669224 73.2405157,21.7677102 73.2433088,21.7684349 73.2463946,21.7692089 73.2494095,21.769961 73.2523209,21.7707132 73.2553121,21.7714735 73.2579368,21.772135 73.2603989,21.7727526 73.2635172,21.7735322 73.2666739,21.7736529 73.2691656,21.7737545 73.2713824,21.7749485 73.2731499,21.7759559 73.2753815,21.7771965 73.2781185,21.7787226 73.2804506,21.7800209 73.2833768,21.7816403 73.2858892,21.7830373 73.2884621,21.7845014 73.2895403,21.7866912 73.2895026,21.7873357</coordinates></LineString>
  </Placemark>
  <Placemark>
	<Style><LineStyle><color>ff0000ff</color></LineStyle><PolyStyle><fill>0</fill></PolyStyle></Style>
	<ExtendedData><SchemaData schemaUrl="#132000_voltage_line">
		<SimpleData name="full_id">w134706124</SimpleData>
		<SimpleData name="osm_id">134706124</SimpleData>
		<SimpleData name="osm_type">way</SimpleData>
		<SimpleData name="power">line</SimpleData>
		<SimpleData name="frequency">50</SimpleData>
		<SimpleData name="circuits">1</SimpleData>
		<SimpleData name="cables">3</SimpleData>
		<SimpleData name="voltage">132000</SimpleData>
	</SchemaData></ExtendedData>
      <LineString><coordinates>73.1234755,22.6080026 73.1209506,22.606461 73.1182357,22.6048036 73.1154578,22.6045158 73.1123563,22.6042171 73.1091877,22.6038674 73.1060231,22.6035541 73.1029847,22.6032444 73.0999464,22.6014285 73.0974947,22.5999552 73.0946304,22.5982332 73.091957,22.596634 73.0892666,22.5950127 73.0866853,22.5934858 73.0838176,22.5917575 73.080967,22.5900606 73.0781982,22.5884109 73.0753304,22.5867013 73.072398,22.5849509 73.0699122,22.5834396 73.0671229,22.5817993 73.0641154,22.5800204 73.0613636,22.5783611 73.0584413,22.5766168 73.0558396,22.5750614 73.0531253,22.5734556 73.0503429,22.57179 73.0480071,22.5703699 73.0452928,22.5682508 73.0427047,22.5662104 73.0400348,22.5641007 73.0374603,22.5620728 73.0349404,22.5600764 73.0322671,22.5580075 73.0294778,22.5559292 73.0266578,22.5538225 73.0253859,22.5528777 73.0231047,22.5509505 73.0221329,22.55016 73.0196983,22.5481162 73.0170795,22.546066 73.0143107,22.5439056 73.0118078,22.5419278 73.0095607,22.5401579 73.007317,22.5383974 73.00478,22.5363974 73.0025121,22.534647 73.0004178,22.5330443 72.9978726,22.5310437 72.9951556,22.5289095 72.9942882,22.528209 72.9916496,22.5263426 72.9893152,22.5246914 72.9865546,22.5227335 72.9839312,22.5208717 72.9809587,22.5187924 72.9803622,22.5183842 72.9765432,22.5179936 72.9732397,22.517661 72.9700055,22.5172896 72.9667129,22.5169772 72.9633794,22.516642 72.9600459,22.5163245 72.9565924,22.5159742 72.9537663,22.5156995 72.9503918,22.5153493 72.9469901,22.5150191 72.9438231,22.5146966 72.9406805,22.5157802 72.9377507,22.5167781 72.9349846,22.5177331 72.9322022,22.5186756 72.9291524,22.5197087 72.9268609,22.5204773 72.9239475,22.5214802 72.9212742,22.5224201 72.9179761,22.5235572 72.914689,22.5246905 72.9114857,22.5257733 72.9105391,22.5264512 72.907994,22.5277841 72.9053932,22.5291259 72.9026824,22.5305244 72.8998375,22.531992 72.8970203,22.5334418 72.8960531,22.533753 72.8954578,22.5339223 72.8951191,22.5341674 72.8935242,22.5353473 72.891778,22.5348199 72.8916774,22.5343823</coordinates></LineString>
  </Placemark>
  <Placemark>
	<Style><LineStyle><color>ff0000ff</color></LineStyle><PolyStyle><fill>0</fill></PolyStyle></Style>
	<ExtendedData><SchemaData schemaUrl="#132000_voltage_line">
		<SimpleData name="full_id">w141449703</SimpleData>
		<SimpleData name="osm_id">141449703</SimpleData>
		<SimpleData name="osm_type">way</SimpleData>
		<SimpleData name="power">line</SimpleData>
		<SimpleData name="cables">6</SimpleData>
		<SimpleData name="voltage">132000</SimpleData>
	</SchemaData></ExtendedData>
      <LineString><coordinates>73.1650204,21.575886 73.1638892,21.5764529 73.1619887,21.5766965 73.1612362,21.5763665 73.1588166,21.5751308 73.1558635,21.5736625 73.1528125,21.5721387 73.1497847,21.5705906 73.1467359,21.5690674 73.145012,21.5672178 73.1432261,21.5653745 73.1425758,21.5623183 73.1417568,21.5586028</coordinates></LineString>
  </Placemark>
  <Placemark>
	<Style><LineStyle><color>ff0000ff</color></LineStyle><PolyStyle><fill>0</fill></PolyStyle></Style>
	<ExtendedData><SchemaData schemaUrl="#132000_voltage_line">
		<SimpleData name="full_id">w137989389</SimpleData>
		<SimpleData name="osm_id">137989389</SimpleData>
		<SimpleData name="osm_type">way</SimpleData>
		<SimpleData name="power">line</SimpleData>
		<SimpleData name="frequency">50</SimpleData>
		<SimpleData name="circuits">2</SimpleData>
		<SimpleData name="cables">6</SimpleData>
		<SimpleData name="voltage">132000</SimpleData>
	</SchemaData></ExtendedData>
      <LineString><coordinates>72.6266802,22.8123185 72.6273198,22.8094997 72.6279453,22.8066841 72.6285464,22.8039135 72.6291678,22.8011311 72.6297912,22.7983394 72.6302758,22.7961693 72.630865,22.7935312 72.6315321,22.7905558 72.6321677,22.7878054 72.6323967,22.784949 72.6326281,22.7820614 72.6328499,22.7792936 72.6331161,22.7762246 72.6333654,22.773058 72.6336146,22.7702029 72.6338535,22.7672943 72.6340727,22.764535 72.634298,22.7617584 72.6345473,22.7588024 72.6349194,22.7559912 72.6353256,22.7530822 72.6357148,22.7501292 72.6360289,22.7478309 72.6364044,22.7449816 72.6367765,22.7422047 72.6371555,22.7394214 72.6375515,22.7365373 72.6379475,22.7336815 72.6383196,22.7307879 72.63862,22.7285523 72.6389614,22.7260112 72.6392515,22.7234393 72.6396146,22.7202192 72.6401575,22.7153649 72.6404666,22.7120935 72.6408022,22.7095301 72.6411393,22.7069554 72.6415222,22.7040933 72.641899,22.7012611 72.6422711,22.6983951 72.6426569,22.6955196 72.6429617,22.6932896 72.6436011,22.6923538 72.6427737,22.6907303 72.6433967,22.6896863 72.6437869,22.6869557 72.6441556,22.6841115 72.6445511,22.6811356 72.6449476,22.6781519 72.6452992,22.6754745 72.6456645,22.6728032 72.6460503,22.6697476 72.6464019,22.6671235 72.6467672,22.6642915 72.64717,22.6612924 72.6475251,22.6585925 72.6478596,22.6560533 72.6482659,22.6530414 72.6486175,22.6502784 72.6490442,22.647153 72.6494164,22.6443804 72.6497748,22.6415983 72.6503108,22.6392982 72.65084,22.6369697 72.651492,22.6340992 72.6521338,22.631257 72.65282,22.6282257 72.6534721,22.625333 72.6542026,22.6225883 72.6550248,22.6194575 72.6557047,22.6168681 72.6565287,22.6137302 72.6571598,22.6113267 72.6578679,22.6086299 72.6586059,22.6057354 72.6593759,22.6026878 72.6601696,22.5996319 72.6609766,22.5965172 72.6617384,22.5935738 72.6623728,22.5911549 72.6630975,22.588388 72.6638421,22.5854898 72.6634785,22.5823527 72.6631785,22.5792767 72.6628918,22.576284 72.6625733,22.5733501 72.6637227,22.5709308 72.6649729,22.5682394 72.666194,22.5656093 72.667431,22.5629374 72.6686689,22.5602431 72.6699076,22.5575469 72.6712003,22.5548504 72.6723099,22.5524479 72.6729788,22.5497856 72.6735946,22.547415 72.6742821,22.5447256 72.6749882,22.5420827 72.6756731,22.5393319 72.6764004,22.5366375 72.6771071,22.5338486 72.677845,22.531029 72.6786042,22.5281481 72.679382,22.5252817 72.6801704,22.5221628 72.6809769,22.5191194 72.6817202,22.5161476 72.6824748,22.5132727 72.6830942,22.51054 72.6837211,22.5078523 72.684333,22.5050536 72.6849862,22.5022929 72.6856244,22.4994143 72.6862438,22.4966883 72.6868932,22.4938893 72.6872986,22.4919366 72.6880494,22.4892139 72.6887139,22.4865951 72.6894684,22.4836399 72.6901554,22.4809967 72.6908311,22.4782669 72.6916157,22.4753843 72.6923552,22.472571 72.6930856,22.4697565 72.693659,22.4674213 72.6943769,22.4646652 72.6950871,22.4619388 72.6957932,22.4592324 72.696547,22.4563432 72.6972717,22.4535073 72.697999,22.4507253 72.6987157,22.447904 72.6994537,22.4451366 72.7001943,22.4422833 72.7008685,22.4395379 72.7015932,22.4368047 72.7023603,22.433804 72.7030584,22.4310756 72.7037805,22.4282981 72.7044308,22.4258027 72.7051316,22.4229784 72.7058271,22.419975 72.7064402,22.4174058 72.7071569,22.4144072 72.7077807,22.4116686 72.7082984,22.4094624 72.7089639,22.406605 72.709662,22.4036944 72.7102189,22.4013148 72.7107769,22.3989309 72.7113609,22.3962656 72.7119847,22.3934825 72.7126323,22.3907067 72.7132906,22.3877958 72.7138375,22.385496 72.7144692,22.3826071 72.7151382,22.3797893 72.7157885,22.3769494 72.7163194,22.3744875 72.7168158,22.3724403 72.7176493,22.3706435 72.7190488,22.3676707 72.7203852,22.3648319 72.7216691,22.3621345 72.7230019,22.35931 72.7241721,22.3568193 72.7254277,22.3541314 72.7266195,22.3515951 72.7271478,22.3485386 72.7276813,22.3456366 72.7281087,22.3427641 72.7285573,22.3400683 72.7290351,22.337338 72.7295368,22.3343966 72.7300571,22.3315214 72.7305137,22.3286198 72.7312502,22.3258268 72.7319061,22.3233523 72.7326523,22.32057 72.7334268,22.3177118 72.7341853,22.314844 72.7349695,22.3119491 72.7357023,22.309149 72.7364498,22.3063827 72.7373183,22.3032231 72.7379778,22.3004669 72.7387034,22.2976665 72.7393849,22.2948729 72.7400665,22.292164 72.7407739,22.2892742 72.7414709,22.2864981 72.7421237,22.2838979 72.7426976,22.2816115 72.7434818,22.2785022 72.7442588,22.2753558 72.7449447,22.2725754 72.7462704,22.267157 72.7470062,22.2640614 72.7477444,22.2610863 72.7484296,22.2582852 72.7491258,22.2554229 72.749833,22.2524216 72.751471,22.2502681 72.7523013,22.2474623 72.7531072,22.2448268 72.7538199,22.242433 72.7545004,22.2401274 72.7540559,22.2396627 72.753396,22.239474</coordinates></LineString>
  </Placemark>
  <Placemark>
	<Style><LineStyle><color>ff0000ff</color></LineStyle><PolyStyle><fill>0</fill></PolyStyle></Style>
	<ExtendedData><SchemaData schemaUrl="#132000_voltage_line">
		<SimpleData name="full_id">w141449704</SimpleData>
		<SimpleData name="osm_id">141449704</SimpleData>
		<SimpleData name="osm_type">way</SimpleData>
		<SimpleData name="power">line</SimpleData>
		<SimpleData name="cables">6</SimpleData>
		<SimpleData name="voltage">132000</SimpleData>
	</SchemaData></ExtendedData>
      <LineString><coordinates>73.0101558,21.6313804 73.0101457,21.6315705 73.0106773,21.6321263 73.0129893,21.6337464 73.0157692,21.6348694 73.0179645,21.6357563 73.0207536,21.6368831 73.0235953,21.6373843 73.0266248,21.6378424 73.029222,21.638231 73.0321303,21.6387247 73.0351497,21.6392128 73.0381771,21.639699 73.0411016,21.6401646 73.0438967,21.6406233 73.0467157,21.6410879 73.0494463,21.6415233 73.0518626,21.6418923 73.0538844,21.6429938 73.0561066,21.6441726 73.0580402,21.6452212 73.0606222,21.6466044 73.0628272,21.6477778 73.0653835,21.6491556 73.0679141,21.6505148 73.0701306,21.6517068 73.0729382,21.653204 73.0752089,21.6544172 73.0777709,21.6558002 73.0803101,21.6571567 73.0823066,21.6582265 73.084106,21.6580274 73.0863253,21.6595193 73.088793,21.661189 73.0912637,21.662864 73.093463,21.6643664 73.0962992,21.6662723 73.0988583,21.6680109 73.1013461,21.6696805 73.1034901,21.6711404 73.1062458,21.6722965 73.1085642,21.6732963 73.1110743,21.6743675 73.1137749,21.6755139 73.1160731,21.6764876 73.118788,21.6776407 73.1215077,21.6787892 73.1243297,21.6799889 73.12701,21.6808445 73.1291286,21.6815209 73.1320535,21.6824485 73.1345454,21.6832294 73.136795,21.683949 73.1393052,21.6847469 73.1422704,21.6856915 73.1448063,21.68651 73.1476872,21.6874171 73.1504726,21.6883003 73.1515002,21.6882832 73.1521094,21.688273 73.1531112,21.6882696 73.1542819,21.6896268 73.1560508,21.6916967 73.1578747,21.6937938 73.1597097,21.6959352 73.1614345,21.6979607 73.1631698,21.700002 73.1650194,21.7021604 73.1667296,21.7041653 73.168693,21.7064395 73.1706197,21.7086967 73.1724067,21.7107859 73.1739525,21.7126202 73.1747506,21.7135017 73.1766984,21.7151658 73.1790364,21.7171511 73.1809812,21.7188152 73.1833192,21.7208334 73.1855006,21.7226813 73.1873036,21.7242218 73.1891805,21.7258363 73.1913293,21.7276595 73.1930318,21.7291174 73.1946367,21.7304793 73.1963481,21.7319592 73.1984881,21.7337631 73.2006842,21.7356384 73.2028892,21.7375218 73.204967,21.7392982 73.2066488,21.7407561 73.2089809,21.7427163 73.2107544,21.7442538 73.2131544,21.7462771 73.2158501,21.7485997 73.2179811,21.7503952 73.2198208,21.7519798 73.2220819,21.7538988 73.2240032,21.7555349 73.2258209,21.7571189 73.2276505,21.7586507 73.2298112,21.7604927 73.2320908,21.7624344 73.234273,21.7642906 73.2372287,21.7651279 73.2394189,21.7657702 73.2422209,21.7665553 73.24489,21.7673239 73.2473846,21.7680431 73.2502132,21.7688391 73.2526547,21.7695226 73.254771,21.7701292 73.2566893,21.7706837 73.2582292,21.7711229 73.2607977,21.7716197 73.263115,21.7720507 73.2658284,21.7725914 73.2678087,21.7729592 73.2704866,21.7734945 73.272869,21.7739419 73.2758897,21.7759044 73.277406,21.7768981 73.2797647,21.7784406 73.2817037,21.7796868 73.2840505,21.7812293 73.2863914,21.7827361 73.2886749,21.7842462 73.2898418,21.7865567 73.2897862,21.7873549</coordinates></LineString>
  </Placemark>
  <Placemark>
	<Style><LineStyle><color>ff0000ff</color></LineStyle><PolyStyle><fill>0</fill></PolyStyle></Style>
	<ExtendedData><SchemaData schemaUrl="#132000_voltage_line">
		<SimpleData name="full_id">w1152011406</SimpleData>
		<SimpleData name="osm_id">1152011406</SimpleData>
		<SimpleData name="osm_type">way</SimpleData>
		<SimpleData name="power">line</SimpleData>
		<SimpleData name="frequency">50</SimpleData>
		<SimpleData name="circuits">1</SimpleData>
		<SimpleData name="cables">3</SimpleData>
		<SimpleData name="voltage">132000</SimpleData>
	</SchemaData></ExtendedData>
      <LineString><coordinates>70.5432996,21.1535942 70.5438187,21.1553812 70.5446232,21.1581509 70.5454292,21.1609325 70.5462122,21.1635813 70.5456236,21.1662398 70.5450449,21.1688704 70.5444065,21.1716545 70.5438295,21.1743356 70.5432893,21.1767167 70.542759,21.1791504 70.5422778,21.1813002 70.5416738,21.1839627 70.5411532,21.1864536 70.5393412,21.1878409 70.5373524,21.1894823 70.534961,21.1913481 70.5331637,21.192788 70.5306121,21.194823 70.5289509,21.1961479 70.526952,21.1977254 70.5249632,21.1992774 70.5229867,21.2009004 70.5210813,21.2023936 70.5207473,21.2040143 70.520221,21.2064262 70.5196907,21.2088686 70.5191898,21.2113453 70.5187086,21.2134808 70.5181755,21.2158464 70.5176773,21.2182486 70.5171789,21.2205603 70.5170554,21.2228619 70.5169081,21.225169 70.5167903,21.2275607 70.5166601,21.2297487 70.5165251,21.2322365 70.5163999,21.2345296 70.5156267,21.2369918 70.5149269,21.2393352 70.5142542,21.2415025 70.5136035,21.2436628 70.5128154,21.2462807 70.5120027,21.2488964 70.5111949,21.2515509 70.5107142,21.2531769 70.5100798,21.2552278 70.509462,21.2572249 70.5089844,21.2600209 70.5085228,21.2628353 70.5080952,21.2654421 70.5076036,21.2682622 70.5072231,21.2705892 70.5067713,21.2731906 70.506317,21.2759042 70.5058628,21.2786039 70.5054233,21.2812716 70.5050256,21.2836075 70.504591,21.2861905 70.5041638,21.2887413 70.5047161,21.290892 70.505388,21.293477 70.5060599,21.2961153 70.5067382,21.2986997 70.5074035,21.301335 70.508091,21.3039542 70.5087638,21.3065894 70.5094341,21.3092108 70.5101093,21.311807 70.5107968,21.3144329 70.5114179,21.3168232 70.5121251,21.319568 70.5130016,21.3221777 70.5138953,21.3248103 70.5147405,21.3273645 70.5156557,21.3300603 70.5165203,21.3326463 70.5174231,21.335292 70.5182909,21.3379439 70.5191885,21.3405475 70.5200617,21.3431834 70.5209368,21.3457885 70.5218316,21.3484423 70.5227081,21.3510538 70.5235994,21.3537225 70.5244219,21.3561533 70.5253285,21.358849 70.5262407,21.3615666 70.5271185,21.3641837 70.5279768,21.3667642 70.5288399,21.3693446 70.5297767,21.3720027 70.5307232,21.3747155 70.5315422,21.3773643 70.5323661,21.3797482 70.5332293,21.3823786 70.5341268,21.3850273 70.5349409,21.3875207 70.5358795,21.390016 70.5367216,21.392549 70.5376474,21.3952791 70.5395724,21.3972892 70.5415309,21.3993616 70.5435494,21.4014712 70.5454594,21.4035084 70.5479492,21.4061034 70.5493127,21.4075253 70.5512869,21.4095988 70.5533386,21.4117501 70.5552751,21.4137805 70.5572116,21.4157982 70.5591601,21.4178285 70.5611452,21.4199158 70.5631571,21.4219427 70.5651189,21.4239338 70.5671708,21.4260246 70.5690952,21.4279855 70.5710567,21.4300093 70.5730086,21.431967 70.5749049,21.4338922 70.5768609,21.4358856 70.5788854,21.4379759 70.5808568,21.4399736 70.5829341,21.4420786 70.5828886,21.4444157 70.5852293,21.4461926 70.5876065,21.448024 70.5899472,21.4498145 70.5919185,21.451302 70.5942445,21.4531061 70.5965779,21.4548898 70.598732,21.4565032 70.6008716,21.458137 70.6032086,21.4599138 70.6055456,21.461728 70.6078387,21.4634775 70.610216,21.4652882 70.612553,21.4670581 70.614868,21.468845 70.6171941,21.4706284 70.6186725,21.4717675</coordinates></LineString>
  </Placemark>
  <Placemark>
	<Style><LineStyle><color>ff0000ff</color></LineStyle><PolyStyle><fill>0</fill></PolyStyle></Style>
	<ExtendedData><SchemaData schemaUrl="#132000_voltage_line">
		<SimpleData name="full_id">w1152011407</SimpleData>
		<SimpleData name="osm_id">1152011407</SimpleData>
		<SimpleData name="osm_type">way</SimpleData>
		<SimpleData name="power">line</SimpleData>
		<SimpleData name="frequency">50</SimpleData>
		<SimpleData name="circuits">2</SimpleData>
		<SimpleData name="cables">6</SimpleData>
		<SimpleData name="voltage">132000</SimpleData>
	</SchemaData></ExtendedData>
      <LineString><coordinates>70.6186725,21.4717675 70.6194775,21.4709241 70.6217989,21.4688748 70.6236792,21.4667931 70.6252429,21.4650632 70.6270507,21.4641521 70.6290355,21.4631437 70.6311598,21.4611567 70.6337133,21.4590873 70.6361434,21.4571402 70.6382811,21.4554052 70.6415293,21.4548286 70.6449008,21.4542319 70.6479612,21.4534656 70.6500024,21.4511539 70.6523439,21.4485476 70.654479,21.446121 70.6566542,21.4436645 70.658859,21.4412129 70.6616405,21.4393729 70.664438,21.4375278 70.6672691,21.4356766 70.6694886,21.4342098 70.6720944,21.4326019 70.6743608,21.4311975 70.6770229,21.4295221 70.6796314,21.4285409 70.682724,21.4273374 70.6847128,21.4262975 70.6874219,21.4249192 70.6898814,21.4238756 70.6924349,21.4233337 70.6944331,21.4222451 70.6958494,21.4207494 70.6980756,21.4182887 70.7002857,21.4167568 70.7026085,21.4151612 70.7048884,21.4135781 70.7074875,21.4117727 70.709593,21.4099598 70.7117575,21.4081144 70.7144505,21.4062116 70.7171085,21.4043212 70.719772,21.4024508 70.7223174,21.4006502 70.724903,21.3988222 70.7273519,21.3971091 70.7300958,21.3951611 70.7327834,21.3932781 70.7352644,21.3915149 70.7370239,21.3897517 70.7390437,21.3876663 70.7412431,21.3854386 70.7426432,21.3830109 70.7450679,21.3815374 70.7479674,21.3797815 70.7504538,21.3784778 70.7512906,21.3783579 70.7540265,21.3767444 70.7568052,21.3728879</coordinates></LineString>
  </Placemark>
  <Placemark>
	<Style><LineStyle><color>ff0000ff</color></LineStyle><PolyStyle><fill>0</fill></PolyStyle></Style>
	<ExtendedData><SchemaData schemaUrl="#132000_voltage_line">
		<SimpleData name="full_id">w134706111</SimpleData>
		<SimpleData name="osm_id">134706111</SimpleData>
		<SimpleData name="osm_type">way</SimpleData>
		<SimpleData name="power">line</SimpleData>
		<SimpleData name="cables">3</SimpleData>
		<SimpleData name="voltage">132000</SimpleData>
	</SchemaData></ExtendedData>
      <LineString><coordinates>72.7791458,22.290079 72.7804574,22.2922915 72.7816923,22.2943461 72.7829418,22.2964685 72.784162,22.2985433 72.7853932,22.3005469 72.7865621,22.3025844 72.7878849,22.3046931 72.7891186,22.3067439 72.7904743,22.3089746 72.7915663,22.3107882 72.7928158,22.31289 72.7939224,22.3148493 72.795106,22.3169307 72.796251,22.3190512 72.797399,22.3211574 72.79862,22.323239 72.7997303,22.3252422 72.8009578,22.3274489 72.8021231,22.3295707 72.8032885,22.3316015 72.8043933,22.3336492 72.8056665,22.3356304 72.8069766,22.337669 72.8082371,22.3396822 72.8094683,22.3416649 72.8107581,22.3437154 72.811971,22.3456506 72.8132352,22.3476739 72.8145983,22.349748 72.8156756,22.3514628 72.8172439,22.3524829 72.8182626,22.3540723 72.8192995,22.3557193 72.8204684,22.3575493 72.8218,22.3596028 72.8231031,22.3616124 72.8243233,22.3634457 72.8255948,22.3654077 72.8268883,22.367468 72.8281974,22.3694684 72.8286591,22.371427 72.8293254,22.3742867 72.8297291,22.3760196 72.8302017,22.3780479 72.8307147,22.3803486 72.8312131,22.3825882 72.8317297,22.3850006 72.8322318,22.3872063 72.8327081,22.3893916 72.8331845,22.391648 72.8337085,22.3939959 72.8342288,22.3962691 72.8347163,22.3985683 72.835244,22.4008856 72.8349069,22.4027387 72.8354712,22.4045613 72.8357286,22.4051048 72.8350118,22.4066563</coordinates></LineString>
  </Placemark>
  <Placemark>
	<Style><LineStyle><color>ff0000ff</color></LineStyle><PolyStyle><fill>0</fill></PolyStyle></Style>
	<ExtendedData><SchemaData schemaUrl="#132000_voltage_line">
		<SimpleData name="full_id">w1443364692</SimpleData>
		<SimpleData name="osm_id">1443364692</SimpleData>
		<SimpleData name="osm_type">way</SimpleData>
		<SimpleData name="power">line</SimpleData>
		<SimpleData name="cables">3</SimpleData>
		<SimpleData name="voltage">132000</SimpleData>
	</SchemaData></ExtendedData>
      <LineString><coordinates>72.6808251,23.0426811 72.6806168,23.042851 72.6804081,23.0429336</coordinates></LineString>
  </Placemark>
  <Placemark>
	<Style><LineStyle><color>ff0000ff</color></LineStyle><PolyStyle><fill>0</fill></PolyStyle></Style>
	<ExtendedData><SchemaData schemaUrl="#132000_voltage_line">
		<SimpleData name="full_id">w1443364693</SimpleData>
		<SimpleData name="osm_id">1443364693</SimpleData>
		<SimpleData name="osm_type">way</SimpleData>
		<SimpleData name="power">line</SimpleData>
		<SimpleData name="voltage">132000</SimpleData>
	</SchemaData></ExtendedData>
      <LineString><coordinates>72.6809541,23.0442239 72.6805434,23.0432534 72.6804562,23.0430472 72.6804081,23.0429336 72.6803832,23.0428747 72.6802846,23.0426418 72.6802272,23.0425061</coordinates></LineString>
  </Placemark>
  <Placemark>
	<Style><LineStyle><color>ff0000ff</color></LineStyle><PolyStyle><fill>0</fill></PolyStyle></Style>
	<ExtendedData><SchemaData schemaUrl="#132000_voltage_line">
		<SimpleData name="full_id">w1443364694</SimpleData>
		<SimpleData name="osm_id">1443364694</SimpleData>
		<SimpleData name="osm_type">way</SimpleData>
		<SimpleData name="power">line</SimpleData>
		<SimpleData name="voltage">132000</SimpleData>
	</SchemaData></ExtendedData>
      <LineString><coordinates>72.6808117,23.0431599 72.6805434,23.0432534</coordinates></LineString>
  </Placemark>
  <Placemark>
	<Style><LineStyle><color>ff0000ff</color></LineStyle><PolyStyle><fill>0</fill></PolyStyle></Style>
	<ExtendedData><SchemaData schemaUrl="#132000_voltage_line">
		<SimpleData name="full_id">w1443364695</SimpleData>
		<SimpleData name="osm_id">1443364695</SimpleData>
		<SimpleData name="osm_type">way</SimpleData>
		<SimpleData name="power">line</SimpleData>
		<SimpleData name="cables">3</SimpleData>
		<SimpleData name="voltage">132000</SimpleData>
	</SchemaData></ExtendedData>
      <LineString><coordinates>72.6807258,23.0429452 72.6804562,23.0430472</coordinates></LineString>
  </Placemark>
  <Placemark>
	<Style><LineStyle><color>ff0000ff</color></LineStyle><PolyStyle><fill>0</fill></PolyStyle></Style>
	<ExtendedData><SchemaData schemaUrl="#132000_voltage_line">
		<SimpleData name="full_id">w1443364957</SimpleData>
		<SimpleData name="osm_id">1443364957</SimpleData>
		<SimpleData name="osm_type">way</SimpleData>
		<SimpleData name="power">line</SimpleData>
		<SimpleData name="layer">-1</SimpleData>
		<SimpleData name="frequency">50</SimpleData>
		<SimpleData name="circuits">1</SimpleData>
		<SimpleData name="cables">3</SimpleData>
		<SimpleData name="voltage">132000</SimpleData>
	</SchemaData></ExtendedData>
      <LineString><coordinates>72.6704911,23.1097013 72.6728526,23.1091953</coordinates></LineString>
  </Placemark>
  <Placemark>
	<Style><LineStyle><color>ff0000ff</color></LineStyle><PolyStyle><fill>0</fill></PolyStyle></Style>
	<ExtendedData><SchemaData schemaUrl="#132000_voltage_line">
		<SimpleData name="full_id">w225299573</SimpleData>
		<SimpleData name="osm_id">225299573</SimpleData>
		<SimpleData name="osm_type">way</SimpleData>
		<SimpleData name="power">line</SimpleData>
		<SimpleData name="frequency">50</SimpleData>
		<SimpleData name="circuits">2</SimpleData>
		<SimpleData name="cables">6</SimpleData>
		<SimpleData name="voltage">132000</SimpleData>
	</SchemaData></ExtendedData>
      <LineString><coordinates>73.0267512,21.7572583 73.0247385,21.7566467 73.0237033,21.7543424 73.0228462,21.7524124 73.0217831,21.7500219 73.0206706,21.7474419 73.019821,21.7449923 73.0191181,21.7428426 73.0200916,21.7418183 73.0226256,21.7401004 73.0231797,21.738689 73.0239823,21.7367894 73.0237274,21.7359566 73.0212054,21.7351103 73.0187322,21.7342957 73.0158986,21.7333464 73.0153738,21.7316957 73.0144794,21.7290467 73.013619,21.7264388 73.0127728,21.7239491 73.0119185,21.7213111 73.0110339,21.71869 73.0101473,21.7160407 73.0092667,21.7134157 73.0083942,21.7108169</coordinates></LineString>
  </Placemark>
  <Placemark>
	<Style><LineStyle><color>ff0000ff</color></LineStyle><PolyStyle><fill>0</fill></PolyStyle></Style>
	<ExtendedData><SchemaData schemaUrl="#132000_voltage_line">
		<SimpleData name="full_id">w225299575</SimpleData>
		<SimpleData name="osm_id">225299575</SimpleData>
		<SimpleData name="osm_type">way</SimpleData>
		<SimpleData name="power">line</SimpleData>
		<SimpleData name="cables">6</SimpleData>
		<SimpleData name="voltage">132000</SimpleData>
	</SchemaData></ExtendedData>
      <LineString><coordinates>73.00992,21.6313689 73.0099053,21.6315348 73.0100831,21.6327739 73.0115291,21.6347639 73.0128069,21.6364549 73.0131608,21.6393019 73.0134224,21.6417305 73.0137063,21.64403 73.0140202,21.6465719 73.014405,21.6501295 73.0147431,21.653004 73.0151048,21.6560786 73.0154199,21.6589008 73.0157626,21.6616722 73.0160796,21.6644673 73.0164195,21.6673633 73.0167651,21.6702805 73.017105,21.6731259 73.0174392,21.6759129 73.0159197,21.6781398 73.014383,21.6804701 73.0127979,21.6828748 73.0112069,21.6853059 73.009676,21.6875752 73.0094132,21.6895179 73.0084322,21.6973246 73.0076041,21.7037197 73.0072814,21.7061412 73.0084182,21.7079085 73.0081411,21.709016</coordinates></LineString>
  </Placemark>
  <Placemark>
	<Style><LineStyle><color>ff0000ff</color></LineStyle><PolyStyle><fill>0</fill></PolyStyle></Style>
	<ExtendedData><SchemaData schemaUrl="#132000_voltage_line">
		<SimpleData name="full_id">w138436001</SimpleData>
		<SimpleData name="osm_id">138436001</SimpleData>
		<SimpleData name="osm_type">way</SimpleData>
		<SimpleData name="power">line</SimpleData>
		<SimpleData name="cables">3</SimpleData>
		<SimpleData name="voltage">132000</SimpleData>
	</SchemaData></ExtendedData>
      <LineString><coordinates>73.0021476,23.828379 73.0000948,23.8269165 72.9987502,23.8259535 72.9979963,23.8231575 72.9972698,23.8203365 72.9965116,23.8175117 72.9958049,23.8149181 72.9950507,23.8120355 72.9942334,23.8089685 72.9933844,23.8058943 72.9925671,23.8028995 72.9917577,23.7999009 72.990968,23.7969132 72.9903007,23.7944818 72.9894912,23.7914433 72.988666,23.7883578 72.9878565,23.7853842 72.9870471,23.7823889 72.9862574,23.7794044 72.9853927,23.7762247 72.9845951,23.7732147 72.9837343,23.7700854 72.9829249,23.7669813 72.9820838,23.7639892 72.9812902,23.7610368 72.9805084,23.7580264 72.9797148,23.7550992 72.978933,23.7522477 72.9780959,23.7490637 72.9775944,23.7472169 72.9768442,23.7443797 72.9763435,23.7425651 72.9750759,23.7398659 72.9737619,23.7370145 72.9723745,23.7340923 72.97113,23.7313576 72.9697619,23.728414 72.9683977,23.7255058 72.9670528,23.7225975 72.9656847,23.7196502 72.9643205,23.7167524 72.9629795,23.7138333 72.9616655,23.7110026 72.9603515,23.708147 72.959053,23.7053127 72.9576926,23.7024075 72.9563979,23.6995199 72.9550376,23.696611 72.9537004,23.6937091 72.9523586,23.6907748 72.9511028,23.6879732 72.9497047,23.6874079 72.9467331,23.6859503 72.9436737,23.6844649 72.9407051,23.6830156 72.937785,23.6816078 72.9347407,23.6801113 72.9318629,23.6787062 72.9289185,23.6772845 72.9259378,23.6758351 72.9229541,23.6743968 72.9198842,23.6729168 72.9169994,23.6715062 72.9143663,23.6702421 72.9113038,23.6687393 72.9082501,23.6672337 72.9050809,23.6657065 72.9021132,23.6642633 72.8991306,23.6628011 72.8960206,23.6612846 72.8929699,23.6598088 72.8901503,23.6584469 72.887224,23.6569765 72.8837379,23.6552619 72.8809804,23.6538647 72.8792214,23.6529965 72.876547,23.6516765 72.8736022,23.6502443 72.8707455,23.6488549 72.8672542,23.6471694 72.863737,23.6455008 72.8598311,23.643588 72.856388,23.6419261 72.8532262,23.6403762 72.8501051,23.6388839 72.8473321,23.6375577 72.8439066,23.6358738 72.8413042,23.6346216 72.8389092,23.6320512 72.8370036,23.630006 72.834877,23.6277402 72.8331384,23.6258814 72.83169,23.6243292 72.8298744,23.6231786 72.8274605,23.6217323 72.8254109,23.6204297 72.8220641,23.6187526 72.8188742,23.6171461 72.8156191,23.6155151 72.8122337,23.6138054 72.809109,23.6122395 72.8064463,23.6109015 72.8041479,23.6097291 72.8009878,23.6081259 72.7977938,23.6065105 72.7946523,23.6049495 72.7918681,23.6035382 72.7887138,23.6019539 72.7854928,23.600322 72.782368,23.598758 72.7794654,23.5972992 72.7778327,23.5965019 72.77513,23.5951448 72.7721645,23.5936655 72.7693285,23.5922405 72.7660187,23.5905576 72.7628236,23.588963 72.759958,23.5875447 72.7567518,23.585933 72.7538948,23.5844976 72.7504303,23.5827568 72.7472907,23.5811657 72.7445171,23.5797618 72.7419701,23.5784837 72.7389645,23.5769754 72.7359543,23.5754749 72.7352857,23.5744904 72.7345247,23.5721491 72.7335725,23.569275 72.7325783,23.5663237 72.7316337,23.5633898 72.7306127,23.5604068 72.7297576,23.5578722 72.7313851,23.5553259 72.7329468,23.5529217 72.735532,23.551439</coordinates></LineString>
  </Placemark>
  <Placemark>
	<Style><LineStyle><color>ff0000ff</color></LineStyle><PolyStyle><fill>0</fill></PolyStyle></Style>
	<ExtendedData><SchemaData schemaUrl="#132000_voltage_line">
		<SimpleData name="full_id">w1416336968</SimpleData>
		<SimpleData name="osm_id">1416336968</SimpleData>
		<SimpleData name="osm_type">way</SimpleData>
		<SimpleData name="power">line</SimpleData>
		<SimpleData name="frequency">50</SimpleData>
		<SimpleData name="circuits">2</SimpleData>
		<SimpleData name="cables">6</SimpleData>
		<SimpleData name="voltage">132000</SimpleData>
	</SchemaData></ExtendedData>
      <LineString><coordinates>72.5875783,22.9504782 72.5880142,22.9498022 72.5906635,22.9483922 72.5930777,22.9470461 72.5948567,22.9452298 72.5957193,22.9433091 72.5968325,22.9406255 72.5978425,22.9382053 72.5989958,22.9355114 72.6000337,22.9330943 72.6012499,22.9302137 72.6020992,22.9281827 72.6043113,22.9263513 72.6065235,22.9245069 72.6087392,22.9226433 72.6098156,22.9204641 72.6111227,22.9178375 72.6124192,22.915243 72.6136704,22.912729 72.6149844,22.910099 72.6163299,22.9074046 72.6177593,22.9045234 72.6190628,22.9019319 72.6204048,22.8992084 72.6206371,22.8963136 72.6208614,22.8937958 72.6210781,22.8910978 72.6213087,22.8882742 72.6215429,22.8853798 72.6217661,22.8826786 72.6220037,22.8798452 72.6222344,22.8770182 72.622465,22.8740655 72.6227201,22.8708713 72.6229508,22.8681664 72.6231989,22.8652973 72.6233946,22.8624668 72.6236183,22.8597939 72.6238454,22.8569214 72.6240761,22.8541293 72.6242701,22.8519021 72.6245183,22.848626 72.624782,22.8455531 72.6250161,22.8429316 72.625197,22.8402976 72.6254167,22.8379984 72.6256194,22.8353315 72.6258641,22.8324037 72.6261087,22.8294791 72.6261665,22.8277224 72.6262538,22.825239 72.6263133,22.8227748 72.6264248,22.8202431 72.6265334,22.8177755 72.6266033,22.8150728 72.6266802,22.8123185</coordinates></LineString>
  </Placemark>
  <Placemark>
	<Style><LineStyle><color>ff0000ff</color></LineStyle><PolyStyle><fill>0</fill></PolyStyle></Style>
	<ExtendedData><SchemaData schemaUrl="#132000_voltage_line">
		<SimpleData name="full_id">w1156619230</SimpleData>
		<SimpleData name="osm_id">1156619230</SimpleData>
		<SimpleData name="osm_type">way</SimpleData>
		<SimpleData name="power">line</SimpleData>
		<SimpleData name="frequency">50</SimpleData>
		<SimpleData name="circuits">1</SimpleData>
		<SimpleData name="cables">3</SimpleData>
		<SimpleData name="voltage">132000</SimpleData>
	</SchemaData></ExtendedData>
      <LineString><coordinates>71.176688,22.0438829 71.1789323,22.0455674 71.1810632,22.0471666</coordinates></LineString>
  </Placemark>
  <Placemark>
	<Style><LineStyle><color>ff0000ff</color></LineStyle><PolyStyle><fill>0</fill></PolyStyle></Style>
	<ExtendedData><SchemaData schemaUrl="#132000_voltage_line">
		<SimpleData name="full_id">w1156619231</SimpleData>
		<SimpleData name="osm_id">1156619231</SimpleData>
		<SimpleData name="osm_type">way</SimpleData>
		<SimpleData name="power">line</SimpleData>
		<SimpleData name="frequency">50</SimpleData>
		<SimpleData name="circuits">2</SimpleData>
		<SimpleData name="cables">6</SimpleData>
		<SimpleData name="voltage">132000</SimpleData>
	</SchemaData></ExtendedData>
      <LineString><coordinates>71.1810632,22.0471666 71.1832148,22.0487801 71.1853328,22.0505789 71.1873557,22.0523257 71.1895212,22.0541405 71.191609,22.0559192 71.1936022,22.0576063 71.1956959,22.0593653 71.1977626,22.0611116 71.1998562,22.0629081 71.2026767,22.063718 71.2051567,22.0644441 71.2076097,22.0652002 71.210268,22.0659713 71.2129533,22.0667825 71.2156225,22.0675636 71.2182808,22.0683548 71.2209877,22.0691559 71.2235164,22.0693062 71.2260666,22.0694614 71.2288654,22.0696166 71.2316318,22.0698019 71.2344252,22.0699821 71.2370241,22.0701173 71.2395149,22.0702876 71.2419841,22.0715394 71.2443561,22.0727661 71.2464417,22.0738476 71.2488136,22.0750543 71.2512612,22.076281 71.2537034,22.0775778 71.2561564,22.0788546 71.258604,22.0800913 71.2610462,22.081378 71.2634992,22.0826397 71.2653039,22.0839865 71.2671301,22.0853634 71.269286,22.0869555 71.2713175,22.0884875 71.2727655,22.0895538 71.2749268,22.091196 71.2767314,22.0925527 71.2788602,22.0941397 71.2809512,22.0957067 71.2831179,22.0973237 71.2852683,22.0989307 71.2873863,22.1005276 71.2895529,22.1021596 71.2917412,22.1038016 71.2939943,22.1052834 71.2962582,22.1067551 71.2985437,22.1082969 71.3008508,22.1098237 71.3031795,22.1113204 71.3054737,22.1128501 71.3078078,22.1144119 71.3100728,22.1158975 71.3123507,22.1174192 71.3146071,22.1188968 71.3169153,22.1204265 71.3187091,22.1223806 71.3205159,22.1243306 71.3222881,22.1262847 71.3240733,22.1282187 71.3258585,22.1301606 71.3276609,22.1321266 71.3294288,22.1340445 71.331227,22.1360184 71.3328652,22.1377841 71.3346597,22.1396807 71.3360829,22.1416519 71.3377254,22.1439266 71.3387681,22.1456706 71.3390256,22.1461014 71.3402992,22.148245 71.341306,22.1499396 71.3424538,22.1518554 71.343806,22.1541471 71.3455396,22.1559611 71.3472899,22.1577925 71.3490792,22.1596646 71.3507563,22.16141 71.3525069,22.1632395 71.3542446,22.1650488 71.3559952,22.1668982 71.3577501,22.1687396 71.3594964,22.1705609 71.3613853,22.1725303 71.3632396,22.1744797 71.3651329,22.1764531 71.3669526,22.1783703 71.3687983,22.1803156 71.3706354,22.1822249 71.3720601,22.1845111 71.3734744,22.1867621 71.374822,22.1889935 71.3762356,22.1912486 71.3784177,22.1924245 71.3808442,22.1937348 71.3832667,22.1950445 71.3855912,22.1962829 71.3881155,22.197597 71.3905414,22.1989112 71.392749,22.2000842 71.3951862,22.2013777 71.3976178,22.202684 71.3999277,22.2039262 71.4026665,22.2045101 71.4054148,22.2050826 71.4077155,22.2055667 71.4103101,22.2061215 71.4129952,22.2066815 71.4157764,22.2072702 71.418518,22.2078511 71.4212511,22.208419 71.4237355,22.209306 71.4259373,22.2100858 71.4285828,22.2110278 71.4312141,22.2119201 71.4338229,22.2128411 71.4364656,22.2137805 71.4390885,22.2146989 71.4416651,22.2155678</coordinates></LineString>
  </Placemark>
  <Placemark>
	<Style><LineStyle><color>ff0000ff</color></LineStyle><PolyStyle><fill>0</fill></PolyStyle></Style>
	<ExtendedData><SchemaData schemaUrl="#132000_voltage_line">
		<SimpleData name="full_id">w138371679</SimpleData>
		<SimpleData name="osm_id">138371679</SimpleData>
		<SimpleData name="osm_type">way</SimpleData>
		<SimpleData name="power">line</SimpleData>
		<SimpleData name="frequency">50</SimpleData>
		<SimpleData name="circuits">2</SimpleData>
		<SimpleData name="cables">6</SimpleData>
		<SimpleData name="voltage">132000</SimpleData>
	</SchemaData></ExtendedData>
      <LineString><coordinates>71.816381,22.5761817 71.8189614,22.5763636 71.8215584,22.5765386 71.8240898,22.5767139 71.8266259,22.5768733 71.829137,22.5770312 71.8321227,22.5771406 71.8350886,22.5772682 71.8380328,22.5773802 71.8410185,22.5774823 71.8440922,22.5775162 71.8471042,22.577598 71.8500751,22.577634 71.8531005,22.5776874 71.8560696,22.5777488 71.859058,22.5777972 71.8620096,22.577846 71.8649707,22.5779157 71.8679323,22.5779627 71.8708263,22.578016 71.8738233,22.5780807 71.8767709,22.578134 71.8797638,22.5781607 71.8826777,22.5782446 71.8855825,22.5783136 71.8885384,22.5783707 71.8914653,22.5784164 71.8944427,22.5784749 71.8973605,22.5785306 71.9003175,22.5785877 71.9032739,22.5786309 71.906209,22.5786623 71.9091697,22.5785446 71.9120963,22.578423 71.9150569,22.5782975 71.9179751,22.5781563 71.9209102,22.5780504 71.9238751,22.5779131 71.9268145,22.5777915 71.9297624,22.5776582 71.9326848,22.5775641 71.9356497,22.5774307 71.9371406,22.577368 71.9386061,22.5772777 71.9415539,22.577164 71.9443999,22.5770385 71.947335,22.5768659 71.9502872,22.5766933 71.9532435,22.5765286 71.9561829,22.5763678 71.9591478,22.5761756 71.9620915,22.576003 71.9650011,22.5758069 71.9679405,22.5756226 71.9708969,22.5754971 71.9738235,22.575297 71.9767842,22.5751284 71.9797236,22.5749794 71.9826714,22.5747832 71.9856278,22.5749205 71.9885884,22.574995 71.9915703,22.5751206 71.9945309,22.5752343 71.9975171,22.575348 72.0005002,22.5754542 72.0034658,22.5755712 72.0064592,22.5756883 72.0094433,22.5757854 72.0124181,22.5759053 72.0154177,22.5760081 72.0183493,22.5761223 72.021355,22.576228 72.0241845,22.5771788 72.0270233,22.5781011 72.0298033,22.5790433 72.032605,22.5799571 72.035416,22.580885 72.0382145,22.5818073 72.0410286,22.5827267 72.0438426,22.5836746 72.0466381,22.5845797 72.0494676,22.5855162 72.0522724,22.586447 72.0550709,22.5873664 72.0577984,22.5882715 72.060532,22.5891651 72.0632688,22.5900787 72.0659777,22.5909638 72.0687268,22.591866 72.0714419,22.5927739 72.0741755,22.593679 72.0769122,22.5945555 72.079618,22.5954662 72.0823486,22.596357 72.0850791,22.5972705 72.087788,22.5981698 72.0905248,22.5990663 72.0932275,22.599977 72.095958,22.6007707 72.0986669,22.6015672 72.1014377,22.6023837 72.1042455,22.6032116 72.1069637,22.6040252 72.1097406,22.6048331 72.1125145,22.6056467 72.1152728,22.6064517 72.1180343,22.6072682 72.1207927,22.6080904 72.1235294,22.6088897 72.1263342,22.6097147 72.1291637,22.6103541 72.1320087,22.6109964 72.1348474,22.6116016 72.1376769,22.6122525 72.1405312,22.6128834 72.1433607,22.6135256 72.1459532,22.6147481 72.1486962,22.6160498 72.1512721,22.6172658 72.1539934,22.6185418 72.1566404,22.6198063 72.1592875,22.6210623 72.1619252,22.6222925 72.1645506,22.6235428 72.1669596,22.6251355 72.1693623,22.6267168 72.1717496,22.6283152 72.1741648,22.6298937 72.1765706,22.6314892 72.178961,22.6330876 72.1813947,22.6346888 72.1838259,22.6362991 72.1862453,22.6379156 72.1886698,22.6395253 72.191062,22.6410825 72.1934326,22.6426668 72.1958766,22.6442881 72.1988183,22.6446873 72.2017304,22.6451029 72.2046514,22.6455048 72.2068584,22.6451521 72.2091424,22.6434187 72.2114738,22.6416689 72.2137668,22.6399381 72.2160656,22.6382211 72.2183941,22.6364821 72.220687,22.634735 72.2230273,22.6329905 72.2253262,22.6312487 72.2276458,22.6295152 72.2299713,22.6277487 72.2322731,22.6260261 72.234602,22.6242968 72.2367168,22.6223143 72.2388374,22.6203736 72.2409283,22.6184161 72.2430357,22.6164525 72.2451662,22.6144889 72.2472605,22.6125222 72.2493646,22.6105706 72.2514885,22.608613 72.2536091,22.6066401 72.2557495,22.604649 72.2578536,22.6026913 72.2599874,22.6007396 72.2620783,22.5987697 72.2641989,22.5967997 72.2663063,22.5948419 72.2684236,22.5928932 72.2705772,22.5909258 72.2727061,22.5889698 72.2746106,22.5877015 72.2768433,22.5858502 72.2790662,22.5840201 72.2812923,22.5821534 72.2835349,22.5802898 72.285771,22.5784231 72.2880169,22.5765686 72.2902727,22.5746988 72.2925022,22.5728472 72.2947679,22.5709652 72.2970072,22.5691166 72.2992333,22.5672559 72.3014858,22.5654012 72.3042562,22.5643535 72.3070238,22.5633203 72.309838,22.5622785 72.3126914,22.5612249 72.314136,22.5606751 72.3162791,22.5598944 72.3174686,22.5594436 72.3193556,22.5587332 72.3208928,22.5581518 72.3236365,22.5570909 72.3264529,22.5560412 72.3292105,22.5549921 72.3320159,22.553963 72.335263,22.5540072 72.3378996,22.5540384 72.3408822,22.5540955 72.343848,22.5541371 72.3467885,22.5541891 72.3497627,22.5542463 72.3527538,22.5542593 72.3557562,22.5543164 72.3587022,22.5543632 72.3609955,22.5533887 72.3636208,22.5522609 72.3663165,22.5511279 72.3690065,22.5499897 72.3716881,22.5488436 72.3743584,22.547721 72.3770456,22.5465671 72.3797131,22.5454445 72.3824031,22.5442906 72.3843784,22.5422141 72.3863706,22.5401376 72.3883431,22.5380481 72.3902959,22.5359923 72.3922437,22.5339411 72.3941929,22.5318672 72.3961449,22.5298279 72.3980826,22.5277778 72.4003163,22.5261022 72.4025271,22.5244319 72.404781,22.5227243 72.4071096,22.5209743 72.4091895,22.5193957 72.411284,22.5178061 72.4133769,22.5162286 72.4163581,22.5154266 72.4192703,22.5146458 72.4222228,22.513849 72.4252805,22.5130216 72.4281997,22.5122317 72.4311464,22.5114588 72.4341334,22.5106515 72.4370457,22.5098175 72.4407427,22.5087738 72.4435199,22.5079823 72.4465701,22.507576 72.4496031,22.5071776 72.4526188,22.5067739 72.4557495,22.5063596 72.4588745,22.5059346 72.4618069,22.5052866 72.464791,22.5045934 72.4671283,22.5040542 72.4681342,22.5038193 72.4713627,22.5030652 72.4744273,22.5023853 72.4774517,22.501692 72.4801311,22.5010998 72.482775,22.5005015 72.4859412,22.499785 72.4893481,22.4990501 72.4923437,22.4983569 72.4948908,22.4977805 72.4979353,22.4970873 72.5008901,22.496414 72.5039036,22.4957274 72.5065142,22.4951315 72.508813,22.4946068 72.5116074,22.4939693 72.5144564,22.4933133 72.5173542,22.4926598 72.5203757,22.4919639 72.523311,22.4912893 72.5262203,22.4906093 72.5292167,22.4899346 72.5322719,22.4892466 72.5351209,22.4885852 72.5380188,22.4879344 72.5409339,22.4872704 72.5434552,22.4866966 72.5462984,22.4860511 72.5483367,22.4839526 72.550122,22.4821091 72.5519993,22.4801779 72.5538766,22.4782414 72.5557538,22.4763128 72.5577145,22.4742646 72.5597154,22.4722191 72.5611759,22.4706809 72.563125,22.4686832 72.5650282,22.4666986 72.5666927,22.4649745 72.5686879,22.4629474 72.5707032,22.4608831 72.5724425,22.4591296 72.5744232,22.4570944 72.5763517,22.4549824</coordinates></LineString>
  </Placemark>
  <Placemark>
	<Style><LineStyle><color>ff0000ff</color></LineStyle><PolyStyle><fill>0</fill></PolyStyle></Style>
	<ExtendedData><SchemaData schemaUrl="#132000_voltage_line">
		<SimpleData name="full_id">w1379197208</SimpleData>
		<SimpleData name="osm_id">1379197208</SimpleData>
		<SimpleData name="osm_type">way</SimpleData>
		<SimpleData name="power">line</SimpleData>
		<SimpleData name="cables">6</SimpleData>
		<SimpleData name="voltage">132000</SimpleData>
	</SchemaData></ExtendedData>
      <LineString><coordinates>72.0384209,23.9658524 72.0384421,23.9657481 72.0384719,23.965601 72.0385383,23.9652744 72.0385756,23.9650906 72.038614,23.9649014</coordinates></LineString>
  </Placemark>
  <Placemark>
	<Style><LineStyle><color>ff0000ff</color></LineStyle><PolyStyle><fill>0</fill></PolyStyle></Style>
	<ExtendedData><SchemaData schemaUrl="#132000_voltage_line">
		<SimpleData name="full_id">w1379197209</SimpleData>
		<SimpleData name="osm_id">1379197209</SimpleData>
		<SimpleData name="osm_type">way</SimpleData>
		<SimpleData name="power">line</SimpleData>
		<SimpleData name="voltage">132000</SimpleData>
	</SchemaData></ExtendedData>
      <LineString><coordinates>72.0384719,23.965601 72.0392565,23.9657102</coordinates></LineString>
  </Placemark>
  <Placemark>
	<Style><LineStyle><color>ff0000ff</color></LineStyle><PolyStyle><fill>0</fill></PolyStyle></Style>
	<ExtendedData><SchemaData schemaUrl="#132000_voltage_line">
		<SimpleData name="full_id">w1379197210</SimpleData>
		<SimpleData name="osm_id">1379197210</SimpleData>
		<SimpleData name="osm_type">way</SimpleData>
		<SimpleData name="power">line</SimpleData>
		<SimpleData name="voltage">132000</SimpleData>
	</SchemaData></ExtendedData>
      <LineString><coordinates>72.0385756,23.9650906 72.0393947,23.9652274</coordinates></LineString>
  </Placemark>
  <Placemark>
	<Style><LineStyle><color>ff0000ff</color></LineStyle><PolyStyle><fill>0</fill></PolyStyle></Style>
	<ExtendedData><SchemaData schemaUrl="#132000_voltage_line">
		<SimpleData name="full_id">w225337531</SimpleData>
		<SimpleData name="osm_id">225337531</SimpleData>
		<SimpleData name="osm_type">way</SimpleData>
		<SimpleData name="power">line</SimpleData>
		<SimpleData name="cables">3</SimpleData>
		<SimpleData name="voltage">132000</SimpleData>
	</SchemaData></ExtendedData>
      <LineString><coordinates>73.1351595,22.0490375 73.1366712,22.0496982 73.1370463,22.0506955 73.1383504,22.0526297 73.1393716,22.0541598 73.1417366,22.0539884 73.1443698,22.056333 73.1469814,22.0586584 73.146794,22.059558 73.1486594,22.0615882 73.1507449,22.063849 73.1526451,22.0659156 73.1546715,22.0681322 73.1566644,22.0702983 73.1592349,22.0716417 73.1614628,22.0728175 73.1641717,22.0742471 73.1668542,22.0756628 73.1695283,22.0770703 73.1719671,22.0789123 73.1727365,22.0808677 73.171396,22.0824095 73.1691291,22.0832894 73.1664725,22.0843818 73.1646248,22.0836455</coordinates></LineString>
  </Placemark>
  <Placemark>
	<Style><LineStyle><color>ff0000ff</color></LineStyle><PolyStyle><fill>0</fill></PolyStyle></Style>
	<ExtendedData><SchemaData schemaUrl="#132000_voltage_line">
		<SimpleData name="full_id">w146235214</SimpleData>
		<SimpleData name="osm_id">146235214</SimpleData>
		<SimpleData name="osm_type">way</SimpleData>
		<SimpleData name="power">line</SimpleData>
		<SimpleData name="cables">6</SimpleData>
		<SimpleData name="voltage">132000</SimpleData>
	</SchemaData></ExtendedData>
      <LineString><coordinates>73.2902367,21.7873854 73.2902851,21.7865869 73.2896326,21.7837686 73.2892489,21.7821547 73.2892282,21.7813093 73.2916785,21.7800687 73.2932512,21.7787236 73.2967483,21.7798049 73.2990331,21.7808753 73.3012794,21.7818771 73.3041406,21.7832138 73.3064076,21.7842705 73.308917,21.7854178 73.3113703,21.786565 73.3138354,21.7876876 73.3167586,21.7884615 73.3179202,21.7903937 73.319469,21.7929351 73.320802,21.7951472 73.3224366,21.7978038 73.3247599,21.7986166 73.3255891,21.7986031</coordinates></LineString>
  </Placemark>
  <Placemark>
	<Style><LineStyle><color>ff0000ff</color></LineStyle><PolyStyle><fill>0</fill></PolyStyle></Style>
	<ExtendedData><SchemaData schemaUrl="#132000_voltage_line">
		<SimpleData name="full_id">w225337533</SimpleData>
		<SimpleData name="osm_id">225337533</SimpleData>
		<SimpleData name="osm_type">way</SimpleData>
		<SimpleData name="power">line</SimpleData>
		<SimpleData name="cables">6</SimpleData>
		<SimpleData name="voltage">132000</SimpleData>
	</SchemaData></ExtendedData>
      <LineString><coordinates>73.1372133,22.049261 73.1368025,22.0495312 73.1353476,22.0487771</coordinates></LineString>
  </Placemark>
  <Placemark>
	<Style><LineStyle><color>ff0000ff</color></LineStyle><PolyStyle><fill>0</fill></PolyStyle></Style>
	<ExtendedData><SchemaData schemaUrl="#132000_voltage_line">
		<SimpleData name="full_id">w138371675</SimpleData>
		<SimpleData name="osm_id">138371675</SimpleData>
		<SimpleData name="osm_type">way</SimpleData>
		<SimpleData name="power">line</SimpleData>
		<SimpleData name="frequency">50</SimpleData>
		<SimpleData name="circuits">2</SimpleData>
		<SimpleData name="cables">6</SimpleData>
		<SimpleData name="voltage">132000</SimpleData>
	</SchemaData></ExtendedData>
      <LineString><coordinates>72.7532662,22.239928 72.7543287,22.2401997 72.753528,22.2426763 72.75292,22.2448916 72.7521038,22.2476135 72.7512816,22.2502961 72.7495264,22.2522903 72.7486836,22.2553153 72.7479471,22.2580826 72.747174,22.2608973 72.7463532,22.2638747 72.7456421,22.2664726 72.7448543,22.269338 72.7441141,22.2721117 72.7432896,22.2750584 72.7425641,22.2777744 72.7419192,22.2801005 72.7413842,22.2820908 72.7407759,22.2843083 72.7399991,22.2871292 72.7392516,22.2898416 72.7384968,22.2926421 72.737709,22.2955443 72.7369431,22.2982938 72.7362176,22.3009857 72.7354847,22.3036571 72.7347995,22.3061285 72.7340886,22.3087253 72.7333668,22.3113695 72.7325753,22.3141424 72.7305054,22.3157414 72.7281103,22.3175855 72.7254975,22.3195823 72.72308,22.3214194 72.7210941,22.3229369 72.7186616,22.3247774 72.7164167,22.3264859 72.7139128,22.3283785 72.7114727,22.330205 72.7091715,22.3319586 72.7068215,22.3337573 72.7047155,22.3352851 72.7023956,22.3369796 72.6998691,22.3387852 72.6975079,22.3404762 72.6949101,22.342372 72.6924288,22.3441497 72.6898348,22.3460142 72.6869967,22.3480766 72.684399,22.3499203 72.6815985,22.3519375 72.6794663,22.3539407 72.6774767,22.3557982 72.6755884,22.3575723 72.673092,22.359881 72.6709447,22.361905 72.6685384,22.3640991 72.6663273,22.3661994 72.664135,22.3682302 72.6618564,22.3703236 72.659604,22.3724446 72.6572783,22.3745609 72.6548993,22.3767873 72.6528581,22.3787047 72.650404,22.3810109 72.6480068,22.3832637 72.6456982,22.3854253 72.6435851,22.3874355 72.6413427,22.3895654 72.6391506,22.391672 72.636937,22.3937685 72.6347162,22.3958651 72.6325456,22.3979117 72.6303679,22.3999949 72.628068,22.4019917 72.6258085,22.4039607 72.6239257,22.4056015 72.621739,22.407507 72.6191089,22.4098157 72.6166681,22.412019 72.6144142,22.4140628 72.6121833,22.4160826 72.6099668,22.4181077 72.6078221,22.4200663 72.6056602,22.4220276 72.602748,22.4230295 72.5997754,22.4240606 72.5968459,22.4250837 72.5939336,22.4260776 72.5910041,22.4270874 72.5881178,22.4280946 72.5851998,22.4291071 72.5823364,22.430085 72.5794357,22.4310895 72.5766729,22.4320355 72.5741871,22.4328875 72.5711822,22.4339234 72.5690971,22.4346225 72.5663139,22.4355823 72.5638636,22.4364172 72.5612552,22.4373061 72.5586527,22.4381932 72.5559904,22.4391119 72.5532247,22.440061 72.5505084,22.4409992 72.5476158,22.4418419 72.5447585,22.4426954 72.5417108,22.4436032 72.5386467,22.4445197 72.5360478,22.4452994 72.5329343,22.4462354 72.5299102,22.4471628 72.5270293,22.4480076 72.524313,22.4488285 72.5214932,22.4496776 72.5186077,22.4506983 72.5155295,22.4517711 72.5125899,22.4528331 72.5100447,22.453739 72.5071129,22.4547826 72.5040418,22.4558751 72.5011868,22.4568784 72.4984093,22.4577883 72.4954651,22.4588241 72.4926148,22.4598295 72.4901827,22.461734 72.4877789,22.4636492 72.4853704,22.4655384 72.4829854,22.4674189 72.4805933,22.4693232 72.4781542,22.4712579 72.4757645,22.4731535 72.4732338,22.4751642 72.4708862,22.4770311 72.4686709,22.4787411 72.4661996,22.4807177 72.4636238,22.4824547 72.461213,22.4841405 72.4587519,22.4859278 72.4562212,22.487682 72.4536693,22.489471 72.4511973,22.4911927 72.4487301,22.4929165 72.4462393,22.4946555 72.4437415,22.4964075 72.4412037,22.4981703 72.4390349,22.4996878 72.4364548,22.5015222 72.4337619,22.503311 72.4314333,22.5048784 72.4285854,22.5038928 72.4257163,22.5028898 72.422819,22.5018717 72.4199517,22.5008724 72.4170573,22.4998636 72.4142258,22.4988824 72.4111006,22.4983396 72.4078955,22.4977904 72.4049254,22.4972607 72.4014947,22.4966658 72.3983624,22.4961187 72.3951949,22.4955782 72.3921708,22.4950506 72.3904601,22.4947553 72.3886226,22.4944449 72.3855279,22.4927602 72.3828539,22.4912904 72.3801728,22.4898162 72.3772943,22.4882552 72.3745232,22.4867399 72.3718209,22.4852581 72.3691481,22.483798 72.3664752,22.4823406 72.3637964,22.480856 72.3611177,22.4794122 72.3582832,22.4781148 72.3555164,22.4768284 72.3527231,22.4755636 72.3498798,22.4742581 72.3471335,22.4729743 72.3444342,22.471742 72.341541,22.4704148 72.3387646,22.4691357 72.3359767,22.4678628 72.3329068,22.4664318 72.3300949,22.4647346 72.327439,22.4631317 72.3247742,22.461526 72.3221003,22.4598676 72.3194385,22.4582868 72.3167857,22.4566921 72.3141538,22.455089 72.311489,22.4535026 72.3090312,22.4519939 72.3063784,22.4503769 72.3039386,22.4485631 72.3014838,22.4467214 72.2990411,22.4448881 72.2965983,22.4430769 72.2941525,22.4412268 72.2916918,22.4394045 72.289291,22.4376099 72.2868752,22.4357986 72.2844325,22.4339568 72.2820377,22.4321732 72.2799611,22.4314326 72.2755377,22.4298903 72.2723086,22.4287613 72.2692147,22.4288806 72.2661177,22.4289915 72.2630567,22.4291025 72.2599538,22.4292162 72.2568898,22.4293272 72.2538048,22.4294437 72.2507318,22.4295824 72.2476679,22.429685 72.2445889,22.4297988 72.2415039,22.4299208 72.238434,22.4300262 72.235379,22.430151 72.232339,22.4302481 72.2292781,22.4303646 72.2262531,22.4304839 72.2231922,22.4306032 72.2201252,22.4307169 72.2170792,22.4308279 72.2140303,22.4309333 72.2110833,22.4310637 72.2080404,22.4311635 72.2049764,22.4312662 72.2019425,22.4313882 72.1987795,22.4314964 72.1956795,22.4316129 72.1926455,22.4317294 72.1894495,22.4318403 72.1863285,22.4319652 72.1831866,22.4320734 72.1800716,22.4321843 72.1768786,22.4323202 72.1738086,22.4324284 72.1707266,22.4325255 72.1676537,22.4326337 72.1645507,22.4327613 72.1614927,22.4328639 72.1584678,22.4332079 72.1553678,22.4335435 72.1523038,22.4338902 72.1492459,22.4342453 72.1462419,22.4345726 72.143253,22.4349027 72.140204,22.434273 72.137173,22.4336434 72.1340971,22.4330165 72.1310751,22.4323924 72.1280502,22.4317655 72.1250252,22.4311358 72.1219913,22.4305061 72.1189933,22.4298958 72.1159804,22.4292662 72.1129584,22.4286476 72.1099785,22.4280096 72.1069475,22.4273938 72.1039946,22.4267973 72.1010056,22.4261566 72.0980407,22.4255407 72.0950338,22.4249221 72.0920118,22.4242896 72.0890139,22.423671 72.0860249,22.4230497 72.083222,22.4222202 72.0803951,22.421363 72.0775623,22.4205225 72.0747984,22.4197013 72.0720885,22.4188719 72.0692376,22.4180396 72.0664257,22.4172018 72.0635898,22.4163446 72.060763,22.4155151 72.0579451,22.4146718 72.0551092,22.4138339 72.0517031,22.4136675 72.0487832,22.413551 72.0456352,22.4133956 72.0424812,22.4132652 72.0393542,22.413121 72.0362422,22.412985 72.0331002,22.4128352 72.0300524,22.4126857 72.0268752,22.412544 72.0234738,22.4123934 72.0210488,22.4139417 72.0181131,22.4130878 72.0151122,22.4122339 72.0121419,22.4113659 72.0093212,22.4105616 72.0063356,22.4096971 72.0033539,22.4088361 72.0004143,22.4079751 71.9974952,22.4070895 71.9945261,22.4062687 71.9915934,22.4054326 71.9884562,22.4050474 71.9855253,22.404749</coordinates></LineString>
  </Placemark>
  <Placemark>
	<Style><LineStyle><color>ff0000ff</color></LineStyle><PolyStyle><fill>0</fill></PolyStyle></Style>
	<ExtendedData><SchemaData schemaUrl="#132000_voltage_line">
		<SimpleData name="full_id">w137994200</SimpleData>
		<SimpleData name="osm_id">137994200</SimpleData>
		<SimpleData name="osm_type">way</SimpleData>
		<SimpleData name="power">line</SimpleData>
		<SimpleData name="cables">6</SimpleData>
		<SimpleData name="voltage">132000</SimpleData>
	</SchemaData></ExtendedData>
      <LineString><coordinates>72.7548464,22.2382753 72.7553103,22.2368328 72.7567354,22.2358492</coordinates></LineString>
  </Placemark>
  <Placemark>
	<Style><LineStyle><color>ff0000ff</color></LineStyle><PolyStyle><fill>0</fill></PolyStyle></Style>
	<ExtendedData><SchemaData schemaUrl="#132000_voltage_line">
		<SimpleData name="full_id">w137994201</SimpleData>
		<SimpleData name="osm_id">137994201</SimpleData>
		<SimpleData name="osm_type">way</SimpleData>
		<SimpleData name="power">line</SimpleData>
		<SimpleData name="cables">6</SimpleData>
		<SimpleData name="voltage">132000</SimpleData>
	</SchemaData></ExtendedData>
      <LineString><coordinates>72.7534516,22.2391586 72.7543377,22.2393942 72.7548574,22.2376527 72.7552847,22.2363621 72.7557278,22.2350502</coordinates></LineString>
  </Placemark>
  <Placemark>
	<Style><LineStyle><color>ff0000ff</color></LineStyle><PolyStyle><fill>0</fill></PolyStyle></Style>
	<ExtendedData><SchemaData schemaUrl="#132000_voltage_line">
		<SimpleData name="full_id">w225299617</SimpleData>
		<SimpleData name="osm_id">225299617</SimpleData>
		<SimpleData name="osm_type">way</SimpleData>
		<SimpleData name="power">line</SimpleData>
		<SimpleData name="cables">4</SimpleData>
		<SimpleData name="voltage">132000</SimpleData>
	</SchemaData></ExtendedData>
      <LineString><coordinates>73.0082488,21.7107888 73.0073541,21.7122317 73.00652,21.7135958 73.0057909,21.7148192 73.0052011,21.715748 73.0034234,21.7158888 73.0022227,21.7159331 73.000928,21.7152769 72.9985165,21.7139147</coordinates></LineString>
  </Placemark>
  <Placemark>
	<Style><LineStyle><color>ff0000ff</color></LineStyle><PolyStyle><fill>0</fill></PolyStyle></Style>
	<ExtendedData><SchemaData schemaUrl="#132000_voltage_line">
		<SimpleData name="full_id">w146235335</SimpleData>
		<SimpleData name="osm_id">146235335</SimpleData>
		<SimpleData name="osm_type">way</SimpleData>
		<SimpleData name="power">line</SimpleData>
		<SimpleData name="frequency">50</SimpleData>
		<SimpleData name="circuits">1</SimpleData>
		<SimpleData name="cables">3</SimpleData>
		<SimpleData name="voltage">132000</SimpleData>
	</SchemaData></ExtendedData>
      <LineString><coordinates>72.8501071,21.122823 72.8505309,21.1220975 72.8507066,21.1204561 72.8506395,21.1201859 72.8509869,21.1177326 72.8512028,21.1149703 72.8514415,21.1121492 72.8537697,21.1106641 72.8563794,21.1088475 72.8587586,21.1072023 72.8607662,21.105821 72.8627966,21.1044072 72.8644623,21.1032462 72.8671725,21.1032183 72.8675388,21.1033561 72.8689825,21.1036449 72.8693945,21.1035221 72.8720795,21.1036657 72.8741946,21.1037621 72.8762961,21.1013844 72.8783291,21.0990842 72.880137,21.0970454 72.8823681,21.0944852 72.8843545,21.0922234 72.8862999,21.0900177 72.8882717,21.0877837 72.8899667,21.0858397 72.891975,21.0835694 72.8940512,21.0811971 72.8961199,21.078834 72.8981908,21.0764788 72.9001841,21.0742069 72.9021559,21.0719636 72.9030728,21.0709233 72.9042154,21.0706763 72.9039472,21.0699312 72.9042045,21.0696392 72.9052835,21.0667975 72.9062784,21.0641878 72.9072801,21.0615372 72.9080868,21.0593854 72.9091221,21.0566658 72.9101778,21.0538611 72.9110253,21.0516379 72.9120598,21.0489138 72.9135539,21.0467454 72.9149247,21.0447575 72.9167107,21.0421675 72.9183339,21.0398136 72.9200981,21.0372553 72.9216484,21.0349967 72.9231852,21.0327501 72.9249325,21.0302219 72.9268132,21.0274545 72.9284553,21.02508 72.9302182,21.0224819 72.9291868,21.0193599 72.9283757,21.0169095 72.9275549,21.0153817 72.9291434,21.013084 72.9306101,21.0109123 72.9322516,21.0085185 72.9338856,21.0061273 72.9355129,21.0037653 72.937291,21.0011583 72.9390009,20.9986449 72.9407324,20.9961114 72.9423886,20.9937016 72.9441416,20.9911379 72.9460313,20.9883902 72.9480454,20.986412 72.9499678,20.9845495 72.9521313,20.9824585 72.9539453,20.9807113 72.9556381,20.9791014 72.9572966,20.9765284 72.9590349,20.9738709 72.9607914,20.971183 72.9621465,20.9691511 72.9618272,20.9657553 72.9617297,20.9637964 72.9594894,20.9621392 72.9568666,20.9601989 72.956788,20.9579312 72.9567563,20.9554452 72.9567386,20.9533857 72.9566746,20.9506227 72.9563577,20.948036 72.9559731,20.94519 72.9571824,20.9442508 72.9584155,20.9444868</coordinates></LineString>
  </Placemark>
  <Placemark>
	<Style><LineStyle><color>ff0000ff</color></LineStyle><PolyStyle><fill>0</fill></PolyStyle></Style>
	<ExtendedData><SchemaData schemaUrl="#132000_voltage_line">
		<SimpleData name="full_id">w1379197237</SimpleData>
		<SimpleData name="osm_id">1379197237</SimpleData>
		<SimpleData name="osm_type">way</SimpleData>
		<SimpleData name="power">line</SimpleData>
		<SimpleData name="cables">3</SimpleData>
		<SimpleData name="voltage">132000</SimpleData>
	</SchemaData></ExtendedData>
      <LineString><coordinates>72.0380083,23.9656766 72.0384421,23.9657481</coordinates></LineString>
  </Placemark>
  <Placemark>
	<Style><LineStyle><color>ff0000ff</color></LineStyle><PolyStyle><fill>0</fill></PolyStyle></Style>
	<ExtendedData><SchemaData schemaUrl="#132000_voltage_line">
		<SimpleData name="full_id">w1379197238</SimpleData>
		<SimpleData name="osm_id">1379197238</SimpleData>
		<SimpleData name="osm_type">way</SimpleData>
		<SimpleData name="power">line</SimpleData>
		<SimpleData name="cables">3</SimpleData>
		<SimpleData name="voltage">132000</SimpleData>
	</SchemaData></ExtendedData>
      <LineString><coordinates>72.0385383,23.9652744 72.0381035,23.965198</coordinates></LineString>
  </Placemark>
  <Placemark>
	<Style><LineStyle><color>ff0000ff</color></LineStyle><PolyStyle><fill>0</fill></PolyStyle></Style>
	<ExtendedData><SchemaData schemaUrl="#132000_voltage_line">
		<SimpleData name="full_id">w1388042059</SimpleData>
		<SimpleData name="osm_id">1388042059</SimpleData>
		<SimpleData name="osm_type">way</SimpleData>
		<SimpleData name="power">line</SimpleData>
		<SimpleData name="frequency">50</SimpleData>
		<SimpleData name="circuits">2</SimpleData>
		<SimpleData name="cables">3</SimpleData>
		<SimpleData name="voltage">132000</SimpleData>
	</SchemaData></ExtendedData>
      <LineString><coordinates>72.1928613,24.2374973 72.1933119,24.2355077 72.1938591,24.2331682 72.1923906,24.2319661 72.1903709,24.230287 72.1881835,24.2286066 72.1863811,24.2262022 72.1843922,24.2237134 72.182284,24.2210252 72.1805446,24.2187747 72.1802603,24.2164864 72.1800014,24.2145587 72.179815,24.2118031 72.1796782,24.209106 72.1795642,24.206908 72.1794087,24.2045215 72.177444,24.201713 72.1756764,24.1991491 72.1738994,24.196612 72.1727648,24.1938364 72.1716598,24.1911659 72.1707264,24.1888391 72.168425,24.188291 72.166121,24.1877307 72.1639243,24.1861941 72.1617571,24.1847457 72.1600498,24.1835577 72.1579631,24.1822988 72.1557489,24.1809396 72.1543702,24.1782664 72.1523304,24.1761571 72.1499808,24.1737481 72.1479075,24.1716118 72.1458516,24.1694939 72.1437514,24.1673356 72.1444032,24.1652322 72.1452427,24.1630457 72.1446982,24.1598386 72.1443307,24.1575687 72.1439029,24.1548277 72.1434242,24.1519447 72.1430138,24.1493259 72.1424492,24.1459545 72.1420039,24.1431643 72.1414702,24.1398942 72.1409914,24.1368016 72.1405515,24.1340406 72.1388349,24.131933 72.1371424,24.1298915 72.13523,24.1276052 72.1334839,24.1254242 72.1295129,24.1224633 72.1274503,24.120161 72.1254574,24.117959 72.123443,24.1156553 72.1214072,24.1133737 72.119181,24.1120529 72.1170728,24.110781 72.1164545,24.1106317 72.1157518,24.1106794 72.1150316,24.1105632 72.1133338,24.1088873 72.1114495,24.1070267 72.1097343,24.1053349 72.1097235,24.1037447 72.109454,24.1034276 72.1093038,24.1028449 72.1087646,24.1023908 72.1089081,24.101715 72.1083409,24.1010062 72.1084817,24.0981611 72.1086667,24.0953307 72.1087995,24.0932691 72.1093574,24.090441 72.1098053,24.0879997 72.1102211,24.0856122 72.1106985,24.0829187 72.1091348,24.0807956 72.1069568,24.0798014 72.105782,24.0770073 72.1046166,24.074758 72.1033707,24.0723029 72.1020468,24.0696997 72.1007261,24.0671025 72.0986943,24.0648139 72.0964734,24.0622619 72.0954072,24.05946 72.0943719,24.0567218 72.0927291,24.053926 72.0911224,24.0512783 72.0893911,24.0483537 72.0884912,24.0457573 72.0874183,24.0427678 72.0862904,24.0395576 72.085247,24.0366512 72.0841674,24.0340178 72.0830557,24.0313195 72.0818514,24.0283063 72.0803802,24.0266159 72.0784825,24.0244037 72.0763582,24.0219097 72.0749702,24.0202671 72.0725387,24.0174202 72.0705539,24.015154 72.0701449,24.0124981 72.0697559,24.0099867 72.0692356,24.0067856 72.0689057,24.004529 72.0684899,24.0019733 72.068038,23.9989546 72.0675136,23.9957985 72.0672011,23.9937009 72.0675726,23.993152 72.0680259,23.9926534 72.0684873,23.9920432 72.0701274,23.9902494 72.0715074,23.9886909 72.0709093,23.9866937 72.0692168,23.9858176 72.067759,23.9842676 72.0658493,23.9822213 72.0643634,23.980659 72.0645565,23.9797657 72.0646785,23.9792217 72.0648555,23.9785575 72.0629029,23.9759009 72.0611353,23.9734354 72.059129,23.9733325 72.0570758,23.9719404 72.0566332,23.969552 72.0567217,23.9675288 72.0560767,23.9661943 72.0533784,23.9654528 72.0513654,23.9649982 72.049233,23.9646023 72.0472763,23.9641771 72.0458226,23.9643867 72.0438351,23.9657347 72.0426401,23.9659394 72.0415123,23.9654173 72.0402302,23.9659296 72.0392565,23.9657102</coordinates></LineString>
  </Placemark>
  <Placemark>
	<Style><LineStyle><color>ff0000ff</color></LineStyle><PolyStyle><fill>0</fill></PolyStyle></Style>
	<ExtendedData><SchemaData schemaUrl="#132000_voltage_line">
		<SimpleData name="full_id">w225299596</SimpleData>
		<SimpleData name="osm_id">225299596</SimpleData>
		<SimpleData name="osm_type">way</SimpleData>
		<SimpleData name="power">line</SimpleData>
		<SimpleData name="frequency">59</SimpleData>
		<SimpleData name="circuits">3</SimpleData>
		<SimpleData name="cables">9</SimpleData>
		<SimpleData name="voltage">132000</SimpleData>
	</SchemaData></ExtendedData>
      <LineString><coordinates>73.0267512,21.7572583 73.0275113,21.7568407 73.0282596,21.7559945</coordinates></LineString>
  </Placemark>
  <Placemark>
	<Style><LineStyle><color>ff0000ff</color></LineStyle><PolyStyle><fill>0</fill></PolyStyle></Style>
	<ExtendedData><SchemaData schemaUrl="#132000_voltage_line">
		<SimpleData name="full_id">w138436075</SimpleData>
		<SimpleData name="osm_id">138436075</SimpleData>
		<SimpleData name="osm_type">way</SimpleData>
		<SimpleData name="power">line</SimpleData>
		<SimpleData name="cables">6</SimpleData>
		<SimpleData name="voltage">132000</SimpleData>
	</SchemaData></ExtendedData>
      <LineString><coordinates>72.9533711,23.3472895 72.9539272,23.3497085 72.9544142,23.3517387</coordinates></LineString>
  </Placemark>
  <Placemark>
	<Style><LineStyle><color>ff0000ff</color></LineStyle><PolyStyle><fill>0</fill></PolyStyle></Style>
	<ExtendedData><SchemaData schemaUrl="#132000_voltage_line">
		<SimpleData name="full_id">w138436124</SimpleData>
		<SimpleData name="osm_id">138436124</SimpleData>
		<SimpleData name="osm_type">way</SimpleData>
		<SimpleData name="power">line</SimpleData>
		<SimpleData name="frequency">50</SimpleData>
		<SimpleData name="circuits">1</SimpleData>
		<SimpleData name="cables">3</SimpleData>
		<SimpleData name="voltage">132000</SimpleData>
	</SchemaData></ExtendedData>
      <LineString><coordinates>72.357752,23.9120222 72.3566229,23.9113103 72.3565779,23.9091703 72.3587474,23.9071943 72.3608821,23.9052432 72.3624129,23.9025783 72.3646037,23.8987927 72.3659492,23.8964254 72.367575,23.8935804 72.3685371,23.891927 72.369574,23.8901235 72.3698379,23.8896644 72.371404,23.8869402 72.372221,23.8856148 72.3724258,23.8844471 72.3731513,23.8837434 72.3749044,23.8837955 72.3758093,23.8823515 72.3760017,23.8806956 72.3765011,23.879307 72.3774545,23.8768734 72.3784714,23.8742948 72.3794893,23.8717134 72.3805269,23.8690825 72.3815443,23.8664762 72.382592,23.8638545 72.3839867,23.8614329 72.3853848,23.859002 72.3866885,23.8567498 72.3881843,23.854134 72.3895958,23.8517154 72.39094,23.8493922 72.3923414,23.8469673 72.3938136,23.8444098 72.3951948,23.8420002 72.3965424,23.8397015 72.3977821,23.8375137 72.3993048,23.8348697 72.4006288,23.8325709 72.4021313,23.8299947 72.4035429,23.8275509 72.4048702,23.8252149 72.406312,23.8227464 72.4077552,23.820211 72.4091829,23.8177375 72.4106074,23.8152428 72.4130375,23.8134691 72.415461,23.8116892 72.4177889,23.8099878 72.4199388,23.808398 72.4224118,23.806588 72.4247199,23.8048865 72.4269489,23.8032514 72.429567,23.8013055 72.4320861,23.7994682 72.4345327,23.7975072 72.4370321,23.795516 72.4396765,23.7934463 72.4419649,23.791624 72.4445764,23.7895271 72.4466438,23.7879069 72.4486782,23.7862806 72.4510391,23.7844129 72.4531791,23.7826991 72.4552894,23.7810214 72.4575942,23.7785653 72.4598067,23.7762177 72.461828,23.7740753 72.4637173,23.7720475 72.4658111,23.7698115 72.4678621,23.7676388 72.4697053,23.7656652 72.471931,23.7633144 72.4738962,23.7611023 72.4758548,23.7588842 72.4778628,23.7566087 72.4798824,23.7543603 72.4810118,23.7519233 72.4823101,23.7491429 72.4837279,23.7460908 72.4849727,23.7433933 72.4862009,23.7407901 72.4874005,23.7382069 72.4886033,23.7356232 72.4898194,23.7330418 72.4912494,23.7299727 72.4922096,23.7279225 72.4934952,23.7248938 72.4945833,23.7223883 72.4960143,23.7190466 72.4971189,23.7164141 72.4982763,23.7137198 72.5002522,23.7113016 72.5024647,23.7085936 72.5045255,23.7060696 72.5065501,23.7051911 72.5092738,23.7040355 72.5119912,23.7028683 72.5147861,23.701639 72.5172679,23.7005869 72.5202887,23.6992867 72.523374,23.6979598 72.5249941,23.6951021 72.5265167,23.6923679 72.5285745,23.6903276 72.5302471,23.6885776 72.5320589,23.686682</coordinates></LineString>
  </Placemark>
  <Placemark>
	<Style><LineStyle><color>ff0000ff</color></LineStyle><PolyStyle><fill>0</fill></PolyStyle></Style>
	<ExtendedData><SchemaData schemaUrl="#132000_voltage_line">
		<SimpleData name="full_id">w1152283943</SimpleData>
		<SimpleData name="osm_id">1152283943</SimpleData>
		<SimpleData name="osm_type">way</SimpleData>
		<SimpleData name="power">line</SimpleData>
		<SimpleData name="frequency">50</SimpleData>
		<SimpleData name="circuits">2</SimpleData>
		<SimpleData name="cables">6</SimpleData>
		<SimpleData name="voltage">132000</SimpleData>
	</SchemaData></ExtendedData>
      <LineString><coordinates>71.2199905,22.0013474 71.2187004,22.0019219 71.2173164,22.0018473</coordinates></LineString>
  </Placemark>
  <Placemark>
	<Style><LineStyle><color>ff0000ff</color></LineStyle><PolyStyle><fill>0</fill></PolyStyle></Style>
	<ExtendedData><SchemaData schemaUrl="#132000_voltage_line">
		<SimpleData name="full_id">w1152283945</SimpleData>
		<SimpleData name="osm_id">1152283945</SimpleData>
		<SimpleData name="osm_type">way</SimpleData>
		<SimpleData name="power">line</SimpleData>
		<SimpleData name="frequency">50</SimpleData>
		<SimpleData name="circuits">4</SimpleData>
		<SimpleData name="cables">12</SimpleData>
		<SimpleData name="voltage">132000</SimpleData>
	</SchemaData></ExtendedData>
      <LineString><coordinates>71.2465793,21.8880748 71.2455708,21.8866437 71.2430817,21.8866785 71.2415582,21.8889384 71.2407052,21.8914148 71.2397343,21.8944386 71.2386882,21.8975421 71.2384844,21.8996301 71.2379694,21.9036815 71.2375027,21.9074492 71.2377012,21.9102562 71.2378943,21.9130383 71.2369394,21.9162583 71.235888,21.9197221 71.234858,21.9232156 71.2344289,21.9265846 71.2340587,21.9298491 71.2336832,21.933228 71.232613,21.9358678 71.2315348,21.9385399 71.2304726,21.9411124 71.2301481,21.9435182 71.2300381,21.9463121 71.2299255,21.9494069 71.2297752,21.9527032 71.2290913,21.9547854 71.2280667,21.9579572 71.227254,21.9604349 71.2261055,21.9627585 71.2249832,21.9650293 71.2236491,21.9677283 71.2225011,21.971447 71.2213692,21.9751383 71.2203446,21.9785335 71.2200174,21.9801179 71.2190276,21.9839034 71.2180781,21.9874625 71.2174076,21.9916259 71.2166244,21.9975773 71.2162891,22.0001164 71.2173164,22.0018473</coordinates></LineString>
  </Placemark>
  <Placemark>
	<Style><LineStyle><color>ff0000ff</color></LineStyle><PolyStyle><fill>0</fill></PolyStyle></Style>
	<ExtendedData><SchemaData schemaUrl="#132000_voltage_line">
		<SimpleData name="full_id">w226097006</SimpleData>
		<SimpleData name="osm_id">226097006</SimpleData>
		<SimpleData name="osm_type">way</SimpleData>
		<SimpleData name="power">line</SimpleData>
		<SimpleData name="frequency">50</SimpleData>
		<SimpleData name="circuits">2</SimpleData>
		<SimpleData name="cables">6</SimpleData>
		<SimpleData name="voltage">132000</SimpleData>
	</SchemaData></ExtendedData>
      <LineString><coordinates>71.1806535,22.0442477 71.1812655,22.0433182 71.1815525,22.0429207 71.1821853,22.0419688 71.1822891,22.0389366 71.1823997,22.0357954 71.1824892,22.0328354 71.1825702,22.0301938 71.1826312,22.0282013 71.1825671,22.0264493</coordinates></LineString>
  </Placemark>
  <Placemark>
	<Style><LineStyle><color>ff0000ff</color></LineStyle><PolyStyle><fill>0</fill></PolyStyle></Style>
	<ExtendedData><SchemaData schemaUrl="#132000_voltage_line">
		<SimpleData name="full_id">w1152283946</SimpleData>
		<SimpleData name="osm_id">1152283946</SimpleData>
		<SimpleData name="osm_type">way</SimpleData>
		<SimpleData name="power">line</SimpleData>
		<SimpleData name="frequency">50</SimpleData>
		<SimpleData name="circuits">2</SimpleData>
		<SimpleData name="cables">6</SimpleData>
		<SimpleData name="voltage">132000</SimpleData>
	</SchemaData></ExtendedData>
      <LineString><coordinates>71.2468041,21.8898034 71.2468582,21.8891773 71.2465793,21.8880748</coordinates></LineString>
  </Placemark>
  <Placemark>
	<Style><LineStyle><color>ff0000ff</color></LineStyle><PolyStyle><fill>0</fill></PolyStyle></Style>
	<ExtendedData><SchemaData schemaUrl="#132000_voltage_line">
		<SimpleData name="full_id">w1152283947</SimpleData>
		<SimpleData name="osm_id">1152283947</SimpleData>
		<SimpleData name="osm_type">way</SimpleData>
		<SimpleData name="power">line</SimpleData>
		<SimpleData name="frequency">50</SimpleData>
		<SimpleData name="circuits">2</SimpleData>
		<SimpleData name="cables">6</SimpleData>
		<SimpleData name="voltage">132000</SimpleData>
	</SchemaData></ExtendedData>
      <LineString><coordinates>71.2461784,21.8897593 71.2462199,21.8890728 71.2465793,21.8880748</coordinates></LineString>
  </Placemark>
  <Placemark>
	<Style><LineStyle><color>ff0000ff</color></LineStyle><PolyStyle><fill>0</fill></PolyStyle></Style>
	<ExtendedData><SchemaData schemaUrl="#132000_voltage_line">
		<SimpleData name="full_id">w1387985449</SimpleData>
		<SimpleData name="osm_id">1387985449</SimpleData>
		<SimpleData name="osm_type">way</SimpleData>
		<SimpleData name="power">line</SimpleData>
		<SimpleData name="frequency">50</SimpleData>
		<SimpleData name="circuits">2</SimpleData>
		<SimpleData name="cables">6</SimpleData>
		<SimpleData name="voltage">132000</SimpleData>
	</SchemaData></ExtendedData>
      <LineString><coordinates>72.1697175,23.8160198 72.1697849,23.816448 72.1686342,23.8189779 72.1681997,23.8222315 72.1678081,23.8252642 72.167446,23.8279681 72.1670169,23.8307455 72.1666601,23.8334113 72.1663101,23.8360058 72.1660285,23.8383439 72.1657039,23.8404906 72.1656261,23.8413848 72.1660915,23.8414192 72.1668975,23.8428924 72.1680897,23.8449838 72.1675251,23.8467232 72.1674728,23.8487618 72.1688797,23.8505968 72.1704689,23.8526684 72.173371,23.8549989 72.1741757,23.856846 72.1739168,23.8584945 72.1723089,23.8607267 72.1703053,23.86342 72.1669324,23.8647372 72.164045,23.8658778 72.1611294,23.8670356 72.1606989,23.8689475 72.1600203,23.8720687 72.1594664,23.8746085 72.1589676,23.8768098 72.1576264,23.8781452 72.1557234,23.8800472 72.1537051,23.8820792 72.1521306,23.883666 72.1502517,23.8855054 72.1480617,23.8877286 72.1458046,23.8899578 72.1435663,23.892165 72.1413481,23.894404 72.1390508,23.8967263 72.1367227,23.8990216 72.1344951,23.9012494 72.1323654,23.9033963 72.1302183,23.9054954 72.1281154,23.9077341 72.1258812,23.9099495 72.1236858,23.9121649 72.1217492,23.9140689 72.1193956,23.9164301 72.1180062,23.9178252 72.1150155,23.9188097 72.1125023,23.9196261 72.1097343,23.9205566 72.1073364,23.9213289 72.1046206,23.922279 72.1020752,23.9230771 72.100313,23.9236324 72.098693,23.9243262 72.0966049,23.9257924 72.0939736,23.927625 72.091683,23.9292333 72.0892315,23.9298413 72.0865332,23.9305523 72.0833091,23.9313871 72.0800865,23.9322182 72.077655,23.932961 72.0749031,23.9337921 72.0721632,23.9346428 72.0701382,23.9352851 72.0680933,23.9366801 72.0667291,23.9378004 72.065227,23.9379622 72.0634675,23.9378274 72.0614183,23.9399087 72.0600168,23.9431004 72.0600651,23.9466512 72.0576391,23.9494604 72.0553431,23.9521029 72.0535997,23.9543176 72.0518643,23.9565959 72.04998,23.9590262 72.0480837,23.9615349 72.0461056,23.9641072 72.0441261,23.9643425 72.0436768,23.9639945 72.0431337,23.9635766 72.0427407,23.9632813 72.041637,23.9625116 72.0411918,23.9624577 72.0406017,23.9624062 72.0401242,23.9623719 72.039683,23.9628413 72.0396294,23.9643389 72.0393947,23.9652274</coordinates></LineString>
  </Placemark>
  <Placemark>
	<Style><LineStyle><color>ff0000ff</color></LineStyle><PolyStyle><fill>0</fill></PolyStyle></Style>
	<ExtendedData><SchemaData schemaUrl="#132000_voltage_line">
		<SimpleData name="full_id">w138474310</SimpleData>
		<SimpleData name="osm_id">138474310</SimpleData>
		<SimpleData name="osm_type">way</SimpleData>
		<SimpleData name="power">line</SimpleData>
		<SimpleData name="frequency">50</SimpleData>
		<SimpleData name="circuits">1</SimpleData>
		<SimpleData name="cables">3</SimpleData>
		<SimpleData name="voltage">132000</SimpleData>
	</SchemaData></ExtendedData>
      <LineString><coordinates>72.181224,24.245121 72.1843038,24.2445422 72.187611,24.2439207 72.1901324,24.2418751 72.1923849,24.2400472 72.1927788,24.239026 72.1943237,24.2366217 72.1960019,24.2340136 72.1977464,24.2312653 72.1994735,24.2285443 72.2011797,24.2259021 72.2029262,24.2232061 72.2046758,24.2204789 72.2064223,24.2177404 72.2081719,24.2150102 72.209785,24.2125092 72.211519,24.2097903 72.2136223,24.2072581 72.215679,24.2047569 72.2177512,24.2022274 72.2198575,24.199712 72.2219484,24.1971796 72.2238996,24.194814 72.2259842,24.1923041 72.2280937,24.1897461 72.2301814,24.1872332 72.2322611,24.1847263 72.2343631,24.1821817 72.23639,24.1797266 72.2382321,24.1774953 72.239963,24.1747769 72.2416762,24.1719655 72.2434206,24.1692908 72.2451729,24.166604 72.2470243,24.1636899 72.2488434,24.1608301 72.2505632,24.1581152 72.2523177,24.1553685 72.2540574,24.1526422 72.2553975,24.1495625 72.2567352,24.1465371 72.2578916,24.1438219 72.2591126,24.1410681 72.2602865,24.1383754 72.2615524,24.1354462 72.2627618,24.1326898 72.2638169,24.1302587 72.2650104,24.1275363 72.2661985,24.1248263 72.2674554,24.1219692 72.2684603,24.1196849 72.2696636,24.1169497 72.2713232,24.1143958 72.273169,24.1116295 72.2749899,24.1088348 72.2767798,24.1061449 72.2785635,24.1034265 72.2803411,24.1007194 72.2821248,24.098018 72.2838961,24.0953221 72.2856798,24.0926064 72.2862754,24.089545 72.2868989,24.0864214 72.2875163,24.0833004 72.2881119,24.0801681 72.2886827,24.0773388 72.2892814,24.0742488 72.2898832,24.071204 72.2904618,24.068354 72.290955,24.0656207 72.2915734,24.0625569 72.292194,24.0594823 72.292833,24.0562333 72.2934969,24.052936 72.2946199,24.0499984 72.2957676,24.0470182 72.2969247,24.0440012 72.2980663,24.0410408 72.2992637,24.0379357 72.3004078,24.0349345 72.3015667,24.0319381 72.3027121,24.0289581 72.3038512,24.0259485 72.304988,24.0229927 72.307367,24.0208444 72.3098251,24.0186246 72.3123126,24.0163782 72.3147645,24.014164 72.3168119,24.0116052 72.3188562,24.0090521 72.3208974,24.006496 72.3229323,24.0039428 72.3250108,24.0013668 72.3270613,23.9988049 72.3291087,23.9962566 72.3311412,23.9937105 72.3332477,23.9910545 72.3353687,23.9884046 72.3366871,23.9864312 72.3391145,23.9828246 72.3402018,23.9812162 72.3406641,23.9781409 72.3410952,23.9754765 72.3415978,23.9723671 72.3420897,23.9692178 72.3426109,23.9660749 72.341149,23.9635201 72.3409319,23.9611885 72.3406527,23.9580702 72.340358,23.9549129 72.3400516,23.9515783 72.3397841,23.9486263 72.3394816,23.9454758 72.3408495,23.9427106 72.3422175,23.9399336 72.3435714,23.9371695 72.3449147,23.9343828 72.3463037,23.9316025 72.3476612,23.9288286 72.3490397,23.9260353 72.3503654,23.9233223 72.3516593,23.9206618 72.3530091,23.9179222 72.3542932,23.9153159 72.3557118,23.9130135 72.3577141,23.9122834</coordinates></LineString>
  </Placemark>
  <Placemark>
	<Style><LineStyle><color>ff0000ff</color></LineStyle><PolyStyle><fill>0</fill></PolyStyle></Style>
	<ExtendedData><SchemaData schemaUrl="#132000_voltage_line">
		<SimpleData name="full_id">w138474313</SimpleData>
		<SimpleData name="osm_id">138474313</SimpleData>
		<SimpleData name="osm_type">way</SimpleData>
		<SimpleData name="power">line</SimpleData>
		<SimpleData name="frequency">50</SimpleData>
		<SimpleData name="circuits">2</SimpleData>
		<SimpleData name="cables">6</SimpleData>
		<SimpleData name="voltage">132000</SimpleData>
	</SchemaData></ExtendedData>
      <LineString><coordinates>72.1313291,23.8417912 72.1317796,23.8413883 72.13332,23.839846 72.1358614,23.8372478 72.1380151,23.8350867 72.1390831,23.8349806 72.1415617,23.8336009 72.1445202,23.831927 72.1475025,23.83027 72.1504254,23.8285532 72.1533669,23.8268255 72.1564649,23.8250089 72.1594656,23.8232456 72.1619442,23.8214919 72.1643681,23.8197809 72.1670344,23.817908 72.1697175,23.8160198 72.172079,23.8143498 72.1747659,23.8124754 72.1774212,23.8106033 72.1801187,23.8087048 72.1827002,23.8068833 72.1852065,23.805115 72.1878661,23.8032384 72.1907065,23.8012261 72.1931024,23.7991039 72.195491,23.7970143 72.1979775,23.7948211 72.2003532,23.7927264 72.2027422,23.79062 72.2051205,23.788523 72.2075888,23.7863529 72.2100104,23.7842208 72.2124279,23.7821361 72.2148734,23.7799785 72.2171994,23.7779046 72.2197046,23.7756996 72.2221142,23.7735855 72.2244601,23.7715408 72.2268617,23.7693829 72.2291757,23.7673417 72.2316212,23.7652094 72.233983,23.7631171 72.2364404,23.7609628 72.2387863,23.7589287 72.2412596,23.7567306 72.2436414,23.7546454 72.2460334,23.7524953 72.2484672,23.7503584 72.250956,23.7481678 72.2534668,23.7459501 72.2558565,23.7438098 72.2583306,23.7425161 72.261282,23.7409671 72.2639512,23.7395568 72.2667515,23.7380773 72.2696367,23.7365484 72.2726248,23.7349792 72.275532,23.7334401 72.2784173,23.7319145 72.2813246,23.7303788 72.2840703,23.7289338 72.287029,23.7273712 72.2899693,23.7258253 72.2925793,23.7244273 72.2955086,23.7228714 72.2982874,23.7214128 72.3013929,23.7197863 72.3037973,23.7185058 72.3067009,23.7169632 72.309454,23.7155181 72.3123686,23.7139923 72.3152135,23.7124866 72.3181244,23.7109372 72.3210427,23.7094281 72.3239941,23.7078552 72.3268903,23.7063562 72.3295994,23.7049143 72.3324039,23.7034186 72.3353882,23.7018422 72.3375503,23.6993314 72.3396941,23.6968306 72.3418452,23.6943365 72.344011,23.691802 72.3462408,23.6891777 72.3483519,23.6867305 72.3504369,23.6843035 72.352533,23.6818595 72.3545996,23.6794526 72.3563469,23.6773918 72.3584136,23.674978 72.360495,23.6725507 72.3624331,23.670278 72.3643273,23.6680658 72.3662214,23.6658569 72.3679882,23.6637849 72.369957,23.6614804 72.3719188,23.6591727 72.3740769,23.6566538 72.3760939,23.6542672 72.3782141,23.6517796 72.3802827,23.6493425 72.3822267,23.6470294 72.3844255,23.6444431 72.386273,23.6422699 72.3872504,23.6411147 72.3882206,23.6393727 72.3890401,23.6372774 72.3899236,23.6347734 72.389826,23.6320765 72.3897296,23.6289611 72.3909033,23.6282989 72.3925933,23.625404 72.3942557,23.6225722 72.3957977,23.6199264 72.3964054,23.6189043 72.3983218,23.6162123 72.4004236,23.6149098</coordinates></LineString>
  </Placemark>
  <Placemark>
	<Style><LineStyle><color>ff0000ff</color></LineStyle><PolyStyle><fill>0</fill></PolyStyle></Style>
	<ExtendedData><SchemaData schemaUrl="#132000_voltage_line">
		<SimpleData name="full_id">w138474322</SimpleData>
		<SimpleData name="osm_id">138474322</SimpleData>
		<SimpleData name="osm_type">way</SimpleData>
		<SimpleData name="power">line</SimpleData>
		<SimpleData name="frequency">50</SimpleData>
		<SimpleData name="circuits">2</SimpleData>
		<SimpleData name="cables">6</SimpleData>
		<SimpleData name="voltage">132000</SimpleData>
	</SchemaData></ExtendedData>
      <LineString><coordinates>72.5320589,23.686682 72.5310747,23.6839239 72.5300948,23.6811779 72.5282706,23.679653 72.5260333,23.6777066 72.52376,23.6758149 72.5215021,23.6738826 72.5192133,23.6719471 72.5169967,23.6700683 72.5148248,23.6681674 72.5125703,23.6662633 72.5104734,23.6644636 72.5082507,23.662556 72.5054318,23.6609293 72.5025139,23.6592599 72.4997947,23.6576931 72.4971617,23.6561766 72.4945389,23.6546539 72.4919747,23.6531689 72.4893726,23.6516398 72.4867464,23.6501233 72.4841113,23.6485809 72.4815594,23.6470871 72.4785305,23.6460246 72.4755705,23.6449715 72.4726483,23.6439152 72.4697399,23.6428684 72.4668073,23.6418216 72.4639437,23.6407906 72.4610421,23.639769 72.4581715,23.638719 72.4552459,23.6376816 72.4523719,23.6366505 72.4497251,23.6356856 72.446944,23.6346609 72.4441491,23.6336707 72.441282,23.6326302 72.4382359,23.6315391 72.4362499,23.6308296 72.4336272,23.6298458 72.4307635,23.6288336 72.4279996,23.6278277 72.4252036,23.6267686 72.4224005,23.6257318 72.4195699,23.6246924 72.4167282,23.6236455 72.4138453,23.6225859 72.4109871,23.6215692 72.4083657,23.6205954 72.4055461,23.6196013 72.4027822,23.6185638 72.3998772,23.6175294 72.3996177,23.6159356 72.4004889,23.6152536</coordinates></LineString>
  </Placemark>
  <Placemark>
	<Style><LineStyle><color>ff0000ff</color></LineStyle><PolyStyle><fill>0</fill></PolyStyle></Style>
	<ExtendedData><SchemaData schemaUrl="#132000_voltage_line">
		<SimpleData name="full_id">w138474330</SimpleData>
		<SimpleData name="osm_id">138474330</SimpleData>
		<SimpleData name="osm_type">way</SimpleData>
		<SimpleData name="power">line</SimpleData>
		<SimpleData name="frequency">50</SimpleData>
		<SimpleData name="circuits">1</SimpleData>
		<SimpleData name="cables">3</SimpleData>
		<SimpleData name="voltage">132000</SimpleData>
	</SchemaData></ExtendedData>
      <LineString><coordinates>72.5320589,23.686682 72.5348635,23.687326 72.5374001,23.6879085 72.5405095,23.6876712 72.543614,23.6867026 72.5470874,23.6856202 72.5504599,23.6845525 72.5536429,23.6835477 72.5565878,23.6826425 72.5593189,23.6818963 72.561229,23.6834021</coordinates></LineString>
  </Placemark>
  <Placemark>
	<Style><LineStyle><color>ff0000ff</color></LineStyle><PolyStyle><fill>0</fill></PolyStyle></Style>
	<ExtendedData><SchemaData schemaUrl="#132000_voltage_line">
		<SimpleData name="full_id">w1147475355</SimpleData>
		<SimpleData name="osm_id">1147475355</SimpleData>
		<SimpleData name="osm_type">way</SimpleData>
		<SimpleData name="power">line</SimpleData>
		<SimpleData name="frequency">50</SimpleData>
		<SimpleData name="circuits">2</SimpleData>
		<SimpleData name="cables">6</SimpleData>
		<SimpleData name="voltage">132000</SimpleData>
	</SchemaData></ExtendedData>
      <LineString><coordinates>70.8182862,22.1591624 70.8190338,22.159099 70.8194616,22.1593425</coordinates></LineString>
  </Placemark>
  <Placemark>
	<Style><LineStyle><color>ff0000ff</color></LineStyle><PolyStyle><fill>0</fill></PolyStyle></Style>
	<ExtendedData><SchemaData schemaUrl="#132000_voltage_line">
		<SimpleData name="full_id">w1147475356</SimpleData>
		<SimpleData name="osm_id">1147475356</SimpleData>
		<SimpleData name="osm_type">way</SimpleData>
		<SimpleData name="power">line</SimpleData>
		<SimpleData name="frequency">50</SimpleData>
		<SimpleData name="circuits">2</SimpleData>
		<SimpleData name="cables">6</SimpleData>
		<SimpleData name="voltage">132000</SimpleData>
	</SchemaData></ExtendedData>
      <LineString><coordinates>70.8179967,22.1619853 70.8177208,22.1647043 70.8174709,22.1675955 70.817221,22.1706263 70.8169433,22.1738003 70.8166855,22.1767868 70.8164197,22.1799276 70.816154,22.183047 70.8158962,22.1859577 70.815657,22.1888684 70.8154116,22.1917617 70.8137607,22.1941725 70.8117689,22.1970881 70.8098884,22.1998315 70.8081213,22.2024 70.8063842,22.2050001 70.8053082,22.204973 70.8041105,22.2054238</coordinates></LineString>
  </Placemark>
  <Placemark>
	<Style><LineStyle><color>ff0000ff</color></LineStyle><PolyStyle><fill>0</fill></PolyStyle></Style>
	<ExtendedData><SchemaData schemaUrl="#132000_voltage_line">
		<SimpleData name="full_id">w415852157</SimpleData>
		<SimpleData name="osm_id">415852157</SimpleData>
		<SimpleData name="osm_type">way</SimpleData>
		<SimpleData name="power">line</SimpleData>
		<SimpleData name="cables">6</SimpleData>
		<SimpleData name="voltage">132000</SimpleData>
	</SchemaData></ExtendedData>
      <LineString><coordinates>73.101652,22.393886 73.1023848,22.3940433</coordinates></LineString>
  </Placemark>
  <Placemark>
	<Style><LineStyle><color>ff0000ff</color></LineStyle><PolyStyle><fill>0</fill></PolyStyle></Style>
	<ExtendedData><SchemaData schemaUrl="#132000_voltage_line">
		<SimpleData name="full_id">w138454538</SimpleData>
		<SimpleData name="osm_id">138454538</SimpleData>
		<SimpleData name="osm_type">way</SimpleData>
		<SimpleData name="power">line</SimpleData>
		<SimpleData name="frequency">50</SimpleData>
		<SimpleData name="circuits">1</SimpleData>
		<SimpleData name="cables">3</SimpleData>
		<SimpleData name="voltage">132000</SimpleData>
	</SchemaData></ExtendedData>
      <LineString><coordinates>72.9857275,23.5729142 72.9836778,23.5730739 72.9815839,23.5746026 72.9819196,23.5778539 72.9821829,23.5808402 72.9824827,23.5836496 72.982786,23.5866014 72.9830177,23.588969 72.9833008,23.5918611 72.983599,23.5946192 72.9838975,23.5975841 72.9841355,23.5999242 72.9843937,23.602449 72.9846801,23.6052252 72.9837402,23.6072324 72.983369,23.609953 72.9830221,23.6126699 72.9826701,23.6154708 72.982307,23.6182689 72.9819117,23.6213626 72.9815486,23.6240201 72.9811896,23.6268401 72.9808225,23.6296675 72.9804513,23.6325762 72.9800721,23.6354108 72.9794872,23.6373622 72.978636,23.6402041 72.9777928,23.6430312 72.9774983,23.6459322 72.9771998,23.6487961 72.9768932,23.6516674 72.9766108,23.6543465 72.9763405,23.6572361 72.976042,23.6601035 72.9757596,23.6628895 72.9754571,23.6657826 72.9751666,23.6686313 72.97486,23.6716019 72.974626,23.6745392 72.9746585,23.6773101 72.9746946,23.6803951 72.9750356,23.6832812 72.9753422,23.6861568 72.9756036,23.688666 72.9759094,23.6913709 72.9768203,23.6943579 72.9777046,23.6971743 72.9785082,23.6998369 72.9792569,23.702266 72.9801186,23.7049994 72.9809287,23.7076382 72.9817323,23.7102947 72.982594,23.7130132 72.9833847,23.7156607 72.9841947,23.7182136 72.9847563,23.720988 72.9853598,23.7238392 72.9859536,23.7266963 72.9865507,23.7294587 72.9870961,23.7320764 72.9877125,23.7350042 72.988345,23.7379585 72.9889405,23.7408019 72.9895416,23.7436342 72.9901386,23.7464665 72.9909051,23.7488076 72.9918451,23.7515917 72.9927326,23.7542503 72.9936128,23.7568978 72.994526,23.7596444 72.9954395,23.7623917 72.996327,23.7650168 72.9972024,23.7676972 72.9981061,23.7704108 72.9988967,23.7729582 72.9997964,23.7757049 73.0006919,23.7783814 73.0016167,23.7810923 73.0020155,23.7839829 73.0024064,23.7867036 73.0028999,23.7901251 73.0033343,23.7929794 73.0037291,23.7958371 73.0041674,23.7987165 73.0045701,23.8014947 73.0049847,23.8044137 73.0053638,23.8073435 73.0057831,23.8106046 73.0052509,23.8132224 73.0046081,23.8163844 73.0041494,23.8193045 73.0035321,23.8221221 73.002907,23.8251508 73.0022672,23.8282976</coordinates></LineString>
  </Placemark>
  <Placemark>
	<Style><LineStyle><color>ff0000ff</color></LineStyle><PolyStyle><fill>0</fill></PolyStyle></Style>
	<ExtendedData><SchemaData schemaUrl="#132000_voltage_line">
		<SimpleData name="full_id">w415852161</SimpleData>
		<SimpleData name="osm_id">415852161</SimpleData>
		<SimpleData name="osm_type">way</SimpleData>
		<SimpleData name="power">line</SimpleData>
		<SimpleData name="cables">6</SimpleData>
		<SimpleData name="voltage">132000</SimpleData>
	</SchemaData></ExtendedData>
      <LineString><coordinates>73.101652,22.393886 73.1022099,22.3939019</coordinates></LineString>
  </Placemark>
  <Placemark>
	<Style><LineStyle><color>ff0000ff</color></LineStyle><PolyStyle><fill>0</fill></PolyStyle></Style>
	<ExtendedData><SchemaData schemaUrl="#132000_voltage_line">
		<SimpleData name="full_id">w415852162</SimpleData>
		<SimpleData name="osm_id">415852162</SimpleData>
		<SimpleData name="osm_type">way</SimpleData>
		<SimpleData name="power">line</SimpleData>
		<SimpleData name="frequency">50</SimpleData>
		<SimpleData name="circuits">2</SimpleData>
		<SimpleData name="cables">6</SimpleData>
		<SimpleData name="voltage">132000</SimpleData>
	</SchemaData></ExtendedData>
      <LineString><coordinates>73.2121198,22.436472 73.2139471,22.4358417 73.2159215,22.4351879 73.2172626,22.434283 73.2171017,22.4328277 73.2154843,22.4315162 73.2151316,22.4300658 73.2121074,22.4287505 73.2091409,22.42762 73.2064426,22.4264981 73.2034908,22.4253675 73.2006638,22.4243336 73.1982498,22.4234311 73.1952524,22.4224294 73.1915268,22.4220798 73.1882679,22.4219099 73.1854288,22.4233294 73.1825562,22.4247873 73.1801261,22.4259625 73.1793362,22.4283501 73.178443,22.4310712 73.1776249,22.4335814 73.1768873,22.435721 73.1761256,22.4382472 73.1769785,22.4409544 73.1772441,22.4421345 73.17678,22.4456659 73.1769504,22.4470529 73.1756924,22.449538 73.1745002,22.4521533 73.1750768,22.4542888 73.1756696,22.4565607 73.1764247,22.4594212 73.1773835,22.4625779 73.1778328,22.4631876 73.178333,22.4640143 73.1783143,22.4667024 73.1781614,22.4695106 73.1778073,22.4706843 73.1776799,22.4726051 73.1774063,22.4749721 73.1767921,22.4784618 73.1762718,22.4813243 73.1759807,22.4830505 73.1756991,22.4863491 73.1754845,22.4888906 73.1753214,22.4916769 73.1751439,22.4947081 73.1749749,22.4973894 73.1747872,22.499528 73.1749883,22.5005589 73.1751493,22.5012948 73.1753665,22.5022737 73.174704,22.5040974 73.1733978,22.5066002 73.1718904,22.5094844 73.1708792,22.5113973 73.169632,22.5137983 73.1682292,22.5165115 73.1667915,22.5192147 73.165842,22.5210581 73.1646645,22.5233053 73.1629989,22.5262883 73.1608987,22.528424 73.161902,22.5314599 73.1629013,22.5344837 73.1638773,22.5374369 73.1640677,22.5381975 73.1640838,22.5390757 73.1641938,22.5395798 73.164057,22.5404927 73.162909,22.54324 73.1616819,22.5461594 73.1592572,22.5484806 73.1567922,22.5509131 73.1562558,22.5534224 73.1557649,22.55584 73.1530961,22.5569894 73.147155,22.5596274 73.1455967,22.5602664 73.1440705,22.5618938 73.1438532,22.564876 73.1435877,22.5682606 73.1430137,22.5697974 73.1422734,22.5717095 73.1412448,22.5743373 73.1400686,22.5773972 73.1395912,22.5787346 73.1384861,22.5815357 73.1375433,22.5840246 73.1365764,22.5867401 73.1343743,22.587904 73.1320783,22.5891423 73.1298307,22.5913314 73.1298682,22.5939366 73.129946,22.5963634 73.1287256,22.5983778 73.1269459,22.6013716 73.1250443,22.6038255 73.1232834,22.6061221 73.1238949,22.6079272</coordinates></LineString>
  </Placemark>
  <Placemark>
	<Style><LineStyle><color>ff0000ff</color></LineStyle><PolyStyle><fill>0</fill></PolyStyle></Style>
	<ExtendedData><SchemaData schemaUrl="#132000_voltage_line">
		<SimpleData name="full_id">w138461091</SimpleData>
		<SimpleData name="osm_id">138461091</SimpleData>
		<SimpleData name="osm_type">way</SimpleData>
		<SimpleData name="power">line</SimpleData>
		<SimpleData name="frequency">50</SimpleData>
		<SimpleData name="circuits">1</SimpleData>
		<SimpleData name="cables">3</SimpleData>
		<SimpleData name="voltage">132000</SimpleData>
	</SchemaData></ExtendedData>
      <LineString><coordinates>72.4004586,23.6150518 72.3985706,23.6164409 72.3972314,23.6191212 72.3966203,23.6203364 72.3952898,23.6225365 72.3939046,23.624827 72.3923489,23.6274191 72.3910132,23.6299172 72.3899223,23.630008 72.3900474,23.6327694 72.3901774,23.6347844 72.3893242,23.6373355 72.3883831,23.6396032 72.3875239,23.6417072 72.3865983,23.6429366 72.385105,23.6449199 72.3843685,23.6480949 72.3836422,23.6512604 72.3829538,23.654265 72.3822723,23.6572475 72.3815736,23.660274 72.3808646,23.6633257 72.3801521,23.666412 72.3794775,23.6693563 72.3787857,23.6722628 72.3780926,23.6752809 72.3774226,23.6781985 72.3767411,23.6811457 72.3758531,23.6841244 72.3749651,23.6871472 72.3741012,23.6900406 72.3732097,23.6930853 72.3722947,23.6961443 72.3715165,23.6987602 72.3707855,23.7012126 72.3700687,23.7036435 72.3691832,23.706646 72.3682622,23.7097692 72.3673392,23.712903 72.3663377,23.7160329 72.3653515,23.7191149 72.3644083,23.7221591 72.3633976,23.725308 72.3625015,23.7281392 72.3615582,23.7310999 72.3606621,23.7339464 72.3597491,23.7368067 72.3588281,23.7396731 72.3579837,23.7424188 72.3570691,23.7451839 72.3561816,23.7479672 72.3552717,23.7508294 72.3549923,23.7533104 72.3546653,23.7562138 72.3548573,23.7590875 72.3550257,23.7617946 72.3552279,23.7646682 72.3553896,23.767366 72.3555782,23.7702333 72.355777,23.7731252 72.3559555,23.7759923 72.3561577,23.7788594 72.3563362,23.7816771 72.3565316,23.7844208 72.3567641,23.7873771 72.3569729,23.790247 72.357202,23.7930984 72.3574109,23.7960144 72.3576366,23.7989026 72.3578522,23.8018309 72.3580914,23.8047683 72.3583036,23.8076625 72.3585091,23.8104734 72.3583811,23.8132688 72.3582396,23.8160735 72.3580712,23.8188719 72.3579634,23.821476 72.3578118,23.8244192 72.3576736,23.8273622 72.357522,23.8300741 72.3573907,23.8329523 72.3572458,23.8357627 72.3570942,23.8385977 72.3569337,23.8413806 72.3567708,23.8442058 72.3566158,23.8469913 72.3564474,23.8499492 72.356285,23.8526815 72.3561307,23.8552765 72.3559589,23.8580956 72.3558039,23.8609177 72.3556624,23.8636874 72.3567607,23.8663955 72.3578714,23.869117 72.3589837,23.8718274 72.3600207,23.8743541 72.3611122,23.8770927 72.3622442,23.8798251 72.3633652,23.8825924 72.3644836,23.885353 72.365602,23.8881352 72.3664053,23.8900802 72.3672568,23.8921419 72.3660707,23.8950909 72.3649986,23.8976951 72.3634101,23.9004067 72.361848,23.903073 72.3599529,23.905119 72.3585129,23.9066942 72.3563245,23.9090447 72.3563318,23.9114384 72.3577141,23.9122834</coordinates></LineString>
  </Placemark>
  <Placemark>
	<Style><LineStyle><color>ff0000ff</color></LineStyle><PolyStyle><fill>0</fill></PolyStyle></Style>
	<ExtendedData><SchemaData schemaUrl="#132000_voltage_line">
		<SimpleData name="full_id">w226739655</SimpleData>
		<SimpleData name="osm_id">226739655</SimpleData>
		<SimpleData name="osm_type">way</SimpleData>
		<SimpleData name="power">line</SimpleData>
		<SimpleData name="frequency">50</SimpleData>
		<SimpleData name="circuits">2</SimpleData>
		<SimpleData name="cables">6</SimpleData>
		<SimpleData name="voltage">132000;66000</SimpleData>
	</SchemaData></ExtendedData>
      <LineString><coordinates>70.620349,20.9194636 70.6183546,20.9176648 70.6165577,20.9162718 70.6138229,20.9157518 70.6125682,20.9154995 70.6095661,20.9143937 70.6065191,20.9146142 70.6034882,20.9148347 70.600983,20.9137874 70.5979146,20.9124695 70.5947898,20.9111866 70.5919655,20.9099564 70.5890043,20.9086936 70.5860002,20.9074258 70.583031,20.9061178 70.58021,20.9049333 70.5770611,20.903574</coordinates></LineString>
  </Placemark>
  <Placemark>
	<Style><LineStyle><color>ff0000ff</color></LineStyle><PolyStyle><fill>0</fill></PolyStyle></Style>
	<ExtendedData><SchemaData schemaUrl="#132000_voltage_line">
		<SimpleData name="full_id">w138454491</SimpleData>
		<SimpleData name="osm_id">138454491</SimpleData>
		<SimpleData name="osm_type">way</SimpleData>
		<SimpleData name="power">line</SimpleData>
		<SimpleData name="frequency">50</SimpleData>
		<SimpleData name="circuits">2</SimpleData>
		<SimpleData name="cables">6</SimpleData>
		<SimpleData name="voltage">132000</SimpleData>
	</SchemaData></ExtendedData>
      <LineString><coordinates>73.0222406,23.5809066 73.0204604,23.5824519 73.0176507,23.581991 73.0151108,23.5816774 73.0123095,23.5812574 73.0095243,23.5808138 73.0069542,23.5804145 73.0041798,23.5799737 73.0016529,23.5789119 72.9988595,23.5777031 72.9961453,23.5765318 72.993812,23.5755409 72.991172,23.5743606 72.9884288,23.5731775 72.9857275,23.5729142</coordinates></LineString>
  </Placemark>
  <Placemark>
	<Style><LineStyle><color>ff0000ff</color></LineStyle><PolyStyle><fill>0</fill></PolyStyle></Style>
	<ExtendedData><SchemaData schemaUrl="#132000_voltage_line">
		<SimpleData name="full_id">w415852149</SimpleData>
		<SimpleData name="osm_id">415852149</SimpleData>
		<SimpleData name="osm_type">way</SimpleData>
		<SimpleData name="power">line</SimpleData>
		<SimpleData name="cables">6</SimpleData>
		<SimpleData name="voltage">132000</SimpleData>
	</SchemaData></ExtendedData>
      <LineString><coordinates>73.260494,22.3675827 73.260239,22.3680853 73.2595496,22.3695818 73.2593749,22.3705427 73.259985,22.3710718 73.2609132,22.3715913 73.2617203,22.3729773 73.2618655,22.3737398 73.2623166,22.3748139 73.2615618,22.3764495 73.2580279,22.3769231 73.2554444,22.3772372 73.2524209,22.3776797 73.2494769,22.3780527</coordinates></LineString>
  </Placemark>
  <Placemark>
	<Style><LineStyle><color>ff0000ff</color></LineStyle><PolyStyle><fill>0</fill></PolyStyle></Style>
	<ExtendedData><SchemaData schemaUrl="#132000_voltage_line">
		<SimpleData name="full_id">w1147475352</SimpleData>
		<SimpleData name="osm_id">1147475352</SimpleData>
		<SimpleData name="osm_type">way</SimpleData>
		<SimpleData name="power">line</SimpleData>
		<SimpleData name="frequency">50</SimpleData>
		<SimpleData name="circuits">1</SimpleData>
		<SimpleData name="cables">3</SimpleData>
		<SimpleData name="voltage">132000</SimpleData>
	</SchemaData></ExtendedData>
      <LineString><coordinates>70.8182596,22.1588801 70.8179967,22.1619853</coordinates></LineString>
  </Placemark>
  <Placemark>
	<Style><LineStyle><color>ff0000ff</color></LineStyle><PolyStyle><fill>0</fill></PolyStyle></Style>
	<ExtendedData><SchemaData schemaUrl="#132000_voltage_line">
		<SimpleData name="full_id">w1147475353</SimpleData>
		<SimpleData name="osm_id">1147475353</SimpleData>
		<SimpleData name="osm_type">way</SimpleData>
		<SimpleData name="power">line</SimpleData>
		<SimpleData name="frequency">50</SimpleData>
		<SimpleData name="circuits">1</SimpleData>
		<SimpleData name="cables">3</SimpleData>
		<SimpleData name="voltage">132000</SimpleData>
	</SchemaData></ExtendedData>
      <LineString><coordinates>70.8182862,22.1591624 70.8179967,22.1619853</coordinates></LineString>
  </Placemark>
  <Placemark>
	<Style><LineStyle><color>ff0000ff</color></LineStyle><PolyStyle><fill>0</fill></PolyStyle></Style>
	<ExtendedData><SchemaData schemaUrl="#132000_voltage_line">
		<SimpleData name="full_id">w1147475354</SimpleData>
		<SimpleData name="osm_id">1147475354</SimpleData>
		<SimpleData name="osm_type">way</SimpleData>
		<SimpleData name="power">line</SimpleData>
		<SimpleData name="frequency">50</SimpleData>
		<SimpleData name="circuits">1</SimpleData>
		<SimpleData name="cables">3</SimpleData>
		<SimpleData name="voltage">132000</SimpleData>
	</SchemaData></ExtendedData>
      <LineString><coordinates>70.8182596,22.1588801 70.8182862,22.1591624</coordinates></LineString>
  </Placemark>
  <Placemark>
	<Style><LineStyle><color>ff0000ff</color></LineStyle><PolyStyle><fill>0</fill></PolyStyle></Style>
	<ExtendedData><SchemaData schemaUrl="#132000_voltage_line">
		<SimpleData name="full_id">w226739649</SimpleData>
		<SimpleData name="osm_id">226739649</SimpleData>
		<SimpleData name="osm_type">way</SimpleData>
		<SimpleData name="power">line</SimpleData>
		<SimpleData name="frequency">50</SimpleData>
		<SimpleData name="circuits">2</SimpleData>
		<SimpleData name="cables">6</SimpleData>
		<SimpleData name="voltage">132000</SimpleData>
	</SchemaData></ExtendedData>
      <LineString><coordinates>70.6216797,20.920725 70.6216183,20.9196988 70.6223254,20.9177776 70.6231574,20.9155274 70.624164,20.9128921 70.6262314,20.911977 70.6288782,20.910821 70.6317018,20.909532 70.6347243,20.9082338 70.637553,20.9078776 70.6390232,20.9047562 70.6403466,20.9019854 70.6416602,20.8992605 70.643072,20.8962396 70.6446237,20.8937141 70.6460944,20.891216 70.6476241,20.8887065 70.6492053,20.8860685 70.6507742,20.8835336 70.6522769,20.88104 70.6538826,20.8783491 70.6554344,20.8758738 70.6570353,20.8731644 70.6586557,20.8704939 70.6602959,20.8681057 70.662074,20.8655501 70.6638844,20.8629481 70.6657246,20.8603032 70.6675316,20.8577059 70.6692277,20.8552733 70.6710542,20.852672 70.6729153,20.8499874 70.6746242,20.847507 70.6764731,20.8448614 70.6783317,20.8422134 70.6786172141911,20.8417876916088</coordinates></LineString>
  </Placemark>
  <Placemark>
	<Style><LineStyle><color>ff0000ff</color></LineStyle><PolyStyle><fill>0</fill></PolyStyle></Style>
	<ExtendedData><SchemaData schemaUrl="#132000_voltage_line">
		<SimpleData name="full_id">w138436292</SimpleData>
		<SimpleData name="osm_id">138436292</SimpleData>
		<SimpleData name="osm_type">way</SimpleData>
		<SimpleData name="power">line</SimpleData>
		<SimpleData name="frequency">50</SimpleData>
		<SimpleData name="circuits">1</SimpleData>
		<SimpleData name="cables">3</SimpleData>
		<SimpleData name="voltage">132000</SimpleData>
	</SchemaData></ExtendedData>
      <LineString><coordinates>72.9546782,23.3517462 72.9558471,23.3499963 72.9582269,23.3489256 72.9593062,23.3488458 72.9621152,23.3500253 72.9640211,23.3522779 72.9644687,23.3549606 72.9649346,23.357769 72.9653797,23.3605044 72.9658234,23.363356 72.9662622,23.3661613 72.9667059,23.3688739 72.9671799,23.3718365 72.9676489,23.3746879 72.9681078,23.3775207 72.9685515,23.3803905 72.968965,23.383163 72.9694138,23.3860558 72.9698172,23.3886523 72.970266,23.3915959 72.9707098,23.394507 72.9711586,23.3973764 72.9715923,23.4002874 72.9720411,23.4031845 72.9724445,23.4060028 72.9728529,23.408511 72.9732866,23.411283 72.9736799,23.4139808 72.9740481,23.4166925 72.9744565,23.4192606 72.9750768,23.422111 72.9756264,23.4247161 72.9762668,23.4276403 72.976872,23.4305923 72.9774834,23.4334605 72.9780661,23.4361935 72.9786083,23.4387748 72.9791722,23.4414019 72.9797168,23.4439594 72.9803583,23.4468907 72.9809715,23.4497034 72.9815645,23.4526124 72.9821777,23.455388 72.9827545,23.4580822 72.9822908,23.4604486 72.9817582,23.4631659 72.9811974,23.4660274 72.9806165,23.4689507 72.9801082,23.4712339 72.9794667,23.4739018 72.9789504,23.4761479 72.9781879,23.4793707 72.9776231,23.4819238 72.9768042,23.4853278 72.9760498,23.4885615 72.9753922,23.4913771 72.9747168,23.494256 72.9740529,23.4970858 72.9744644,23.5000898 72.9748799,23.502735 72.9752551,23.5053579 72.9756343,23.5080621 72.9760175,23.510733 72.9763927,23.5135 72.9768023,23.5162955 72.9772318,23.5192262 72.9776231,23.522019 72.9780548,23.5249152 72.9784501,23.5277707 72.9788737,23.5306372 72.9792852,23.533696 72.9790441,23.5370116 72.9788293,23.539965 72.9785913,23.5431936 72.9788199,23.545935 72.979091,23.5486876 72.9793492,23.5513456 72.9796048,23.5540271 72.9798294,23.5562992 72.9800996,23.5592192 72.9803804,23.5619586 72.9806365,23.5648278 72.9808993,23.5674848 72.9810772,23.5693737 72.9811614,23.5702752 72.9831204,23.5716714 72.9857275,23.5729142</coordinates></LineString>
  </Placemark>
  <Placemark>
	<Style><LineStyle><color>ff0000ff</color></LineStyle><PolyStyle><fill>0</fill></PolyStyle></Style>
	<ExtendedData><SchemaData schemaUrl="#132000_voltage_line">
		<SimpleData name="full_id">w415427788</SimpleData>
		<SimpleData name="osm_id">415427788</SimpleData>
		<SimpleData name="osm_type">way</SimpleData>
		<SimpleData name="power">line</SimpleData>
		<SimpleData name="frequency">50</SimpleData>
		<SimpleData name="circuits">2</SimpleData>
		<SimpleData name="cables">6</SimpleData>
		<SimpleData name="voltage">132000</SimpleData>
	</SchemaData></ExtendedData>
      <LineString><coordinates>69.858306,22.3969374 69.8563536,22.3984823 69.8543122,22.4002529 69.8522313,22.4020578 69.8499662,22.4039981 69.8474136,22.4062047 69.8450247,22.4082755 69.8427224,22.4102091 69.8403541,22.4122367 69.8381148,22.4141932 69.8358297,22.4162037 69.8332613,22.416254 69.8301402,22.4162834 69.8283506,22.4166096 69.8265105,22.4175076 69.8252712,22.4177928 69.8233787,22.4191584 69.8228724,22.4202046 69.823814,22.4213928</coordinates></LineString>
  </Placemark>
  <Placemark>
	<Style><LineStyle><color>ff0000ff</color></LineStyle><PolyStyle><fill>0</fill></PolyStyle></Style>
	<ExtendedData><SchemaData schemaUrl="#132000_voltage_line">
		<SimpleData name="full_id">w226739654</SimpleData>
		<SimpleData name="osm_id">226739654</SimpleData>
		<SimpleData name="osm_type">way</SimpleData>
		<SimpleData name="power">line</SimpleData>
		<SimpleData name="frequency">50</SimpleData>
		<SimpleData name="circuits">2</SimpleData>
		<SimpleData name="cables">6</SimpleData>
		<SimpleData name="voltage">132000</SimpleData>
	</SchemaData></ExtendedData>
      <LineString><coordinates>70.6204865,20.9217135 70.6190329,20.9209796 70.6165659,20.9221517 70.613652,20.9234545 70.6135587,20.9241563 70.6131959,20.9272019 70.6128454,20.9301441 70.6124942,20.9329235 70.6121263,20.9359707 70.6117856,20.9390019 70.6114423,20.9418201 70.6117561,20.9448486 70.6120351,20.9476592 70.6123419,20.9504849 70.6126291,20.9533328 70.6129553,20.9562652 70.6131844,20.9588172 70.6134831,20.9616771 70.6135907,20.9650363 70.6136914,20.9681912 70.6138025,20.9714627 70.6138954,20.974608 70.6139579,20.9776071 70.6140586,20.9808071 70.6141663,20.983699 70.6130655,20.986821 70.6119266,20.9901278 70.610878,20.9931557 70.6099474,20.9958691 70.6088953,20.998939 70.6080619,21.0013152 70.6070064,21.0043364 70.6059299,21.007471 70.6048362,21.0106865 70.6039021,21.0133153 70.6025722,21.0153606 70.600961,21.0179083 70.5993082,21.0205467 70.5976624,21.0231137 70.5960755,21.0256354 70.5943984,21.0282185 70.592756,21.0307725 70.5909747,21.0335889 70.5913288,21.0347427 70.5904816,21.0379479 70.5875371,21.0399443 70.5847558,21.0418498 70.5819621,21.0438059 70.5790948,21.0458135 70.5764986,21.0476313 70.574169,21.0492247 70.5714397,21.0511431 70.5687713,21.0529675 70.5662972,21.0546591 70.5637485,21.0563247 70.5610289,21.05802 70.5583197,21.0597087 70.5556233,21.0613895 70.5532242,21.0628421 70.550187,21.0647759 70.5486816,21.0665069 70.5466386,21.0689665 70.5448537,21.069684 70.5424611,21.0718202 70.5405901,21.0715017 70.5397136,21.0695176 70.5385964,21.0670638 70.538756,21.0657188</coordinates></LineString>
  </Placemark>
  <Placemark>
	<Style><LineStyle><color>ff0000ff</color></LineStyle><PolyStyle><fill>0</fill></PolyStyle></Style>
	<ExtendedData><SchemaData schemaUrl="#132000_voltage_line">
		<SimpleData name="full_id">w226739638</SimpleData>
		<SimpleData name="osm_id">226739638</SimpleData>
		<SimpleData name="osm_type">way</SimpleData>
		<SimpleData name="power">line</SimpleData>
		<SimpleData name="frequency">50</SimpleData>
		<SimpleData name="circuits">2</SimpleData>
		<SimpleData name="cables">6</SimpleData>
		<SimpleData name="voltage">132000</SimpleData>
	</SchemaData></ExtendedData>
      <LineString><coordinates>70.5420341,21.1541228 70.5432996,21.1535942</coordinates></LineString>
  </Placemark>
  <Placemark>
	<Style><LineStyle><color>ff0000ff</color></LineStyle><PolyStyle><fill>0</fill></PolyStyle></Style>
	<ExtendedData><SchemaData schemaUrl="#132000_voltage_line">
		<SimpleData name="full_id">w1468110256</SimpleData>
		<SimpleData name="osm_id">1468110256</SimpleData>
		<SimpleData name="osm_type">way</SimpleData>
		<SimpleData name="power">line</SimpleData>
		<SimpleData name="frequency">50</SimpleData>
		<SimpleData name="circuits">2</SimpleData>
		<SimpleData name="cables">6</SimpleData>
		<SimpleData name="voltage">132000</SimpleData>
	</SchemaData></ExtendedData>
      <LineString><coordinates>72.9768011,20.902045 72.9753247,20.8997912 72.9742277,20.8991597 72.9726183,20.8982326 72.9687761,20.8963357 72.9676817,20.8947495 72.9665525,20.89227 72.9645194,20.8902578 72.963464,20.8890362 72.9615569,20.8869045 72.9595439,20.8846545 72.9580177,20.8829016 72.9562475,20.880898 72.9545456,20.8789608 72.9527941,20.8769722 72.9510561,20.8750137 72.9486676,20.8740212 72.9459263,20.8728859 72.9436102,20.8719411 72.9387461,20.8697532 72.937346,20.8693271 72.9362167,20.8702807 72.936324,20.870876 72.9368564,20.8716692</coordinates></LineString>
  </Placemark>
  <Placemark>
	<Style><LineStyle><color>ff0000ff</color></LineStyle><PolyStyle><fill>0</fill></PolyStyle></Style>
	<ExtendedData><SchemaData schemaUrl="#132000_voltage_line">
		<SimpleData name="full_id">w1468110257</SimpleData>
		<SimpleData name="osm_id">1468110257</SimpleData>
		<SimpleData name="osm_type">way</SimpleData>
		<SimpleData name="power">line</SimpleData>
		<SimpleData name="frequency">50</SimpleData>
		<SimpleData name="circuits">3</SimpleData>
		<SimpleData name="cables">9</SimpleData>
		<SimpleData name="voltage">132000</SimpleData>
	</SchemaData></ExtendedData>
      <LineString><coordinates>72.9768011,20.902045 72.9755223,20.9049307 72.9744439,20.9073988 72.9732935,20.9100506 72.972137,20.9127389 72.9709393,20.9154916 72.9697902,20.9181418 72.9686587,20.9207467 72.9676887,20.9230143 72.9665937,20.9255124 72.9655182,20.9281894 72.9644188,20.9309055 72.9633215,20.9335732 72.9624948,20.935628 72.9615504,20.9379703 72.9597753,20.9400277 72.9581561,20.9418964</coordinates></LineString>
  </Placemark>
  <Placemark>
	<Style><LineStyle><color>ff0000ff</color></LineStyle><PolyStyle><fill>0</fill></PolyStyle></Style>
	<ExtendedData><SchemaData schemaUrl="#132000_voltage_line">
		<SimpleData name="full_id">w1468110258</SimpleData>
		<SimpleData name="osm_id">1468110258</SimpleData>
		<SimpleData name="osm_type">way</SimpleData>
		<SimpleData name="power">line</SimpleData>
		<SimpleData name="frequency">50</SimpleData>
		<SimpleData name="circuits">1</SimpleData>
		<SimpleData name="cables">3</SimpleData>
		<SimpleData name="voltage">132000</SimpleData>
	</SchemaData></ExtendedData>
      <LineString><coordinates>72.9581561,20.9418964 72.958741,20.944236</coordinates></LineString>
  </Placemark>
  <Placemark>
	<Style><LineStyle><color>ff0000ff</color></LineStyle><PolyStyle><fill>0</fill></PolyStyle></Style>
	<ExtendedData><SchemaData schemaUrl="#132000_voltage_line">
		<SimpleData name="full_id">w415852191</SimpleData>
		<SimpleData name="osm_id">415852191</SimpleData>
		<SimpleData name="osm_type">way</SimpleData>
		<SimpleData name="power">line</SimpleData>
		<SimpleData name="cables">6</SimpleData>
		<SimpleData name="voltage">132000</SimpleData>
	</SchemaData></ExtendedData>
      <LineString><coordinates>73.2494769,22.3780527 73.2467045,22.3784123 73.2437605,22.3787853 73.2408852,22.3791504 73.2385249,22.3794678 73.2356324,22.3798408 73.2327055,22.3802377 73.2306714,22.3816186 73.2280043,22.382327 73.2257298,22.3829301 73.222803,22.3836206 73.2201079,22.3842396 73.2170609,22.3849618 73.2151125,22.3854301 73.21222,22.3861364 73.2098425,22.3866999 73.2068985,22.3873586 73.2039889,22.3879538 73.2009762,22.3885331 73.1979292,22.3891125 73.1950711,22.3896918 73.19217,22.390287 73.1894749,22.3908346 73.1866082,22.391406 73.1837071,22.3919615 73.1826943,22.3926678 73.1798447,22.3934455 73.1770466,22.3942073 73.1741456,22.3949612 73.171193,22.3956992 73.1682232,22.3964769 73.1651677,22.397207 73.1622494,22.397953 73.1596402,22.3986116 73.1560954,22.3983021 73.1529969,22.3978815 73.1499585,22.3974768 73.1468686,22.3970562 73.1436327,22.3965801 73.1403197,22.3958341 73.1386202,22.3943105 73.1354445,22.3930408 73.1325863,22.3919377 73.1295222,22.390652 73.1270503,22.3897632 73.1256169,22.3892474 73.1245182,22.3887791</coordinates></LineString>
  </Placemark>
  <Placemark>
	<Style><LineStyle><color>ff0000ff</color></LineStyle><PolyStyle><fill>0</fill></PolyStyle></Style>
	<ExtendedData><SchemaData schemaUrl="#132000_voltage_line">
		<SimpleData name="full_id">w138479054</SimpleData>
		<SimpleData name="osm_id">138479054</SimpleData>
		<SimpleData name="osm_type">way</SimpleData>
		<SimpleData name="power">line</SimpleData>
		<SimpleData name="frequency">50</SimpleData>
		<SimpleData name="circuits">2</SimpleData>
		<SimpleData name="cables">6</SimpleData>
		<SimpleData name="voltage">132000</SimpleData>
	</SchemaData></ExtendedData>
      <LineString><coordinates>72.561229,23.6834021 72.5623616,23.6861618 72.5610347,23.6890625 72.5600216,23.6913248 72.5596509,23.6936038 72.558869,23.694871</coordinates></LineString>
  </Placemark>
  <Placemark>
	<Style><LineStyle><color>ff0000ff</color></LineStyle><PolyStyle><fill>0</fill></PolyStyle></Style>
	<ExtendedData><SchemaData schemaUrl="#132000_voltage_line">
		<SimpleData name="full_id">w138479056</SimpleData>
		<SimpleData name="osm_id">138479056</SimpleData>
		<SimpleData name="osm_type">way</SimpleData>
		<SimpleData name="power">line</SimpleData>
		<SimpleData name="frequency">50</SimpleData>
		<SimpleData name="circuits">1</SimpleData>
		<SimpleData name="cables">3</SimpleData>
		<SimpleData name="voltage">132000</SimpleData>
	</SchemaData></ExtendedData>
      <LineString><coordinates>72.561229,23.6834021 72.5622275,23.6808507 72.5657413,23.6797535 72.5682424,23.6789998 72.5712374,23.6780627 72.5745747,23.6770184 72.5777762,23.6760106 72.580517,23.67515 72.5832896,23.6734125 72.5864456,23.6714346 72.5893663,23.669608 72.5920773,23.6679202 72.5945687,23.6663388 72.5973636,23.664577 72.6002295,23.6627917 72.6030792,23.6610181 72.6059224,23.659206 72.6085495,23.6575683 72.6110829,23.655978 72.6135163,23.6544408 72.615798,23.6530307 72.6181604,23.6518364 72.6208681,23.6504647 72.6241342,23.6488387 72.6267741,23.6475202 72.6294399,23.6461603 72.6319475,23.6448831 72.6339775,23.6438484 72.6360785,23.6427782 72.6387152,23.6414123 72.6412228,23.6401381 72.6435207,23.6389614 72.6462477,23.6375629 72.6487107,23.6363081 72.6511406,23.6350683 72.653897,23.6336619 72.656311,23.6324083 72.658809,23.6311369 72.6613295,23.6298448 72.6638823,23.6285527 72.6661253,23.6273819 72.6687039,23.6260602 72.6711438,23.6240377 72.6733674,23.6221867 72.675449,23.6204717 72.6776791,23.6186118 72.6798801,23.6167932 72.6819811,23.6150545 72.6841079,23.6132891 72.686154,23.6115829 72.6883163,23.6097879 72.6902559,23.6081614 72.6922407,23.6064581 72.6947548,23.6042371 72.696504,23.6026993 72.6987502,23.6007297 72.7012578,23.5985413 72.7033814,23.5966781 72.7055631,23.5947675 72.7076802,23.5929073 72.7097683,23.5910765 72.7119273,23.5891689 72.7140057,23.5873558 72.7161196,23.5855132 72.717743,23.5832475 72.7194212,23.5809523 72.7209219,23.5788049 72.7224032,23.576758 72.7230939,23.5741728 72.7235295,23.571413 72.7239652,23.5685229 72.7243912,23.5656979 72.724814,23.563006 72.7264954,23.5606039 72.7281668,23.5581891 72.7298524,23.5557605 72.7314463,23.5534329 72.7354576,23.5512847</coordinates></LineString>
  </Placemark>
  <Placemark>
	<Style><LineStyle><color>ff0000ff</color></LineStyle><PolyStyle><fill>0</fill></PolyStyle></Style>
	<ExtendedData><SchemaData schemaUrl="#132000_voltage_line">
		<SimpleData name="full_id">w1354977349</SimpleData>
		<SimpleData name="osm_id">1354977349</SimpleData>
		<SimpleData name="osm_type">way</SimpleData>
		<SimpleData name="power">line</SimpleData>
		<SimpleData name="cables">3</SimpleData>
		<SimpleData name="voltage">132000</SimpleData>
	</SchemaData></ExtendedData>
      <LineString><coordinates>72.6743698,23.1086292 72.6739661,23.1087729</coordinates></LineString>
  </Placemark>
  <Placemark>
	<Style><LineStyle><color>ff0000ff</color></LineStyle><PolyStyle><fill>0</fill></PolyStyle></Style>
	<ExtendedData><SchemaData schemaUrl="#132000_voltage_line">
		<SimpleData name="full_id">w226887174</SimpleData>
		<SimpleData name="osm_id">226887174</SimpleData>
		<SimpleData name="osm_type">way</SimpleData>
		<SimpleData name="power">line</SimpleData>
		<SimpleData name="frequency">50</SimpleData>
		<SimpleData name="circuits">2</SimpleData>
		<SimpleData name="cables">4</SimpleData>
		<SimpleData name="voltage">132000</SimpleData>
	</SchemaData></ExtendedData>
      <LineString><coordinates>73.1231761,22.6080565 73.1200548,22.6076777 73.116685,22.6072806 73.1136624,22.6069164 73.1102018,22.6065339 73.1067097,22.6061477 73.1034858,22.6057835 73.1001199,22.6054301 73.0978984,22.6051569 73.0945483,22.6047671 73.0909022,22.6043482 73.0881756,22.6040531 73.0849482,22.6029298 73.0820598,22.6019353 73.0788241,22.6008424 73.0755963,22.599735 73.0725027,22.5986603 73.0693301,22.5975747 73.066126,22.5964818 73.0630048,22.5953743 73.0600611,22.5943907 73.0566795,22.5932249 73.0538186,22.5922194 73.0506027,22.59109 73.0476196,22.5900663 73.045765,22.5887292 73.0429989,22.5868202 73.0402959,22.5849256 73.0376797,22.5831003 73.0347755,22.582215 73.0315438,22.5811948 73.0282608,22.5801637 73.0249975,22.5791763 73.0217184,22.578178 73.0184196,22.577136 73.0150655,22.5761303 73.0118575,22.5751029 73.008752,22.5741373 73.0058084,22.5744762 73.0025451,22.5750518 72.9994041,22.5755328 72.9962237,22.5759955 72.9938679,22.5738859 72.9914372,22.5716633 72.9889276,22.569437 72.9866627,22.5674183 72.9842043,22.5651919 72.9823182,22.563523 72.9803965,22.5613112 72.9785906,22.559245 72.9766938,22.5570748 72.9744275,22.5570097 72.9724212,22.5569521</coordinates></LineString>
  </Placemark>
  <Placemark>
	<Style><LineStyle><color>ff0000ff</color></LineStyle><PolyStyle><fill>0</fill></PolyStyle></Style>
	<ExtendedData><SchemaData schemaUrl="#132000_voltage_line">
		<SimpleData name="full_id">w1354977350</SimpleData>
		<SimpleData name="osm_id">1354977350</SimpleData>
		<SimpleData name="osm_type">way</SimpleData>
		<SimpleData name="power">line</SimpleData>
		<SimpleData name="cables">3</SimpleData>
		<SimpleData name="voltage">132000</SimpleData>
	</SchemaData></ExtendedData>
      <LineString><coordinates>72.6744849,23.1088777 72.6740711,23.1090237</coordinates></LineString>
  </Placemark>
  <Placemark>
	<Style><LineStyle><color>ff0000ff</color></LineStyle><PolyStyle><fill>0</fill></PolyStyle></Style>
	<ExtendedData><SchemaData schemaUrl="#132000_voltage_line">
		<SimpleData name="full_id">w1462662083</SimpleData>
		<SimpleData name="osm_id">1462662083</SimpleData>
		<SimpleData name="osm_type">way</SimpleData>
		<SimpleData name="power">line</SimpleData>
		<SimpleData name="frequency">50</SimpleData>
		<SimpleData name="circuits">2</SimpleData>
		<SimpleData name="cables">6</SimpleData>
		<SimpleData name="voltage">132000</SimpleData>
	</SchemaData></ExtendedData>
      <LineString><coordinates>73.8063764,22.1482431 73.80654,22.1480843 73.8092852,22.1464023 73.8127023,22.147083 73.8161892,22.1477239 73.8193327,22.1483947 73.8227713,22.1490008 73.8252551,22.1494977 73.8286936,22.1501386 73.8319713,22.1507696 73.8349958,22.1506492 73.83784,22.1505361 73.841064,22.1503324 73.8452053,22.1494976 73.8482738,22.1509386 73.8507414,22.1520664 73.853724,22.1528713 73.85648,22.1534861 73.8594854,22.1545854 73.8624412,22.1556188 73.8655022,22.1566933 73.868241,22.1576548 73.8707346,22.1585302 73.8740981,22.1583365 73.8767749,22.1582272 73.8786203,22.1559517 73.8801236,22.153997 73.8822949,22.1512367 73.8844514,22.1490008 73.8863021,22.1471177 73.8883031,22.1449713 73.8902772,22.1429043 73.8894403,22.1403205 73.8905025,22.1382683 73.8915271,22.1361764 73.892557,22.1340745 73.8935924,22.1320421 73.8947028,22.1299551 73.8944131,22.1271623 73.8961941,22.1257212 73.8982648,22.1241956 73.8999331,22.1228688 73.9024866,22.1220041 73.9046109,22.1212338 73.9074272,22.1202846 73.9100665,22.1193454 73.9125717,22.1183862 73.9154416,22.1172084 73.9178986,22.1161946 73.9214391,22.1160703 73.9248401,22.1159958 73.9282894,22.1158815 73.9315725,22.1157573 73.9340347,22.115464 73.9365238,22.1151857 73.9387822,22.11488 73.9414108,22.1146192 73.9439052,22.1143657 73.9471936,22.1140874 73.9496827,22.1138588 73.9518017,22.1137346 73.9541191,22.1135556 73.9560503,22.1134761 73.9583194,22.111687 73.9608675,22.1096941 73.9624608,22.1084118 73.9623857,22.1069258 73.9625091,22.1049626 73.9646602,22.1029795 73.9655507,22.0999178 73.9654112,22.0983671 73.9679217,22.0967567 73.9708185,22.0965877 73.9741659,22.0963591 73.9777279,22.0961056 73.9812631,22.0958819 73.9841116,22.095698 73.987357,22.0951264 73.9902699,22.0946293 73.9990676,22.0921491 74.0022272,22.0921838 74.0056926,22.092164 74.0092814,22.0921938 74.0124518,22.0921789 74.0159387,22.092154 74.0217537,22.0922186 74.0246612,22.0922137 74.0276277,22.0922783 74.0308571,22.0922982 74.0332027,22.0923528</coordinates></LineString>
  </Placemark>
  <Placemark>
	<Style><LineStyle><color>ff0000ff</color></LineStyle><PolyStyle><fill>0</fill></PolyStyle></Style>
	<ExtendedData><SchemaData schemaUrl="#132000_voltage_line">
		<SimpleData name="full_id">w1354977351</SimpleData>
		<SimpleData name="osm_id">1354977351</SimpleData>
		<SimpleData name="osm_type">way</SimpleData>
		<SimpleData name="power">line</SimpleData>
		<SimpleData name="cables">3</SimpleData>
		<SimpleData name="voltage">132000</SimpleData>
	</SchemaData></ExtendedData>
      <LineString><coordinates>72.6746456,23.1092476 72.6742314,23.1094065</coordinates></LineString>
  </Placemark>
  <Placemark>
	<Style><LineStyle><color>ff0000ff</color></LineStyle><PolyStyle><fill>0</fill></PolyStyle></Style>
	<ExtendedData><SchemaData schemaUrl="#132000_voltage_line">
		<SimpleData name="full_id">w1354977352</SimpleData>
		<SimpleData name="osm_id">1354977352</SimpleData>
		<SimpleData name="osm_type">way</SimpleData>
		<SimpleData name="power">line</SimpleData>
		<SimpleData name="cables">3</SimpleData>
		<SimpleData name="voltage">132000</SimpleData>
	</SchemaData></ExtendedData>
      <LineString><coordinates>72.673787,23.1083452 72.6734455,23.10847</coordinates></LineString>
  </Placemark>
  <Placemark>
	<Style><LineStyle><color>ff0000ff</color></LineStyle><PolyStyle><fill>0</fill></PolyStyle></Style>
	<ExtendedData><SchemaData schemaUrl="#132000_voltage_line">
		<SimpleData name="full_id">w1354977353</SimpleData>
		<SimpleData name="osm_id">1354977353</SimpleData>
		<SimpleData name="osm_type">way</SimpleData>
		<SimpleData name="power">line</SimpleData>
		<SimpleData name="cables">3</SimpleData>
		<SimpleData name="voltage">132000</SimpleData>
	</SchemaData></ExtendedData>
      <LineString><coordinates>72.6737405,23.1082341 72.6733999,23.1083574</coordinates></LineString>
  </Placemark>
  <Placemark>
	<Style><LineStyle><color>ff0000ff</color></LineStyle><PolyStyle><fill>0</fill></PolyStyle></Style>
	<ExtendedData><SchemaData schemaUrl="#132000_voltage_line">
		<SimpleData name="full_id">w511783102</SimpleData>
		<SimpleData name="osm_id">511783102</SimpleData>
		<SimpleData name="osm_type">way</SimpleData>
		<SimpleData name="power">line</SimpleData>
		<SimpleData name="frequency">50</SimpleData>
		<SimpleData name="circuits">2</SimpleData>
		<SimpleData name="cables">6</SimpleData>
		<SimpleData name="voltage">132000</SimpleData>
	</SchemaData></ExtendedData>
      <LineString><coordinates>69.7149586,21.6997377 69.7150791,21.7006311 69.7160183,21.702127 69.7170912,21.7033208 69.7185382,21.7049144</coordinates></LineString>
  </Placemark>
  <Placemark>
	<Style><LineStyle><color>ff0000ff</color></LineStyle><PolyStyle><fill>0</fill></PolyStyle></Style>
	<ExtendedData><SchemaData schemaUrl="#132000_voltage_line">
		<SimpleData name="full_id">w1354519500</SimpleData>
		<SimpleData name="osm_id">1354519500</SimpleData>
		<SimpleData name="osm_type">way</SimpleData>
		<SimpleData name="power">line</SimpleData>
		<SimpleData name="voltage">132000</SimpleData>
	</SchemaData></ExtendedData>
      <LineString><coordinates>73.1906685,22.2155691 73.1906416,22.2158626</coordinates></LineString>
  </Placemark>
  <Placemark>
	<Style><LineStyle><color>ff0000ff</color></LineStyle><PolyStyle><fill>0</fill></PolyStyle></Style>
	<ExtendedData><SchemaData schemaUrl="#132000_voltage_line">
		<SimpleData name="full_id">w1354519501</SimpleData>
		<SimpleData name="osm_id">1354519501</SimpleData>
		<SimpleData name="osm_type">way</SimpleData>
		<SimpleData name="power">line</SimpleData>
		<SimpleData name="voltage">132000</SimpleData>
	</SchemaData></ExtendedData>
      <LineString><coordinates>73.1916636,22.215651 73.1916151,22.2159587</coordinates></LineString>
  </Placemark>
  <Placemark>
	<Style><LineStyle><color>ff0000ff</color></LineStyle><PolyStyle><fill>0</fill></PolyStyle></Style>
	<ExtendedData><SchemaData schemaUrl="#132000_voltage_line">
		<SimpleData name="full_id">w1354519502</SimpleData>
		<SimpleData name="osm_id">1354519502</SimpleData>
		<SimpleData name="osm_type">way</SimpleData>
		<SimpleData name="power">line</SimpleData>
		<SimpleData name="voltage">132000</SimpleData>
	</SchemaData></ExtendedData>
      <LineString><coordinates>73.1919372,22.2156833 73.1918906,22.2159869</coordinates></LineString>
  </Placemark>
  <Placemark>
	<Style><LineStyle><color>ff0000ff</color></LineStyle><PolyStyle><fill>0</fill></PolyStyle></Style>
	<ExtendedData><SchemaData schemaUrl="#132000_voltage_line">
		<SimpleData name="full_id">w1354977344</SimpleData>
		<SimpleData name="osm_id">1354977344</SimpleData>
		<SimpleData name="osm_type">way</SimpleData>
		<SimpleData name="power">line</SimpleData>
		<SimpleData name="voltage">132000</SimpleData>
	</SchemaData></ExtendedData>
      <LineString><coordinates>72.6745155,23.110085 72.6742314,23.1094065 72.6741488,23.1092093 72.6740711,23.1090237 72.6739661,23.1087729 72.673787,23.1083452 72.6737405,23.1082341 72.6736822,23.108095</coordinates></LineString>
  </Placemark>
  <Placemark>
	<Style><LineStyle><color>ff0000ff</color></LineStyle><PolyStyle><fill>0</fill></PolyStyle></Style>
	<ExtendedData><SchemaData schemaUrl="#132000_voltage_line">
		<SimpleData name="full_id">w1148992353</SimpleData>
		<SimpleData name="osm_id">1148992353</SimpleData>
		<SimpleData name="osm_type">way</SimpleData>
		<SimpleData name="power">line</SimpleData>
		<SimpleData name="frequency">50</SimpleData>
		<SimpleData name="circuits">1</SimpleData>
		<SimpleData name="cables">3</SimpleData>
		<SimpleData name="voltage">132000</SimpleData>
	</SchemaData></ExtendedData>
      <LineString><coordinates>70.4595889,21.6115532 70.4590396,21.6126592 70.4578355,21.6151081 70.456652,21.6175378 70.4554428,21.6199699 70.4542361,21.622402 70.4534274,21.6249127 70.4526341,21.627433 70.4518305,21.629927 70.4510214,21.6324574 70.4502396,21.6349542 70.4494129,21.6375221 70.4486016,21.6400469 70.4478006,21.6425597 70.4470047,21.6450773 70.4461909,21.6475901 70.4452898,21.6502723 70.4459291,21.6530339 70.4465506,21.6557187 70.4471547,21.6584014 70.4477554,21.6611263 70.4483767,21.6638058 70.4489731,21.6665219 70.4506137,21.6688196 70.4522465,21.6711339 70.4538691,21.6734291 70.4555224,21.6757481 70.4571476,21.6780552 70.4587753,21.6803551 70.460403,21.6826453 70.4620255,21.6849523 70.4636815,21.6872616 70.4652835,21.6895255 70.4668316,21.6917107 70.4660491,21.6942142 70.4652632,21.6967287 70.4644776,21.6992596 70.4637023,21.7017762 70.4629141,21.7042928 70.4622877,21.7063131 70.4613378,21.7093329 70.4605496,21.7118755 70.4597126,21.7145422 70.4588911,21.7171777 70.4581183,21.7196249 70.4576048,21.7216045</coordinates></LineString>
  </Placemark>
  <Placemark>
	<Style><LineStyle><color>ff0000ff</color></LineStyle><PolyStyle><fill>0</fill></PolyStyle></Style>
	<ExtendedData><SchemaData schemaUrl="#132000_voltage_line">
		<SimpleData name="full_id">w1148992354</SimpleData>
		<SimpleData name="osm_id">1148992354</SimpleData>
		<SimpleData name="osm_type">way</SimpleData>
		<SimpleData name="power">line</SimpleData>
		<SimpleData name="frequency">50</SimpleData>
		<SimpleData name="circuits">1</SimpleData>
		<SimpleData name="cables">3</SimpleData>
		<SimpleData name="voltage">132000</SimpleData>
	</SchemaData></ExtendedData>
      <LineString><coordinates>70.4701735,21.4621695 70.4697241,21.4630443 70.4684874,21.4654516 70.4672175,21.4679238 70.4659643,21.4703632 70.4670072,21.4720613 70.4670924,21.4746588 70.4671692,21.4772634 70.4672463,21.4798797 70.4669048,21.481379</coordinates></LineString>
  </Placemark>
  <Placemark>
	<Style><LineStyle><color>ff0000ff</color></LineStyle><PolyStyle><fill>0</fill></PolyStyle></Style>
	<ExtendedData><SchemaData schemaUrl="#132000_voltage_line">
		<SimpleData name="full_id">w1354519495</SimpleData>
		<SimpleData name="osm_id">1354519495</SimpleData>
		<SimpleData name="osm_type">way</SimpleData>
		<SimpleData name="power">line</SimpleData>
		<SimpleData name="voltage">132000</SimpleData>
	</SchemaData></ExtendedData>
      <LineString><coordinates>73.1903761,22.2158372 73.1906416,22.2158626 73.1911808,22.2159142 73.1912939,22.2159258 73.1914364,22.2159404 73.1915491,22.2159519 73.1916151,22.2159587 73.1916969,22.215967 73.1918906,22.2159869 73.1919274,22.2159906 73.1920652,22.2160047 73.1922001,22.2160185</coordinates></LineString>
  </Placemark>
  <Placemark>
	<Style><LineStyle><color>ff0000ff</color></LineStyle><PolyStyle><fill>0</fill></PolyStyle></Style>
	<ExtendedData><SchemaData schemaUrl="#132000_voltage_line">
		<SimpleData name="full_id">w1354519496</SimpleData>
		<SimpleData name="osm_id">1354519496</SimpleData>
		<SimpleData name="osm_type">way</SimpleData>
		<SimpleData name="power">line</SimpleData>
		<SimpleData name="voltage">132000</SimpleData>
	</SchemaData></ExtendedData>
      <LineString><coordinates>73.1911174,22.2162164 73.1911808,22.2159142</coordinates></LineString>
  </Placemark>
  <Placemark>
	<Style><LineStyle><color>ff0000ff</color></LineStyle><PolyStyle><fill>0</fill></PolyStyle></Style>
	<ExtendedData><SchemaData schemaUrl="#132000_voltage_line">
		<SimpleData name="full_id">w1156999332</SimpleData>
		<SimpleData name="osm_id">1156999332</SimpleData>
		<SimpleData name="osm_type">way</SimpleData>
		<SimpleData name="power">line</SimpleData>
		<SimpleData name="frequency">50</SimpleData>
		<SimpleData name="circuits">2</SimpleData>
		<SimpleData name="cables">6</SimpleData>
		<SimpleData name="voltage">132000</SimpleData>
	</SchemaData></ExtendedData>
      <LineString><coordinates>70.9570429,22.6530925 70.9562087,22.6527794</coordinates></LineString>
  </Placemark>
  <Placemark>
	<Style><LineStyle><color>ff0000ff</color></LineStyle><PolyStyle><fill>0</fill></PolyStyle></Style>
	<ExtendedData><SchemaData schemaUrl="#132000_voltage_line">
		<SimpleData name="full_id">w1148992356</SimpleData>
		<SimpleData name="osm_id">1148992356</SimpleData>
		<SimpleData name="osm_type">way</SimpleData>
		<SimpleData name="power">line</SimpleData>
		<SimpleData name="frequency">50</SimpleData>
		<SimpleData name="circuits">2</SimpleData>
		<SimpleData name="cables">6</SimpleData>
		<SimpleData name="voltage">132000</SimpleData>
	</SchemaData></ExtendedData>
      <LineString><coordinates>70.3692663,21.4855254 70.3719243,21.4843549 70.3733459,21.4846544 70.375092,21.4839331 70.3773478,21.4825254 70.3798744,21.4809355 70.3822964,21.4791185 70.3822643,21.4774462 70.3817895,21.4746033 70.3837368,21.4726065 70.3855821,21.470702 70.3869635,21.4692642 70.3892004,21.4669404 70.3911933,21.4648586 70.3932828,21.4626619 70.3965712,21.4620603 70.4000017,21.4614138 70.4024103,21.4609295 70.405114,21.4605426 70.4069352,21.4607074 70.4098266,21.4607772 70.4123586,21.4607748 70.4151857,21.4607797 70.4172617,21.4607748 70.4199573,21.4605176 70.4236159,21.4601931 70.426982,21.4598736 70.4301417,21.459926 70.4333496,21.4600109 70.4366916,21.4600708 70.4394972,21.4604477 70.4421473,21.4608147 70.4456261,21.4612915 70.4484451,21.4615236 70.4515672,21.4617683 70.4541931,21.4619804 70.4572025,21.4622351 70.4604346,21.4624897 70.4626608,21.4622525 70.4643989,21.4621826 70.466491,21.4621152 70.4689613,21.4620366 70.4701735,21.4621695</coordinates></LineString>
  </Placemark>
  <Placemark>
	<Style><LineStyle><color>ff0000ff</color></LineStyle><PolyStyle><fill>0</fill></PolyStyle></Style>
	<ExtendedData><SchemaData schemaUrl="#132000_voltage_line">
		<SimpleData name="full_id">w1156999333</SimpleData>
		<SimpleData name="osm_id">1156999333</SimpleData>
		<SimpleData name="osm_type">way</SimpleData>
		<SimpleData name="power">line</SimpleData>
		<SimpleData name="frequency">50</SimpleData>
		<SimpleData name="circuits">1</SimpleData>
		<SimpleData name="cables">3</SimpleData>
		<SimpleData name="voltage">132000</SimpleData>
	</SchemaData></ExtendedData>
      <LineString><coordinates>70.9730503,22.6221962 70.9728224,22.6237956 70.9732756,22.6251053 70.9727097,22.6272766 70.9725407,22.6296855 70.970934,22.6319755 70.9692684,22.6342902 70.9677502,22.6364935 70.9661087,22.6387809 70.964486,22.6410757 70.9629625,22.6432319 70.9617566,22.6448825 70.9602262,22.6470908 70.9586411,22.6493331 70.9573228,22.6512222 70.9562087,22.6527794</coordinates></LineString>
  </Placemark>
  <Placemark>
	<Style><LineStyle><color>ff0000ff</color></LineStyle><PolyStyle><fill>0</fill></PolyStyle></Style>
	<ExtendedData><SchemaData schemaUrl="#132000_voltage_line">
		<SimpleData name="full_id">w295429683</SimpleData>
		<SimpleData name="osm_id">295429683</SimpleData>
		<SimpleData name="osm_type">way</SimpleData>
		<SimpleData name="power">line</SimpleData>
		<SimpleData name="frequency">50</SimpleData>
		<SimpleData name="circuits">2</SimpleData>
		<SimpleData name="cables">6</SimpleData>
		<SimpleData name="voltage">132000</SimpleData>
	</SchemaData></ExtendedData>
      <LineString><coordinates>71.2173164,22.0018473 71.2178564,22.0029546 71.2161,22.0043025 71.2140049,22.0046786 71.2110976,22.0051762 71.2079486,22.0056874 71.2042737,22.0063853 71.2018746,22.006841 71.1994636,22.0074327 71.1971069,22.0081696 71.1949901,22.0093352 71.1922804,22.0108277 71.1898449,22.0122711 71.1881909,22.0132596 71.1859707,22.0146008 71.1840212,22.01675 71.1816751,22.01764 71.1783036,22.0188952 71.1779984,22.0213628 71.1784876,22.0234587 71.1788045,22.0253966 71.1798219,22.0266781 71.1822402,22.0265673</coordinates></LineString>
  </Placemark>
  <Placemark>
	<Style><LineStyle><color>ff0000ff</color></LineStyle><PolyStyle><fill>0</fill></PolyStyle></Style>
	<ExtendedData><SchemaData schemaUrl="#132000_voltage_line">
		<SimpleData name="full_id">w1354990493</SimpleData>
		<SimpleData name="osm_id">1354990493</SimpleData>
		<SimpleData name="osm_type">way</SimpleData>
		<SimpleData name="power">line</SimpleData>
		<SimpleData name="cables">3</SimpleData>
		<SimpleData name="voltage">132000</SimpleData>
	</SchemaData></ExtendedData>
      <LineString><coordinates>73.0292182,21.753454 73.029186,21.7538759</coordinates></LineString>
  </Placemark>
  <Placemark>
	<Style><LineStyle><color>ff0000ff</color></LineStyle><PolyStyle><fill>0</fill></PolyStyle></Style>
	<ExtendedData><SchemaData schemaUrl="#132000_voltage_line">
		<SimpleData name="full_id">w1354990494</SimpleData>
		<SimpleData name="osm_id">1354990494</SimpleData>
		<SimpleData name="osm_type">way</SimpleData>
		<SimpleData name="power">line</SimpleData>
		<SimpleData name="cables">3</SimpleData>
		<SimpleData name="voltage">132000</SimpleData>
	</SchemaData></ExtendedData>
      <LineString><coordinates>73.0295966,21.7538937 73.0296232,21.7534715</coordinates></LineString>
  </Placemark>
  <Placemark>
	<Style><LineStyle><color>ff0000ff</color></LineStyle><PolyStyle><fill>0</fill></PolyStyle></Style>
	<ExtendedData><SchemaData schemaUrl="#132000_voltage_line">
		<SimpleData name="full_id">w1354990486</SimpleData>
		<SimpleData name="osm_id">1354990486</SimpleData>
		<SimpleData name="osm_type">way</SimpleData>
		<SimpleData name="power">line</SimpleData>
		<SimpleData name="cables">6</SimpleData>
		<SimpleData name="voltage">132000</SimpleData>
	</SchemaData></ExtendedData>
      <LineString><coordinates>73.0288213,21.7538601 73.029186,21.7538759 73.0294116,21.7538857 73.0295966,21.7538937 73.0298566,21.7539049</coordinates></LineString>
  </Placemark>
  <Placemark>
	<Style><LineStyle><color>ff0000ff</color></LineStyle><PolyStyle><fill>0</fill></PolyStyle></Style>
	<ExtendedData><SchemaData schemaUrl="#132000_voltage_line">
		<SimpleData name="full_id">w984758307</SimpleData>
		<SimpleData name="osm_id">984758307</SimpleData>
		<SimpleData name="osm_type">way</SimpleData>
		<SimpleData name="power">line</SimpleData>
		<SimpleData name="voltage">132000</SimpleData>
	</SchemaData></ExtendedData>
      <LineString><coordinates>73.191469,22.2165562 73.1914195,22.2161302 73.1914364,22.2159404</coordinates></LineString>
  </Placemark>
  <Placemark>
	<Style><LineStyle><color>ff0000ff</color></LineStyle><PolyStyle><fill>0</fill></PolyStyle></Style>
	<ExtendedData><SchemaData schemaUrl="#132000_voltage_line">
		<SimpleData name="full_id">w984758308</SimpleData>
		<SimpleData name="osm_id">984758308</SimpleData>
		<SimpleData name="osm_type">way</SimpleData>
		<SimpleData name="power">line</SimpleData>
		<SimpleData name="voltage">132000</SimpleData>
	</SchemaData></ExtendedData>
      <LineString><coordinates>73.191469,22.2165562 73.1915296,22.2161418 73.1915491,22.2159519</coordinates></LineString>
  </Placemark>
  <Placemark>
	<Style><LineStyle><color>ff0000ff</color></LineStyle><PolyStyle><fill>0</fill></PolyStyle></Style>
	<ExtendedData><SchemaData schemaUrl="#132000_voltage_line">
		<SimpleData name="full_id">w512046169</SimpleData>
		<SimpleData name="osm_id">512046169</SimpleData>
		<SimpleData name="osm_type">way</SimpleData>
		<SimpleData name="power">line</SimpleData>
		<SimpleData name="frequency">50</SimpleData>
		<SimpleData name="circuits">2</SimpleData>
		<SimpleData name="cables">6</SimpleData>
		<SimpleData name="voltage">132000</SimpleData>
	</SchemaData></ExtendedData>
      <LineString><coordinates>69.2594701,22.10456 69.259285,22.1038169 69.2594191,22.1023756 69.2597946,22.1003129 69.2605859,22.0985012 69.262442,22.097542 69.2636302,22.0975196</coordinates></LineString>
  </Placemark>
  <Placemark>
	<Style><LineStyle><color>ff0000ff</color></LineStyle><PolyStyle><fill>0</fill></PolyStyle></Style>
	<ExtendedData><SchemaData schemaUrl="#132000_voltage_line">
		<SimpleData name="full_id">w1149092977</SimpleData>
		<SimpleData name="osm_id">1149092977</SimpleData>
		<SimpleData name="osm_type">way</SimpleData>
		<SimpleData name="power">line</SimpleData>
		<SimpleData name="frequency">50</SimpleData>
		<SimpleData name="circuits">2</SimpleData>
		<SimpleData name="cables">6</SimpleData>
		<SimpleData name="voltage">132000;66000</SimpleData>
	</SchemaData></ExtendedData>
      <LineString><coordinates>70.5770611,20.903574 70.5767714,20.9006198 70.5764549,20.8976254 70.5761652,20.894874 70.5758541,20.8918996 70.5755537,20.8889953 70.5752479,20.8860783 70.5749341,20.8831639 70.5746304,20.880328</coordinates></LineString>
  </Placemark>
  <Placemark>
	<Style><LineStyle><color>ff0000ff</color></LineStyle><PolyStyle><fill>0</fill></PolyStyle></Style>
	<ExtendedData><SchemaData schemaUrl="#132000_voltage_line">
		<SimpleData name="full_id">w985570935</SimpleData>
		<SimpleData name="osm_id">985570935</SimpleData>
		<SimpleData name="osm_type">way</SimpleData>
		<SimpleData name="power">line</SimpleData>
		<SimpleData name="cables">2</SimpleData>
		<SimpleData name="voltage">132000</SimpleData>
	</SchemaData></ExtendedData>
      <LineString><coordinates>72.9985165,21.7139147 72.9980121,21.7138674</coordinates></LineString>
  </Placemark>
  <Placemark>
	<Style><LineStyle><color>ff0000ff</color></LineStyle><PolyStyle><fill>0</fill></PolyStyle></Style>
	<ExtendedData><SchemaData schemaUrl="#132000_voltage_line">
		<SimpleData name="full_id">w268923695</SimpleData>
		<SimpleData name="osm_id">268923695</SimpleData>
		<SimpleData name="osm_type">way</SimpleData>
		<SimpleData name="power">line</SimpleData>
		<SimpleData name="cables">3</SimpleData>
		<SimpleData name="voltage">132000</SimpleData>
	</SchemaData></ExtendedData>
      <LineString><coordinates>72.8901137,22.5344209 72.8893506,22.5357584 72.8886467,22.5385068 72.8878938,22.5414118 72.8872271,22.5439967 72.8890034,22.5464602 72.8905565,22.5486373 72.8923011,22.5510723 72.8929558,22.551945 72.8936184,22.5528654 72.8952223,22.5549153 72.8969378,22.5570683 72.8987616,22.5595556 72.9004094,22.5618336 72.9016952,22.5636896 72.9046289,22.5653596 72.9073938,22.5669335 72.9099604,22.5683821 72.9128756,22.5685164 72.9159579,22.5686725 72.9190676,22.56883 72.9220679,22.5688653 72.9250778,22.5689272 72.9278269,22.5689515 72.9309386,22.5690516 72.9340704,22.569205 72.9369725,22.5693677 72.9403536,22.5695244 72.9409715,22.5698858</coordinates></LineString>
  </Placemark>
  <Placemark>
	<Style><LineStyle><color>ff0000ff</color></LineStyle><PolyStyle><fill>0</fill></PolyStyle></Style>
	<ExtendedData><SchemaData schemaUrl="#132000_voltage_line">
		<SimpleData name="full_id">w985570936</SimpleData>
		<SimpleData name="osm_id">985570936</SimpleData>
		<SimpleData name="osm_type">way</SimpleData>
		<SimpleData name="power">line</SimpleData>
		<SimpleData name="cables">2</SimpleData>
		<SimpleData name="voltage">132000</SimpleData>
	</SchemaData></ExtendedData>
      <LineString><coordinates>72.9985165,21.7139147 72.9980132,21.7137777</coordinates></LineString>
  </Placemark>
  <Placemark>
	<Style><LineStyle><color>ff0000ff</color></LineStyle><PolyStyle><fill>0</fill></PolyStyle></Style>
	<ExtendedData><SchemaData schemaUrl="#132000_voltage_line">
		<SimpleData name="full_id">w1154004414</SimpleData>
		<SimpleData name="osm_id">1154004414</SimpleData>
		<SimpleData name="osm_type">way</SimpleData>
		<SimpleData name="power">line</SimpleData>
		<SimpleData name="frequency">50</SimpleData>
		<SimpleData name="circuits">2</SimpleData>
		<SimpleData name="cables">6</SimpleData>
		<SimpleData name="voltage">132000</SimpleData>
	</SchemaData></ExtendedData>
      <LineString><coordinates>69.600053,22.2111423 69.6029525,22.2116412 69.6057462,22.2120789 69.6086537,22.2125447 69.6116496,22.2130198 69.6147846,22.2135067 69.6179803,22.2140076 69.621165,22.2145095 69.6238668,22.2153848 69.6270995,22.2164027 69.6298731,22.2172983 69.6330916,22.2183266 69.6361164,22.2192735 69.6381755,22.2206613 69.6402906,22.2203085 69.6415443,22.2198131</coordinates></LineString>
  </Placemark>
  <Placemark>
	<Style><LineStyle><color>ff0000ff</color></LineStyle><PolyStyle><fill>0</fill></PolyStyle></Style>
	<ExtendedData><SchemaData schemaUrl="#132000_voltage_line">
		<SimpleData name="full_id">w139591572</SimpleData>
		<SimpleData name="osm_id">139591572</SimpleData>
		<SimpleData name="osm_type">way</SimpleData>
		<SimpleData name="power">line</SimpleData>
		<SimpleData name="frequency">50</SimpleData>
		<SimpleData name="circuits">2</SimpleData>
		<SimpleData name="cables">6</SimpleData>
		<SimpleData name="voltage">132000</SimpleData>
	</SchemaData></ExtendedData>
      <LineString><coordinates>70.7873546,21.9474864 70.7894086,21.9473613 70.7921888,21.9471849 70.7947131,21.9470245 70.7975348,21.9468545 70.8003393,21.9466653 70.802957,21.9465049 70.8050707,21.9463653 70.8074844,21.9461889 70.8097943,21.9460318 70.8121457,21.9458682 70.8146113,21.9456918 70.8170733,21.9463076 70.8194732,21.9468881 70.8222292,21.9475681 70.8249506,21.9482192 70.827551,21.9488542 70.830307,21.9495374 70.8329973,21.9502077 70.8350583,21.9506856 70.8372333,21.9512212 70.8399444,21.9519012 70.842735,21.9525587 70.8454702,21.953245 70.8481778,21.9539025 70.8507575,21.9545439 70.8518226,21.9549224 70.8528578,21.955112 70.8537081,21.9552497 70.8558132,21.9569776 70.8579312,21.9587255 70.8600521,21.9604835 70.8622218,21.9622489 70.8643701,21.9640127 70.8664708,21.9657445 70.8684376,21.967376 70.8712558,21.9670032 70.8731318,21.9667707 70.8751417,21.9664741 70.8777352,21.9661534 70.8804627,21.9658086 70.8832636,21.9654679 70.886043,21.9651231 70.8888569,21.9647664 70.8913403,21.964448 70.8941023,21.9640952 70.8969119,21.9638066 70.8997043,21.9634859 70.9024101,21.9631692 70.9052327,21.9628886 70.9079083,21.9625799 70.9106099,21.9622833 70.913346,21.9619866 70.9161037,21.9616779 70.9186842,21.9613893 70.9216451,21.9610686 70.9243942,21.9615296 70.9271347,21.9620187 70.9292959,21.9623715 70.9318721,21.9628205 70.9344699,21.9632454 70.9372795,21.9637385 70.9400027,21.9641955 70.9425313,21.9646244 70.9447963,21.9659433 70.9469359,21.967198 70.9491922,21.9685369 70.9513275,21.9697675 70.9536919,21.9711665 70.9560779,21.9725655 70.9584639,21.9739764 70.9608456,21.9753754 70.9632143,21.9767823 70.965609,21.9781452 70.9679993,21.9795641 70.970394,21.980963 70.9728016,21.9823699 70.9751573,21.9837728 70.9771802,21.9849351 70.9796008,21.9863661 70.9819868,21.9877569 70.9844117,21.9891877 70.9866378,21.9905464 70.9890498,21.9919011 70.9913709,21.9932638 70.9937958,21.9947027 70.9961991,21.9961094 70.9985164,21.9975119 71.0007662,21.9988736 71.0028099,22.0000759 71.0052097,22.001509 71.0076058,22.0029634 71.0098924,22.0043316 71.012351,22.005788 71.0147093,22.0072038 71.0169329,22.0085387 71.0194468,22.0089715 71.0222512,22.0094492 71.0250142,22.0099333 71.027784,22.0104014 71.0306552,22.0109025 71.0334966,22.0113985 71.036218,22.0118697 71.0389049,22.0123282 71.0417439,22.0128058 71.0444652,22.0132775 71.0473112,22.0137708 71.0501364,22.0138125 71.0529581,22.013851 71.055766,22.0138862 71.0586084,22.0139407 71.0614716,22.0139792 71.0643348,22.0140593 71.0673225,22.0141042 71.0701027,22.0141651 71.0729832,22.0142357 71.0758291,22.0141619 71.0786923,22.0140978 71.0815486,22.0140241 71.0844188,22.0139503 71.0872716,22.0138734 71.0901486,22.0138125 71.0929842,22.0137388 71.0958024,22.013649 71.0986241,22.0135881 71.1011485,22.0135272 71.1039944,22.0134534 71.1066536,22.0133957 71.1093957,22.0142036 71.1120584,22.0149987 71.1147176,22.0157969 71.1174044,22.0166144 71.1201051,22.0174126 71.122785,22.0182429 71.1253405,22.0190059 71.128055,22.0198298 71.1307418,22.0206152 71.1332938,22.0211762 71.136036,22.0217692 71.1388093,22.0223463 71.1416102,22.0229553 71.1437023,22.0240965 71.1461194,22.0254493 71.1486092,22.0267732 71.1510436,22.0281099 71.153357,22.0293729 71.1557845,22.0306968 71.1582189,22.032011 71.1606948,22.0333734 71.163112,22.0346876 71.1655187,22.0359986 71.1679462,22.0373448 71.1702354,22.0390372 71.1724865,22.0407298 71.1745916,22.0423124 71.176688,22.0438829</coordinates></LineString>
  </Placemark>
  <Placemark>
	<Style><LineStyle><color>ff0000ff</color></LineStyle><PolyStyle><fill>0</fill></PolyStyle></Style>
	<ExtendedData><SchemaData schemaUrl="#132000_voltage_line">
		<SimpleData name="full_id">w175330912</SimpleData>
		<SimpleData name="osm_id">175330912</SimpleData>
		<SimpleData name="osm_type">way</SimpleData>
		<SimpleData name="power">line</SimpleData>
		<SimpleData name="cables">3</SimpleData>
		<SimpleData name="voltage">132000</SimpleData>
	</SchemaData></ExtendedData>
      <LineString><coordinates>72.6974313824239,24.4542739196439 72.6965292,24.4548857 72.694132,24.4565127 72.6917378,24.4581724 72.689386756022,24.4597462442024</coordinates></LineString>
  </Placemark>
  <Placemark>
	<Style><LineStyle><color>ff0000ff</color></LineStyle><PolyStyle><fill>0</fill></PolyStyle></Style>
	<ExtendedData><SchemaData schemaUrl="#132000_voltage_line">
		<SimpleData name="full_id">w139591585</SimpleData>
		<SimpleData name="osm_id">139591585</SimpleData>
		<SimpleData name="osm_type">way</SimpleData>
		<SimpleData name="power">line</SimpleData>
		<SimpleData name="frequency">50</SimpleData>
		<SimpleData name="circuits">2</SimpleData>
		<SimpleData name="cables">6</SimpleData>
		<SimpleData name="voltage">132000</SimpleData>
	</SchemaData></ExtendedData>
      <LineString><coordinates>70.7066605,22.3608825 70.7082472,22.3610941 70.710852,22.3591934 70.7135863,22.357172 70.7160173,22.3553346 70.718588,22.3534218 70.7211422,22.3515506 70.7233726,22.3492951 70.7251741,22.3475474 70.7284473,22.346389 70.7314873,22.345365 70.7342118,22.3443981 70.7369086,22.3429593 70.7398713,22.341489 70.7397874,22.3383834 70.739314,22.3369559 70.7389274,22.3341984 70.7370224,22.3327967 70.7363018,22.3301105 70.7356709,22.3277047 70.7335556,22.3256621 70.731788,22.3241628 70.7292954,22.3224778 70.7271739,22.3200088 70.7260667,22.3169334 70.7251266,22.3142813 70.7240226,22.3111942 70.7229247,22.3081329 70.7220659,22.30573 70.721075,22.3029396 70.7201253,22.3002651 70.7193212,22.298019 70.7184205,22.2956879 70.7175121,22.2933308 70.7164065,22.2904193 70.7154168,22.2878439 70.7143808,22.285154 70.7133641,22.2825285 70.7123513,22.2799065 70.7113064,22.2771762 70.7103053,22.2745602 70.7093245,22.2719973 70.7104168,22.2696106 70.7116322,22.2669576 70.7120187,22.2660847 70.7124467,22.265917</coordinates></LineString>
  </Placemark>
  <Placemark>
	<Style><LineStyle><color>ff0000ff</color></LineStyle><PolyStyle><fill>0</fill></PolyStyle></Style>
	<ExtendedData><SchemaData schemaUrl="#132000_voltage_line">
		<SimpleData name="full_id">w139591562</SimpleData>
		<SimpleData name="osm_id">139591562</SimpleData>
		<SimpleData name="osm_type">way</SimpleData>
		<SimpleData name="power">line</SimpleData>
		<SimpleData name="frequency">50</SimpleData>
		<SimpleData name="circuits">1</SimpleData>
		<SimpleData name="cables">3</SimpleData>
		<SimpleData name="voltage">132000</SimpleData>
	</SchemaData></ExtendedData>
      <LineString><coordinates>69.7163189,21.6995813 69.7162495,21.6974537 69.7168091,21.6955814 69.7175427,21.6933933 69.7199987,21.6922212 69.7224994,21.6923326 69.7250708,21.6924666 69.7272131,21.6925725 69.7294952,21.6926766 69.7318916,21.6928025 69.7346393,21.6933653 69.7372596,21.693904 69.7398745,21.6944211 69.7425599,21.6949755 69.7450542,21.6954895 69.747749,21.6960409 69.7497237,21.6947237 69.7517316,21.6933911 69.754088,21.6918294 69.7564562,21.6902632 69.7586523,21.6887899 69.7608255,21.6873319 69.7629442,21.6859332 69.7651368,21.6844846 69.7673193,21.6830485 69.7694615,21.6815999 69.7716373,21.6801574 69.7742657,21.6793194 69.7769142,21.678497 69.779566,21.6776496 69.7822715,21.676799 69.7847926,21.6760295 69.7873103,21.6752413 69.7898649,21.674397 69.792386,21.6736088 69.7949071,21.6728081 69.7974986,21.6720012 69.8000901,21.6711662 69.8027151,21.6703468 69.8052463,21.6695617 69.8077741,21.6687579 69.8103186,21.6679509 69.8128397,21.6671565 69.815676,21.6668979 69.8184637,21.6666428 69.821242,21.6663917 69.8239557,21.666138 69.826625,21.6659067 69.8292777,21.6656578 69.8318996,21.6654242 69.8345736,21.6651797 69.8372073,21.6647633 69.8398268,21.6643601 69.8423088,21.6639944 69.8451085,21.6635251 69.8481871,21.6630755 69.8503807,21.6627342 69.8530144,21.6623244 69.8556505,21.6619168 69.8582747,21.6615159 69.8608444,21.6611215 69.8634781,21.6607051 69.8661048,21.6603041 69.868729,21.6599053 69.8713698,21.6594955 69.8738471,21.6590945 69.8763481,21.6587112 69.8788348,21.6583543 69.8811841,21.6579775 69.8836566,21.6575986 69.8859869,21.6572284 69.8880977,21.6564662 69.8905217,21.6555781 69.8929029,21.6547058 69.8952875,21.6538644 69.8979024,21.6529016 69.9005107,21.6519637 69.9031409,21.6510067 69.9056047,21.6501103 69.9082427,21.6491535 69.9108228,21.6482177 69.9134583,21.6472619 69.9160733,21.6463134 69.9184301,21.6454586 69.9207568,21.64496 69.9230331,21.6444583 69.9255944,21.6439099 69.9282094,21.6433396 69.930764,21.6428005 69.9332516,21.642249 69.9359302,21.6417022 69.9384949,21.6411008 69.9411508,21.6405284 69.9437194,21.6399961 69.946313,21.6398824 69.9488307,21.6398045 69.9515362,21.6397141 69.9541243,21.6396206 69.9568046,21.6395551 69.9594758,21.6394424 69.9622452,21.6393545 69.9648097,21.6392732 69.9674313,21.63919 69.9701267,21.6390934 69.972792,21.6389968 69.9755176,21.6392959 69.9781459,21.6396231 69.9808749,21.6399348 69.9835417,21.6402415 69.9861585,21.6405424 69.988874,21.6408634 69.9915862,21.641175 69.9940469,21.6414679 69.9964272,21.6417515 69.9987941,21.6420164 70.0012783,21.6428702 70.0038128,21.6437801 70.0063238,21.6446402 70.0088248,21.6455002 70.011299,21.6463852 70.0137966,21.6472421 70.0163244,21.6481365 70.0188354,21.6490152 70.0213364,21.6499064 70.0238273,21.6507508 70.0262076,21.6519099 70.0285141,21.6530286 70.0308978,21.6541908 70.0332378,21.6553312 70.0353834,21.6563501 70.0374888,21.657369 70.0397149,21.658444 70.0419711,21.6595189 70.0442106,21.6606064 70.0464702,21.6616813 70.0489377,21.662778 70.0514353,21.6638779 70.0536748,21.6648998 70.0561355,21.6659841 70.058603,21.6670808 70.061057,21.6681619 70.0635211,21.6692306 70.0660154,21.670346 70.0684761,21.6714364 70.070967,21.6725237 70.0734311,21.673611 70.0759355,21.6744772 70.0784431,21.6753339 70.080981,21.6761813 70.0834417,21.6770349 70.0859796,21.6778854 70.0884806,21.6787266 70.0909849,21.679574 70.0935228,21.6804245 70.0960103,21.6812874 70.0985313,21.6821369 70.1010422,21.6829819 70.1034397,21.6837886 70.1059839,21.6846447 70.1085318,21.6855077 70.111006,21.6863394 70.11346,21.687193 70.1159409,21.6880341 70.1181099,21.6889469 70.1203695,21.689925 70.1228102,21.6909779 70.1252441,21.6920028 70.1276713,21.6930588 70.1300315,21.6940743 70.1324788,21.6951054 70.1349157,21.6961551 70.1373404,21.697205 70.1397906,21.6982333 70.1421804,21.6992681 70.1446074,21.7003008 70.1468813,21.7013765 70.1493013,21.702532 70.1516819,21.7036509 70.1540369,21.7047675 70.1561368,21.7057829 70.1585382,21.7069125 70.1609142,21.7080356 70.1633132,21.709175 70.1656893,21.7103034 70.1680606,21.7114545 70.1704458,21.7125712 70.1726639,21.7136339 70.175026,21.7147505 70.1773949,21.7158973 70.1796433,21.7169664 70.1819983,21.7180916 70.184365,21.7192104 70.1867224,21.720342 70.1889846,21.7214327 70.1913582,21.7225665 70.1936901,21.7236916 70.1960498,21.7248319 70.1983399,21.7259269 70.2006508,21.7270326 70.2028968,21.727912 70.2052913,21.7288733 70.2077763,21.7298626 70.2100548,21.730783 70.2122359,21.731643 70.2145074,21.7325396 70.2169599,21.7335224 70.2193751,21.7344905 70.2218121,21.7354673 70.2243102,21.7364681 70.2267753,21.7374557 70.2292035,21.7384677 70.2315497,21.7394217 70.2340041,21.7404214 70.2364487,21.7414211 70.2388703,21.7424117 70.2413051,21.7433931 70.2437424,21.7444208 70.2462368,21.7454358 70.2486673,21.7464283 70.2510933,21.7474574 70.253642,21.7485475 70.2560375,21.7495603 70.2586956,21.750691 70.2611086,21.7517201 70.2635172,21.7527288 70.2659389,21.7537538 70.2683168,21.7547788 70.2707297,21.7557996 70.272407,21.7563325 70.2748943,21.7564707 70.2772679,21.7566009 70.279729,21.7567351 70.2822427,21.7568775 70.2847563,21.7570117 70.2872569,21.7571418 70.2897618,21.7572923 70.2923411,21.7574347 70.2952095,21.7575892 70.298021,21.7577479 70.3006616,21.7578902 70.3017652,21.7583661 70.3023562,21.7592379 70.3033461,21.7584027 70.3059254,21.7586589 70.3083165,21.7589965 70.3109615,21.759391 70.3132475,21.7597367 70.3158706,21.7601434 70.318485,21.7605258 70.321095,21.7609121 70.3237357,21.7613026 70.3263369,21.7617906 70.3289382,21.7622909 70.3313818,21.7627708 70.3340006,21.7632833 70.3365887,21.7637713 70.3392775,21.7642919 70.3419138,21.7648125 70.344515,21.7653087 70.3471032,21.765817 70.3497044,21.7663091 70.3522969,21.7668094 70.3549069,21.7673096 70.3575696,21.7678136 70.360184,21.7683219 70.3628094,21.768824 70.3654544,21.7693316 70.368075,21.7698163 70.3706815,21.7703206 70.3729061,21.7691949 70.3750537,21.7681213 70.3770926,21.7670671 70.3793488,21.7659153 70.3817661,21.764692 70.3839627,21.763576 70.38631,21.7623819 70.3886082,21.7612105 70.390959,21.7600229 70.3932887,21.7588256 70.395643,21.7576086 70.3979236,21.7563852 70.4002216,21.7552016 70.4025416,21.7540067 70.4048458,21.7528561 70.4075255,21.7514761 70.4094414,21.7504627 70.4114856,21.7489812 70.4144156,21.7474432 70.4168514,21.7475713 70.4194219,21.7476965 70.422169,21.7478247 70.4247877,21.7479588 70.4274545,21.748084 70.4300796,21.7482241 70.4327432,21.7483583 70.4354004,21.7484775 70.4380416,21.7486295 70.4412187,21.7487458 70.443555,21.749488 70.4460292,21.7498576 70.448956,21.7503255 70.4512748,21.7506913 70.4538035,21.7510901 70.456423,21.7515111 70.4590625,21.7519396 70.4610723,21.7522227 70.463615,21.7515191 70.4661599,21.7507978 70.468722,21.7500682 70.4711394,21.7493798 70.4736451,21.7486662 70.4761932,21.7479598 70.4787413,21.7472325 70.4812958,21.7464992 70.4839241,21.745754 70.4855447,21.7461594</coordinates></LineString>
  </Placemark>
  <Placemark>
	<Style><LineStyle><color>ff0000ff</color></LineStyle><PolyStyle><fill>0</fill></PolyStyle></Style>
	<ExtendedData><SchemaData schemaUrl="#132000_voltage_line">
		<SimpleData name="full_id">w299132407</SimpleData>
		<SimpleData name="osm_id">299132407</SimpleData>
		<SimpleData name="osm_type">way</SimpleData>
		<SimpleData name="power">line</SimpleData>
		<SimpleData name="frequency">50</SimpleData>
		<SimpleData name="circuits">1</SimpleData>
		<SimpleData name="cables">3</SimpleData>
		<SimpleData name="voltage">132000</SimpleData>
	</SchemaData></ExtendedData>
      <LineString><coordinates>72.9624844,20.5388866 72.9618857,20.541486 72.9612971,20.5439383 72.9606468,20.5467532 72.9600356,20.5493655 72.9594322,20.5519653 72.9588252,20.5544615 72.9582548,20.5568746 72.9575911,20.5597388 72.9585181,20.5622075 72.9596115,20.5650579 72.9605788,20.5675077 72.9616009,20.5701748 72.9625889,20.5728002 72.9627726,20.5732883 72.9642013,20.5741726 72.9653559,20.575757 72.9668229,20.5778193 72.9683922,20.5800142 72.9701701,20.5825007 72.9707215,20.5847891 72.9712332,20.5871002 72.9717398,20.589348 72.9723604,20.592049 72.9730156,20.5949425 72.9736051,20.5975641 72.9743865,20.6009526 72.9751023,20.6037723 72.9757534,20.6065731 72.9764328,20.6095763 72.9770831,20.6123207 72.9776961,20.6150847 72.9783862,20.618109 72.9789262,20.6206611 72.9796194,20.6236382 72.9803381,20.6265744 72.9809895,20.6292728 72.9807645,20.6316782 72.9805665,20.6341247 72.9803499,20.6365205 72.9806376,20.6382465 72.9810301,20.6405679 72.9813317,20.6423307 72.9818823,20.6454902 72.9823986,20.6482632 72.9828978,20.6511084 72.9832819,20.6538317 72.9836812,20.6565091 72.9840568,20.6590929 72.9844815,20.6618546 72.984806,20.664154 72.9852122,20.6666524 72.9861172,20.6694326 72.9870974,20.6723148 72.9880838,20.6752152 72.9890495,20.6781134 72.9900279,20.6810493 72.9911496,20.6841662 72.9921874,20.6871947 72.9931902,20.6901631 72.9941297,20.6929964 72.9950894,20.695787 72.9959347,20.6982195 72.9969178,20.7011113 72.9979079,20.7040072 72.999346,20.7065276 73.000826,20.7091411 73.0015993,20.7104655 73.0023076,20.7117212 73.0038152,20.714369 73.0052533,20.7169183 73.0069643,20.7199175 73.0097505,20.7218232 73.0123561,20.723559 73.0125023,20.7265244 73.012645,20.7295325 73.0127766,20.7325011 73.0128918,20.7348028 73.0129905,20.7373525 73.0130673,20.7403637 73.0131588,20.7432997 73.0132356,20.7460527 73.0132557,20.7481456 73.0135153,20.7513567 73.0137439,20.7542633 73.0139706,20.7570537 73.0141955,20.7598423 73.0144496,20.7626429 73.0146654,20.7654433 73.014894,20.7684267 73.0151225,20.7713929 73.0153438,20.7743659 73.0167169,20.7766652 73.0181431,20.7790363 73.0197375,20.7816895 73.0211418,20.784052 73.0225954,20.7864982 73.024096,20.788981 73.0255717,20.7914548 73.0269266,20.793824 73.0281114,20.7959333 73.029618,20.7985674 73.0308687,20.8007621 73.0320956,20.8029004 73.0321121,20.8037961 73.0312929,20.8066881 73.0304811,20.8097629 73.0296546,20.8125728 73.0288196,20.8155037 73.0280371,20.8184382 73.0272337,20.8213499 73.0263933,20.8243959 73.0256418,20.8271952 73.0234677,20.829569 73.0214546,20.8316812 73.0194141,20.8338225 73.0174412,20.835921 73.0152927,20.8380656 73.0132174,20.8401709 73.0110142,20.8423975 73.0087414,20.8446616 73.0065729,20.8468454 73.0044189,20.8490378 73.0029233,20.8516179 73.0014587,20.8541023 72.9998569,20.8568054 72.9983338,20.8594316 72.9982724,20.8620636 72.9981902,20.8648095 72.9981179,20.8673897 72.995917,20.8696464 72.9936806,20.8719396 72.9915993,20.8740736 72.9895845,20.8761455 72.9875964,20.8781995 72.9857766,20.8800963 72.9846029,20.8828718 72.983303,20.8860438 72.9819083,20.8892684 72.9807975,20.8919945 72.9797516,20.894561 72.9787121,20.8971121 72.9776664,20.8998314 72.9768011,20.902045</coordinates></LineString>
  </Placemark>
  <Placemark>
	<Style><LineStyle><color>ff0000ff</color></LineStyle><PolyStyle><fill>0</fill></PolyStyle></Style>
	<ExtendedData><SchemaData schemaUrl="#132000_voltage_line">
		<SimpleData name="full_id">w139591567</SimpleData>
		<SimpleData name="osm_id">139591567</SimpleData>
		<SimpleData name="osm_type">way</SimpleData>
		<SimpleData name="power">line</SimpleData>
		<SimpleData name="frequency">50</SimpleData>
		<SimpleData name="circuits">1</SimpleData>
		<SimpleData name="cables">3</SimpleData>
		<SimpleData name="voltage">132000</SimpleData>
	</SchemaData></ExtendedData>
      <LineString><coordinates>71.1810632,22.0471666 71.1809301,22.0469304 71.1806535,22.0442477</coordinates></LineString>
  </Placemark>
  <Placemark>
	<Style><LineStyle><color>ff0000ff</color></LineStyle><PolyStyle><fill>0</fill></PolyStyle></Style>
	<ExtendedData><SchemaData schemaUrl="#132000_voltage_line">
		<SimpleData name="full_id">w139591530</SimpleData>
		<SimpleData name="osm_id">139591530</SimpleData>
		<SimpleData name="osm_type">way</SimpleData>
		<SimpleData name="power">line</SimpleData>
		<SimpleData name="frequency">50</SimpleData>
		<SimpleData name="circuits">2</SimpleData>
		<SimpleData name="cables">6</SimpleData>
		<SimpleData name="voltage">132000</SimpleData>
	</SchemaData></ExtendedData>
      <LineString><coordinates>70.7431194,22.6628437 70.7405701,22.6628166 70.7378346,22.6628092 70.7350026,22.6627721 70.7322751,22.6627536 70.7293829,22.6627387 70.726551,22.6627128 70.7244983,22.6627128 70.7216623,22.6627017 70.7188464,22.6626609 70.7160426,22.6626461 70.7131906,22.6626275 70.710913,22.6626275 70.708081,22.6626053 70.7052973,22.662583 70.7026782,22.662546 70.6998744,22.6625312 70.697068,22.6625058 70.6941876,22.6624829 70.6914583,22.6624829 70.6886681,22.6624558 70.6858553,22.6624454 70.6830493,22.6624225 70.6802704,22.66241 70.6774735,22.6624017 70.6746201,22.6623747 70.6718322,22.6623726 70.6690239,22.6623351 70.6662247,22.6623351 70.6634503,22.6623019 70.6614388,22.6623035 70.658414,22.6622889 70.6556689,22.661194 70.6530975,22.660145 70.6507088,22.6591583 70.6485277,22.6582758 70.645963,22.6572246 70.6433722,22.6561818 70.6408012,22.655125 70.6382333,22.6540799 70.6356718,22.653029 70.6331103,22.6519751 70.6305169,22.6509389 70.6279203,22.6498791 70.6253492,22.6488281 70.6229376,22.6478654 70.6204909,22.6468527 70.6180474,22.6458429 70.6154987,22.6447948 70.6129053,22.6437468 70.6103629,22.6427281 70.6078322,22.6417023 70.6052643,22.6406307 70.6026901,22.6395678 70.6001636,22.6384932 70.5975958,22.6374569 70.5949768,22.6363675 70.5924472,22.6353282 70.5899017,22.6342477 70.5873115,22.6331878 70.5849669,22.6323634 70.5823256,22.6314948 70.5797035,22.6306145 70.5775694,22.6298961 70.5755151,22.6291924 70.5718148,22.6291629 70.569467,22.6287419 70.5669661,22.6282796 70.5642196,22.6278203 70.5614125,22.6272903 70.5586277,22.6267662 70.5558493,22.6262656 70.553023,22.6257798 70.5500181,22.6252469 70.5469781,22.6246698 70.5439923,22.6241133 70.5410167,22.6235703 70.5380118,22.6230285 70.535243,22.6225309 70.5323816,22.6214945 70.5300143,22.6206114 70.5269282,22.6195159 70.5244766,22.618615 70.5221017,22.6177655 70.5194573,22.6167971 70.5168228,22.6158456 70.5141656,22.6148815 70.5115393,22.6139055 70.508764,22.6129132 70.506177,22.6118531 70.5035613,22.6107989 70.5009647,22.6097388 70.4983521,22.6086639 70.4957555,22.6076097 70.4931749,22.6065496 70.4905623,22.6055012 70.4877967,22.6043704 70.4851969,22.6032925 70.4826099,22.6022383 70.4800228,22.6011575 70.4772823,22.6000829 70.4747109,22.5990022 70.4721102,22.5979568 70.4695162,22.5968906 70.4669087,22.5958389 70.4642967,22.5947706 70.461687,22.593719 70.459093,22.5926486 70.4564855,22.5915927 70.4540337,22.5905993 70.4514104,22.5895393 70.4487961,22.5884835 70.4462049,22.5874363 70.4435974,22.5863887 70.4410305,22.5853516 70.4384095,22.5842915 70.4358696,22.5832377 70.4331274,22.5821117 70.4302921,22.5821242 70.4274072,22.5820868 70.424423,22.5820576 70.4213689,22.5820139 70.4184028,22.5820097 70.4165238,22.5811246 70.4140661,22.5798654 70.4117015,22.578664 70.4098776,22.5777229 70.4088815,22.5772159 70.4084598,22.5770012</coordinates></LineString>
  </Placemark>
  <Placemark>
	<Style><LineStyle><color>ff0000ff</color></LineStyle><PolyStyle><fill>0</fill></PolyStyle></Style>
	<ExtendedData><SchemaData schemaUrl="#132000_voltage_line">
		<SimpleData name="full_id">w139591531</SimpleData>
		<SimpleData name="osm_id">139591531</SimpleData>
		<SimpleData name="osm_type">way</SimpleData>
		<SimpleData name="power">line</SimpleData>
		<SimpleData name="frequency">50</SimpleData>
		<SimpleData name="circuits">1</SimpleData>
		<SimpleData name="cables">3</SimpleData>
		<SimpleData name="voltage">132000</SimpleData>
	</SchemaData></ExtendedData>
      <LineString><coordinates>71.176688,22.0438829 71.1788069,22.0453503 71.1806535,22.0442477</coordinates></LineString>
  </Placemark>
  <Placemark>
	<Style><LineStyle><color>ff0000ff</color></LineStyle><PolyStyle><fill>0</fill></PolyStyle></Style>
	<ExtendedData><SchemaData schemaUrl="#132000_voltage_line">
		<SimpleData name="full_id">w139591532</SimpleData>
		<SimpleData name="osm_id">139591532</SimpleData>
		<SimpleData name="osm_type">way</SimpleData>
		<SimpleData name="power">line</SimpleData>
		<SimpleData name="frequency">50</SimpleData>
		<SimpleData name="circuits">2</SimpleData>
		<SimpleData name="cables">6</SimpleData>
		<SimpleData name="voltage">132000</SimpleData>
	</SchemaData></ExtendedData>
      <LineString><coordinates>71.2984001,22.5422726 71.2983009,22.5439286 71.2980748,22.5441668 71.295532,22.5452769 71.292902,22.5464603 71.2902955,22.5476405 71.2876932,22.5488129 71.2852337,22.5498937 71.282806,22.5512529 71.2803306,22.5526341 71.2777759,22.5540702 71.275372,22.5554073 71.2730712,22.5566676 71.2706831,22.5579974 71.2682752,22.5593199 71.2660497,22.5605654 71.2637013,22.5619758 71.2612656,22.5634155 71.258941,22.5647745 71.2565847,22.5661702 71.2542283,22.5675512 71.2516776,22.5686392 71.2491785,22.5696795 71.2465603,22.5708004 71.2439025,22.5719469 71.2412645,22.5730495 71.2386741,22.5741484 71.2361115,22.57524 71.2335211,22.5763242 71.2309307,22.5774267 71.2283284,22.5785439 71.2257459,22.5796245 71.2231793,22.5807086 71.2209931,22.5816285 71.2199088,22.5829298 71.2178298,22.5842744 71.2154912,22.5857867 71.2131592,22.5873022 71.2107884,22.5888428 71.2084209,22.5903583 71.2060947,22.5918848 71.203759,22.5933527 71.2010565,22.5926998 71.1984305,22.5920735 71.1976417,22.5918761 71.1974745,22.5918375 71.1956933,22.5913886 71.1929522,22.5907147 71.190215,22.5900591 71.1874659,22.5893852 71.1847367,22.588715 71.1818601,22.5880297 71.1794805,22.587433 71.1766204,22.5867445 71.1739388,22.5861877 71.1712611,22.5856274 71.1685993,22.5850779 71.1659891,22.5844992 71.1632543,22.5839476 71.1608424,22.5834275 71.1581806,22.5828744 71.1554276,22.5822994 71.1530435,22.5817426 71.1500128,22.5817976 71.147232,22.5818086 71.1444075,22.5818269 71.1416108,22.5818672 71.1388062,22.5819001 71.1359501,22.5819368 71.1331851,22.5819734 71.1302655,22.5819954 71.1274038,22.5820232 71.1248237,22.5820467 71.1218945,22.5820877 71.1193811,22.5829374 71.1166804,22.583837 71.1140244,22.5847273 71.1113556,22.585622 71.1086736,22.586521 71.1060342,22.5874077 71.1033843,22.5883197 71.1006987,22.5891951 71.0981004,22.5900851 71.0954465,22.5909568 71.0927331,22.591876 71.0900991,22.5927587 71.0874929,22.5936267 71.0850572,22.5944434 71.0825064,22.5952968 71.0796503,22.5949415 71.0767306,22.5945643 71.0737078,22.5941761 71.0710445,22.5938355 71.0682708,22.5934839 71.0655987,22.593144 71.0628092,22.5927924 71.0600355,22.5924437 71.0572333,22.5920716 71.0545516,22.59235 71.0516479,22.5926664 71.0490424,22.5929418 71.0461894,22.5932348 71.0433967,22.5935396 71.0406167,22.5938267 71.03777,22.5941255 71.0349265,22.5944215 71.0320545,22.5947408 71.0292205,22.5950133 71.0264024,22.5953151 71.0236256,22.5956345 71.0211185,22.5967508 71.0187542,22.5978348 71.0161075,22.5990449 71.0136211,22.6001875 71.0111092,22.6013418 71.0085894,22.6025108 71.006003,22.6036974 71.003544,22.6048142 71.0010618,22.6059416 70.998542,22.6071076 70.9960064,22.6082912 70.9934834,22.6094484 70.9910398,22.6105763 70.9884724,22.6117393 70.985886,22.6127032 70.9832774,22.6136728 70.9806751,22.6146161 70.978076,22.6155975 70.9754737,22.6165613 70.9737917,22.6171795 70.9729792,22.6198647</coordinates></LineString>
  </Placemark>
  <Placemark>
	<Style><LineStyle><color>ff0000ff</color></LineStyle><PolyStyle><fill>0</fill></PolyStyle></Style>
	<ExtendedData><SchemaData schemaUrl="#132000_voltage_line">
		<SimpleData name="full_id">w1354992996</SimpleData>
		<SimpleData name="osm_id">1354992996</SimpleData>
		<SimpleData name="osm_type">way</SimpleData>
		<SimpleData name="power">line</SimpleData>
		<SimpleData name="cables">3</SimpleData>
		<SimpleData name="voltage">132000</SimpleData>
	</SchemaData></ExtendedData>
      <LineString><coordinates>73.2899857,21.7877248 73.2900149,21.7873704</coordinates></LineString>
  </Placemark>
  <Placemark>
	<Style><LineStyle><color>ff0000ff</color></LineStyle><PolyStyle><fill>0</fill></PolyStyle></Style>
	<ExtendedData><SchemaData schemaUrl="#132000_voltage_line">
		<SimpleData name="full_id">w1354992997</SimpleData>
		<SimpleData name="osm_id">1354992997</SimpleData>
		<SimpleData name="osm_type">way</SimpleData>
		<SimpleData name="power">line</SimpleData>
		<SimpleData name="cables">3</SimpleData>
		<SimpleData name="voltage">132000</SimpleData>
	</SchemaData></ExtendedData>
      <LineString><coordinates>73.2894353,21.7876972 73.2894566,21.7873326</coordinates></LineString>
  </Placemark>
  <Placemark>
	<Style><LineStyle><color>ff0000ff</color></LineStyle><PolyStyle><fill>0</fill></PolyStyle></Style>
	<ExtendedData><SchemaData schemaUrl="#132000_voltage_line">
		<SimpleData name="full_id">w1354992998</SimpleData>
		<SimpleData name="osm_id">1354992998</SimpleData>
		<SimpleData name="osm_type">way</SimpleData>
		<SimpleData name="power">line</SimpleData>
		<SimpleData name="cables">3</SimpleData>
		<SimpleData name="voltage">132000</SimpleData>
	</SchemaData></ExtendedData>
      <LineString><coordinates>73.2897432,21.787352 73.2897267,21.7877048</coordinates></LineString>
  </Placemark>
  <Placemark>
	<Style><LineStyle><color>ff0000ff</color></LineStyle><PolyStyle><fill>0</fill></PolyStyle></Style>
	<ExtendedData><SchemaData schemaUrl="#132000_voltage_line">
		<SimpleData name="full_id">w1354992999</SimpleData>
		<SimpleData name="osm_id">1354992999</SimpleData>
		<SimpleData name="osm_type">way</SimpleData>
		<SimpleData name="power">line</SimpleData>
		<SimpleData name="cables">3</SimpleData>
		<SimpleData name="voltage">132000</SimpleData>
	</SchemaData></ExtendedData>
      <LineString><coordinates>73.2891954,21.7873149 73.2891683,21.7876647</coordinates></LineString>
  </Placemark>
  <Placemark>
	<Style><LineStyle><color>ff0000ff</color></LineStyle><PolyStyle><fill>0</fill></PolyStyle></Style>
	<ExtendedData><SchemaData schemaUrl="#132000_voltage_line">
		<SimpleData name="full_id">w139729509</SimpleData>
		<SimpleData name="osm_id">139729509</SimpleData>
		<SimpleData name="osm_type">way</SimpleData>
		<SimpleData name="power">line</SimpleData>
		<SimpleData name="frequency">50</SimpleData>
		<SimpleData name="circuits">1</SimpleData>
		<SimpleData name="cables">3</SimpleData>
		<SimpleData name="voltage">132000</SimpleData>
	</SchemaData></ExtendedData>
      <LineString><coordinates>70.6186725,21.4717675 70.619447,21.4723642 70.6218096,21.4741646 70.6241173,21.4759242 70.6264032,21.4776633 70.6286707,21.479399 70.6309638,21.4811449 70.6331582,21.4828397 70.634025,21.4850143 70.6349722,21.4873693 70.6359231,21.4897038 70.6368374,21.4920178 70.6377956,21.4943387 70.6387429,21.4967071 70.639734,21.499147 70.6406776,21.5015323 70.6417455,21.5041593 70.6425611,21.5061498 70.6435486,21.5086678 70.6445324,21.5110292 70.6454906,21.5133735 70.6464598,21.5158335 70.6475643,21.518518 70.6485335,21.5209303 70.6495648,21.5234174 70.6506145,21.5260031 70.6516605,21.5286057 70.6526991,21.5311369 70.653676,21.5335379 70.6547084,21.5360033 70.6556653,21.5384599 70.6556291,21.5410916 70.6556342,21.5437424 70.655598,21.5464557 70.6555877,21.5490919 70.6555825,21.5516704 70.6555049,21.5545231 70.6555049,21.5572314 70.6554894,21.5599059 70.6554532,21.5626045 70.655448,21.5653126 70.6554274,21.5680304 70.6553963,21.5708298 70.6553601,21.573581 70.6553446,21.5762313 70.6553032,21.5788862 70.655298,21.581647 70.655267,21.5840373 70.6552567,21.586721 70.6552153,21.589395 70.6552049,21.5920353 70.6551843,21.5947525 70.6551687,21.597412 70.6551274,21.6000954 70.655598,21.6025336 70.656167,21.6053083 70.6566325,21.6077944 70.6571859,21.6106075 70.657729,21.6133532 70.6582669,21.6161373 70.65881,21.6189022 70.6593467,21.621638 70.659878,21.6244485 70.6604315,21.6271555 70.6609435,21.6298336 70.6614969,21.6326799 70.6620452,21.635353 70.6624952,21.6377858 70.6630538,21.6405213 70.6635739,21.6432128 70.6641087,21.6459881 70.6646551,21.6488027 70.6652066,21.6516219 70.6657681,21.6544318 70.6663146,21.6572602 70.666836,21.6601026 70.6678666,21.6624329 70.6688648,21.6648219 70.6699096,21.6673887 70.6708716,21.6696575 70.6718956,21.6721961 70.6729559,21.6747823 70.6740393,21.6773399 70.6750868,21.6799141 70.6761291,21.6823762 70.6771843,21.6848287 70.6781769,21.6873082 70.6791778,21.6897981 70.6801345,21.6921777 70.6810744,21.6945171 70.6820921,21.6970501 70.6830998,21.6996085 70.6841363,21.7022891 70.6851793,21.704904 70.6861966,21.707501 70.6872364,21.7101427 70.688273,21.7127604 70.6892999,21.7154318 70.6902338,21.7177931 70.6912511,21.7203869 70.69229,21.723038 70.6932688,21.7255125 70.6929511,21.7272654 70.6944498,21.7292002 70.6961443,21.7313824 70.6978227,21.7335079 70.699469,21.7356453 70.7011827,21.7378751 70.7028194,21.7399766 70.7044946,21.7421438 70.7061409,21.7442512 70.7076813,21.7462454 70.7092891,21.748317 70.7109386,21.7504363 70.7125182,21.7524806 70.7140936,21.7545003 70.7157397,21.7566076 70.7173824,21.7587179 70.7187592,21.7611002 70.7201932,21.7635638 70.7215835,21.7659648 70.7230243,21.7684408 70.7244617,21.7708792 70.7257981,21.7731988 70.7271951,21.7756184 70.7286089,21.778063 70.729979,21.7803949 70.7313558,21.7827831 70.7327662,21.7851963 70.73417,21.787647 70.734,21.7893793 70.7336902,21.792665 70.7334513,21.7951993 70.7337172,21.798128 70.733963,21.8009347 70.7342154,21.8037727 70.7344645,21.806623 70.7347271,21.8094734 70.7349863,21.8123142 70.7352186,21.8150832 70.7357235,21.8177208 70.736215,21.8203709 70.7367098,21.8230054 70.7372181,21.825671 70.7376894,21.8283084 70.7382078,21.8309989 70.7387027,21.8336582 70.7392009,21.8362955 70.739694,21.8389585 70.7401653,21.8415363 70.7406972,21.8443766 70.7412028,21.8471126 70.7420612,21.8497606 70.7427218,21.8518188 70.7435171,21.8542753 70.7443353,21.8568708 70.7451243,21.8593328 70.7459563,21.8619465 70.7467432,21.8643833 70.7475722,21.8669607 70.7483464,21.8694248 70.7491375,21.8718732 70.749979,21.874509 70.7508164,21.8771018 70.7516033,21.8795814 70.7524154,21.8821077 70.7532738,21.8847824 70.7541332,21.8874836 70.7549485,21.8900457 70.7557858,21.8925874 70.7577299,21.8945084 70.7596798,21.896416 70.7616726,21.8983994 70.7636789,21.9003796 70.7656885,21.9023566 70.7676477,21.9042868 70.7696102,21.9061889 70.7715862,21.9081752 70.7730607,21.9096119 70.7750838,21.9115888 70.7771204,21.9135907 70.7791401,21.9155925 70.7811666,21.9175819 70.7831729,21.9195524 70.7844151,21.9221226 70.7856101,21.9245834 70.7868421,21.9270878 70.7880338,21.9295954 70.7892827,21.9321622 70.7905282,21.9347571 70.7903161,21.9375362 70.7901007,21.9403776 70.7898718,21.9432596 70.7896698,21.9459105 70.7872259,21.9473343</coordinates></LineString>
  </Placemark>
  <Placemark>
	<Style><LineStyle><color>ff0000ff</color></LineStyle><PolyStyle><fill>0</fill></PolyStyle></Style>
	<ExtendedData><SchemaData schemaUrl="#132000_voltage_line">
		<SimpleData name="full_id">w295429710</SimpleData>
		<SimpleData name="osm_id">295429710</SimpleData>
		<SimpleData name="osm_type">way</SimpleData>
		<SimpleData name="power">line</SimpleData>
		<SimpleData name="frequency">50</SimpleData>
		<SimpleData name="circuits">2</SimpleData>
		<SimpleData name="cables">6</SimpleData>
		<SimpleData name="voltage">132000</SimpleData>
	</SchemaData></ExtendedData>
      <LineString><coordinates>69.867988,22.3203877 69.8663986,22.3204944 69.8642333,22.3211655 69.8638338,22.3212992 69.8614507,22.3221673 69.8588995,22.3230353 69.856319,22.3239323</coordinates></LineString>
  </Placemark>
  <Placemark>
	<Style><LineStyle><color>ff0000ff</color></LineStyle><PolyStyle><fill>0</fill></PolyStyle></Style>
	<ExtendedData><SchemaData schemaUrl="#132000_voltage_line">
		<SimpleData name="full_id">w139729517</SimpleData>
		<SimpleData name="osm_id">139729517</SimpleData>
		<SimpleData name="osm_type">way</SimpleData>
		<SimpleData name="power">line</SimpleData>
		<SimpleData name="frequency">50</SimpleData>
		<SimpleData name="circuits">2</SimpleData>
		<SimpleData name="cables">6</SimpleData>
		<SimpleData name="voltage">132000</SimpleData>
	</SchemaData></ExtendedData>
      <LineString><coordinates>70.1188137,22.4491749 70.1189209,22.4461481 70.1192322,22.444835 70.1181696,22.4425893 70.1172263,22.4406337 70.1150489,22.4388564 70.1128243,22.4369707 70.1109598,22.4353582 70.1091553,22.4338131 70.1069479,22.431951 70.1045691,22.4299027 70.1026188,22.4282188 70.10048,22.4263844 70.0981611,22.4244311 70.095478,22.4233455 70.0933391,22.4223668 70.0909303,22.4213089 70.0883199,22.4202074 70.0856153,22.4194585 70.0833951,22.4188919 70.0804547,22.4180599 70.0775143,22.4172634 70.0752384,22.4151753 70.0728981,22.4130039 70.0705578,22.4108285 70.0684704,22.4089502 70.0663144,22.4069016 70.0642613,22.4049995 70.0619939,22.4024515 70.0620703,22.4014288 70.0596365,22.3995269 70.0577291,22.3980567 70.0551873,22.3960118 70.0533271,22.3953025 70.0508968,22.3943355 70.0480551,22.3932259 70.045209,22.3920805 70.0423629,22.3909907 70.0394311,22.3898414 70.0364736,22.3886604 70.0331604,22.388268 70.0299886,22.3878598 70.0269839,22.3874952 70.0240779,22.3871385 70.0208889,22.3867145 70.0176271,22.3863499 70.014601,22.3859218 70.0114377,22.3855295 70.0083517,22.3850856 70.0051627,22.3846576 70.001978,22.3842811 69.9988148,22.3838451 69.9959259,22.3834884 69.9929359,22.3831275 69.989567,22.3826758 69.9869212,22.3808757 69.9843206,22.3790826 69.9814193,22.3771017 69.9789051,22.3754059 69.9760978,22.3734806 69.9737602,22.3719237 69.9711465,22.3701354 69.9685515,22.3683535 69.9658585,22.3665264 69.9635514,22.3649362 69.9610168,22.3642943 69.9582605,22.3635725 69.9553659,22.3628187 69.9546429,22.3634633 69.9512587,22.3627867 69.9483324,22.3622061 69.9452045,22.3615828 69.9422436,22.3610074 69.9389717,22.3603362 69.9359677,22.3597369 69.9330068,22.3591296 69.9298213,22.358485 69.926558,22.3584557 69.9233898,22.3583811 69.9199261,22.3574323 69.9167128,22.3565479 69.9134247,22.3556429 69.9101779,22.3547513 69.9098479,22.3545464 69.9098576,22.3520726 69.9101832,22.3499781 69.9094148,22.3470019 69.9094856,22.3440159 69.9082058,22.3420098 69.9065615,22.3394652 69.9060966,22.3366479 69.9055727,22.3334724 69.9049669,22.330901 69.9038234,22.3284726 69.904125,22.3258841 69.9030272,22.3236619 69.9007509,22.3231275 69.8988793,22.3223738 69.895769,22.3211004 69.8932765,22.3189967 69.8914955,22.3179571 69.8898314,22.3182776 69.8890997,22.3175141 69.8887107,22.3155284 69.8869669,22.3139713 69.8845897,22.3124231 69.8818,22.3106218 69.8791134,22.3088445 69.8765395,22.3071564 69.8739711,22.3054606 69.8714055,22.3037852 69.8686546,22.301987 69.8666806,22.3028848 69.8645794,22.3047444 69.862423,22.3066653 69.8596872,22.3090911 69.8576514,22.3108276 69.8549542,22.311241 69.8521498,22.3127523 69.8520291,22.3142948 69.8517971,22.3166052 69.8519674,22.3185002 69.8506304,22.3213174</coordinates></LineString>
  </Placemark>
  <Placemark>
	<Style><LineStyle><color>ff0000ff</color></LineStyle><PolyStyle><fill>0</fill></PolyStyle></Style>
	<ExtendedData><SchemaData schemaUrl="#132000_voltage_line">
		<SimpleData name="full_id">w1354992363</SimpleData>
		<SimpleData name="osm_id">1354992363</SimpleData>
		<SimpleData name="osm_type">way</SimpleData>
		<SimpleData name="power">line</SimpleData>
		<SimpleData name="cables">6</SimpleData>
		<SimpleData name="voltage">132000</SimpleData>
	</SchemaData></ExtendedData>
      <LineString><coordinates>73.2889228,21.7872964 73.2889747,21.7872999 73.2890107,21.7873023 73.2891954,21.7873149 73.2894566,21.7873326 73.2895026,21.7873357 73.2897432,21.787352 73.2897862,21.7873549 73.2900149,21.7873704 73.2902367,21.7873854 73.2903578,21.7873936</coordinates></LineString>
  </Placemark>
  <Placemark>
	<Style><LineStyle><color>ff0000ff</color></LineStyle><PolyStyle><fill>0</fill></PolyStyle></Style>
	<ExtendedData><SchemaData schemaUrl="#132000_voltage_line">
		<SimpleData name="full_id">w295429714</SimpleData>
		<SimpleData name="osm_id">295429714</SimpleData>
		<SimpleData name="osm_type">way</SimpleData>
		<SimpleData name="power">line</SimpleData>
		<SimpleData name="frequency">50</SimpleData>
		<SimpleData name="circuits">1</SimpleData>
		<SimpleData name="cables">3</SimpleData>
		<SimpleData name="voltage">132000</SimpleData>
	</SchemaData></ExtendedData>
      <LineString><coordinates>69.8178631,22.3504103 69.817458,22.3522315 69.8182862,22.3530367 69.8204103,22.3549165 69.8224868,22.3567392 69.8244822,22.3585324 69.825455,22.3593977 69.8264776,22.3603073 69.8285762,22.3621731 69.8305765,22.363973 69.8325867,22.3657638 69.8346248,22.3675685 69.8366413,22.3693836 69.8386693,22.3712328 69.840696,22.3730808 69.8427119,22.374942 69.844677,22.3767462 69.8461242,22.3781795 69.8457822,22.3794642 69.8462717,22.3819022 69.8467465,22.384246 69.8488976,22.3850607 69.8512606,22.3859461 69.8534426,22.3867831 69.8548534,22.3874019 69.8551565,22.3896934 69.8554435,22.3921325 69.855642,22.3932373 69.8563032,22.3941288 69.8578562,22.395034 69.8580989,22.395804 69.8582813,22.396357 69.858306,22.3969374</coordinates></LineString>
  </Placemark>
  <Placemark>
	<Style><LineStyle><color>ff0000ff</color></LineStyle><PolyStyle><fill>0</fill></PolyStyle></Style>
	<ExtendedData><SchemaData schemaUrl="#132000_voltage_line">
		<SimpleData name="full_id">w139591642</SimpleData>
		<SimpleData name="osm_id">139591642</SimpleData>
		<SimpleData name="osm_type">way</SimpleData>
		<SimpleData name="power">line</SimpleData>
		<SimpleData name="frequency">50</SimpleData>
		<SimpleData name="circuits">1</SimpleData>
		<SimpleData name="cables">3</SimpleData>
		<SimpleData name="voltage">132000</SimpleData>
	</SchemaData></ExtendedData>
      <LineString><coordinates>70.9562087,22.6527794 70.9555907,22.6536533 70.9540316,22.6558679 70.9534206,22.6584139 70.9528075,22.6609885 70.9521982,22.6635603 70.9516003,22.6660838 70.9509921,22.6686436 70.9503688,22.6712242 70.9497763,22.6737693 70.9491941,22.6763048 70.9485609,22.6788675 70.9479535,22.6814132 70.9473573,22.6839758 70.9467796,22.6863403 70.9462833,22.6889028 70.9457982,22.6914654 70.9452871,22.6940483 70.9447872,22.6966039 70.9442872,22.6991731 70.9437429,22.7015886 70.9433429,22.7040278 70.9425319,22.7066516 70.9418431,22.7089268 70.9410468,22.711547 70.9402691,22.7140442 70.9394977,22.7165528 70.9387323,22.7190419 70.9379657,22.7215663 70.9372028,22.7240462 70.9363955,22.7266627 70.9356289,22.7291699 70.9348609,22.7315732 70.9352875,22.7329629 70.9362459,22.7344207 70.9368943,22.7371212 70.9349164,22.7397389 70.9330048,22.7423128 70.931181,22.7448153 70.9284206,22.7447895 70.9277185,22.7457539 70.9260726,22.7480185 70.9244873,22.7502167 70.9229246,22.7523731 70.9213544,22.7545329 70.9197615,22.756738 70.9174573,22.7599061 70.9157952,22.7621633 70.9140712,22.7645972 70.9129527,22.7667924 70.9117106,22.7692404 70.9104921,22.7716418 70.9098145,22.7734537</coordinates></LineString>
  </Placemark>
  <Placemark>
	<Style><LineStyle><color>ff0000ff</color></LineStyle><PolyStyle><fill>0</fill></PolyStyle></Style>
	<ExtendedData><SchemaData schemaUrl="#132000_voltage_line">
		<SimpleData name="full_id">w1154004462</SimpleData>
		<SimpleData name="osm_id">1154004462</SimpleData>
		<SimpleData name="osm_type">way</SimpleData>
		<SimpleData name="power">line</SimpleData>
		<SimpleData name="frequency">50</SimpleData>
		<SimpleData name="circuits">1</SimpleData>
		<SimpleData name="cables">3</SimpleData>
		<SimpleData name="voltage">132000</SimpleData>
	</SchemaData></ExtendedData>
      <LineString><coordinates>69.8532133,22.3219094 69.8505217,22.3216104 69.8472295,22.3212381</coordinates></LineString>
  </Placemark>
  <Placemark>
	<Style><LineStyle><color>ff0000ff</color></LineStyle><PolyStyle><fill>0</fill></PolyStyle></Style>
	<ExtendedData><SchemaData schemaUrl="#132000_voltage_line">
		<SimpleData name="full_id">w1154004463</SimpleData>
		<SimpleData name="osm_id">1154004463</SimpleData>
		<SimpleData name="osm_type">way</SimpleData>
		<SimpleData name="power">line</SimpleData>
		<SimpleData name="frequency">50</SimpleData>
		<SimpleData name="circuits">2</SimpleData>
		<SimpleData name="cables">6</SimpleData>
		<SimpleData name="voltage">132000</SimpleData>
	</SchemaData></ExtendedData>
      <LineString><coordinates>69.8472295,22.3212381 69.8447873,22.3213922 69.8412006,22.322378 69.8378055,22.3233663 69.8351233,22.324149 69.8338211,22.3267677 69.832719,22.328984 69.8314518,22.3315992 69.8301292,22.3342207 69.8289195,22.3366951 69.8283642,22.3377437 69.8254632,22.3396832 69.8227627,22.3416439 69.820265,22.343336 69.8193426,22.3458633 69.8185661,22.3481631 69.8178631,22.3504103</coordinates></LineString>
  </Placemark>
  <Placemark>
	<Style><LineStyle><color>ff0000ff</color></LineStyle><PolyStyle><fill>0</fill></PolyStyle></Style>
	<ExtendedData><SchemaData schemaUrl="#132000_voltage_line">
		<SimpleData name="full_id">w1354992368</SimpleData>
		<SimpleData name="osm_id">1354992368</SimpleData>
		<SimpleData name="osm_type">way</SimpleData>
		<SimpleData name="power">line</SimpleData>
		<SimpleData name="cables">3</SimpleData>
		<SimpleData name="voltage">132000</SimpleData>
	</SchemaData></ExtendedData>
      <LineString><coordinates>73.2889747,21.7872999 73.2889818,21.7872317 73.288204,21.7871843 73.2881728,21.787597</coordinates></LineString>
  </Placemark>
  <Placemark>
	<Style><LineStyle><color>ff0000ff</color></LineStyle><PolyStyle><fill>0</fill></PolyStyle></Style>
	<ExtendedData><SchemaData schemaUrl="#132000_voltage_line">
		<SimpleData name="full_id">w1154004464</SimpleData>
		<SimpleData name="osm_id">1154004464</SimpleData>
		<SimpleData name="osm_type">way</SimpleData>
		<SimpleData name="power">line</SimpleData>
		<SimpleData name="frequency">50</SimpleData>
		<SimpleData name="voltage">132000</SimpleData>
	</SchemaData></ExtendedData>
      <LineString><coordinates>69.8239142,22.4191416 69.8235138,22.4194896 69.8237508,22.4207292 69.8243609,22.4215528</coordinates></LineString>
  </Placemark>
  <Placemark>
	<Style><LineStyle><color>ff0000ff</color></LineStyle><PolyStyle><fill>0</fill></PolyStyle></Style>
	<ExtendedData><SchemaData schemaUrl="#132000_voltage_line">
		<SimpleData name="full_id">w1354992995</SimpleData>
		<SimpleData name="osm_id">1354992995</SimpleData>
		<SimpleData name="osm_type">way</SimpleData>
		<SimpleData name="power">line</SimpleData>
		<SimpleData name="cables">3</SimpleData>
		<SimpleData name="voltage">132000</SimpleData>
	</SchemaData></ExtendedData>
      <LineString><coordinates>73.2889821,21.7876547 73.2890107,21.7873023</coordinates></LineString>
  </Placemark>
  <Placemark>
	<Style><LineStyle><color>ff0000ff</color></LineStyle><PolyStyle><fill>0</fill></PolyStyle></Style>
	<ExtendedData><SchemaData schemaUrl="#132000_voltage_line">
		<SimpleData name="full_id">w139591657</SimpleData>
		<SimpleData name="osm_id">139591657</SimpleData>
		<SimpleData name="osm_type">way</SimpleData>
		<SimpleData name="power">line</SimpleData>
		<SimpleData name="frequency">50</SimpleData>
		<SimpleData name="circuits">2</SimpleData>
		<SimpleData name="cables">6</SimpleData>
		<SimpleData name="voltage">132000</SimpleData>
	</SchemaData></ExtendedData>
      <LineString><coordinates>70.8528578,21.955112 70.8509887,21.9580171 70.849436,21.9604257 70.8476033,21.9633216 70.8458674,21.9660444 70.8439413,21.9690396 70.842119,21.9718937 70.8406355,21.9741986 70.8391053,21.9765916 70.8377697,21.9786279 70.8363476,21.9808645 70.8350042,21.982975 70.8345547,21.9834977 70.8340394,21.9838088 70.8336833,21.9840845 70.8327946,21.9864028 70.8315615,21.9893881 70.830399,21.9923503 70.8291939,21.9954323 70.8281306,21.9981617 70.8269487,22.0012304 70.8258638,22.0039636 70.8259675,22.0060836 70.826054,22.0080273 70.8261966,22.0107403 70.8263522,22.0139863 70.8264905,22.0169156 70.8266505,22.0200092 70.8267853,22.0230265 70.8269617,22.0264118 70.8271277,22.0294859 70.827266,22.0325631 70.8274251,22.0355217 70.8275807,22.0385957 70.8277294,22.0417336 70.8278884,22.0447337 70.8276464,22.0475254 70.8273939,22.0504388 70.8271208,22.053631 70.8268545,22.0568359 70.8265778,22.0599895 70.8263185,22.0629923 70.8260488,22.0662227 70.8257963,22.0691806 70.8255266,22.0723595 70.8252776,22.0752564 70.8250633,22.0778776 70.8247935,22.0809635 70.8245342,22.0840556 70.8242748,22.0871125 70.8240259,22.0900923 70.8237596,22.0931587 70.8235175,22.0961993 70.8232616,22.0992527 70.8229919,22.1023092 70.8227311,22.105423 70.8224851,22.1081537 70.8222709,22.1109248 70.8219892,22.1141479 70.8217155,22.117426 70.8214735,22.1203403 70.8212197,22.1232912 70.8209578,22.1265324 70.820704,22.1292296 70.8204739,22.1320481 70.8202279,22.1352156 70.8200098,22.1375489 70.8197598,22.1405546 70.8194861,22.1436631 70.81926,22.1464886 70.8189903,22.1496888 70.8187126,22.152922 70.8184547,22.1559311 70.8182596,22.1588801</coordinates></LineString>
  </Placemark>
  <Placemark>
	<Style><LineStyle><color>ff0000ff</color></LineStyle><PolyStyle><fill>0</fill></PolyStyle></Style>
	<ExtendedData><SchemaData schemaUrl="#132000_voltage_line">
		<SimpleData name="full_id">w1154004451</SimpleData>
		<SimpleData name="osm_id">1154004451</SimpleData>
		<SimpleData name="osm_type">way</SimpleData>
		<SimpleData name="power">line</SimpleData>
		<SimpleData name="frequency">50</SimpleData>
		<SimpleData name="circuits">1</SimpleData>
		<SimpleData name="cables">3</SimpleData>
		<SimpleData name="voltage">132000</SimpleData>
	</SchemaData></ExtendedData>
      <LineString><coordinates>69.8506304,22.3213174 69.8532133,22.3219094</coordinates></LineString>
  </Placemark>
  <Placemark>
	<Style><LineStyle><color>ff0000ff</color></LineStyle><PolyStyle><fill>0</fill></PolyStyle></Style>
	<ExtendedData><SchemaData schemaUrl="#132000_voltage_line">
		<SimpleData name="full_id">w1154004452</SimpleData>
		<SimpleData name="osm_id">1154004452</SimpleData>
		<SimpleData name="osm_type">way</SimpleData>
		<SimpleData name="power">line</SimpleData>
		<SimpleData name="frequency">50</SimpleData>
		<SimpleData name="circuits">1</SimpleData>
		<SimpleData name="cables">3</SimpleData>
		<SimpleData name="voltage">132000</SimpleData>
	</SchemaData></ExtendedData>
      <LineString><coordinates>69.8472295,22.3212381 69.8506304,22.3213174</coordinates></LineString>
  </Placemark>
  <Placemark>
	<Style><LineStyle><color>ff0000ff</color></LineStyle><PolyStyle><fill>0</fill></PolyStyle></Style>
	<ExtendedData><SchemaData schemaUrl="#132000_voltage_line">
		<SimpleData name="full_id">w1154004453</SimpleData>
		<SimpleData name="osm_id">1154004453</SimpleData>
		<SimpleData name="osm_type">way</SimpleData>
		<SimpleData name="power">line</SimpleData>
		<SimpleData name="frequency">50</SimpleData>
		<SimpleData name="circuits">2</SimpleData>
		<SimpleData name="cables">6</SimpleData>
		<SimpleData name="voltage">132000</SimpleData>
	</SchemaData></ExtendedData>
      <LineString><coordinates>69.8532133,22.3219094 69.8542258,22.3236041</coordinates></LineString>
  </Placemark>
  <Placemark>
	<Style><LineStyle><color>ff0000ff</color></LineStyle><PolyStyle><fill>0</fill></PolyStyle></Style>
	<ExtendedData><SchemaData schemaUrl="#132000_voltage_line">
		<SimpleData name="full_id">w139591628</SimpleData>
		<SimpleData name="osm_id">139591628</SimpleData>
		<SimpleData name="osm_type">way</SimpleData>
		<SimpleData name="power">line</SimpleData>
		<SimpleData name="frequency">50</SimpleData>
		<SimpleData name="circuits">2</SimpleData>
		<SimpleData name="cables">6</SimpleData>
		<SimpleData name="voltage">132000</SimpleData>
	</SchemaData></ExtendedData>
      <LineString><coordinates>70.9732511,22.6220399 70.9730881,22.6242222 70.9738288,22.6248129 70.9737962,22.6273369 70.9737606,22.629768 70.9737517,22.6317368 70.974608,22.6331807 70.9752212,22.6340885 70.9764507,22.6360764 70.9774402,22.6376624 70.978729,22.6397269 70.9786727,22.6416573 70.9773603,22.6437327 70.9758019,22.6461825 70.9744598,22.6482633 70.9725993,22.6493898 70.9708217,22.6504315 70.968413,22.6520747 70.9659007,22.6537999 70.9635602,22.6553884 70.9612168,22.6569741 70.9584171,22.6588852 70.9557003,22.6607384 70.952911,22.662641 70.9512074,22.6638063 70.9491373,22.664107 70.947026,22.6644001 70.945092,22.6647675 70.9423978,22.6652886 70.9394537,22.6655663 70.9363753,22.6648615 70.9332089,22.6648102 70.9298612,22.6647607 70.9268392,22.6647333 70.9236618,22.6641558 70.9203029,22.6635612 70.9171143,22.6634723 70.9135406,22.6633835 70.9115075,22.6632741 70.9094374,22.6640191 70.9070043,22.6649315 70.9046712,22.6657654 70.9021789,22.6669101 70.8997347,22.6680344 70.8975053,22.6690596 70.8953166,22.6700677 70.8928798,22.6711988 70.8901579,22.6724289 70.8875248,22.6736625 70.8842178,22.6739495 70.88097,22.6742366 70.877811,22.6744963 70.8746373,22.6747936 70.871757,22.6750128 70.8699266,22.6757863 70.8679468,22.6766229 70.8658715,22.6774999 70.8641495,22.6790443 70.8618979,22.6802198 70.860332,22.6810166 70.8573357,22.6820905 70.8543313,22.6832239 70.8515363,22.684242 70.8486568,22.6853084 70.8455759,22.6864566 70.8431554,22.6873224 70.8407874,22.688203 70.8386005,22.6888346 70.836462,22.6894403 70.8342631,22.6901463 70.8319805,22.6908641 70.8297511,22.6915611 70.8273894,22.6923249 70.8245115,22.6935473 70.8220188,22.6943816 70.8195929,22.6952086 70.8171278,22.6960501 70.8151698,22.696703 70.8119144,22.697842 70.8092566,22.698756 70.8068303,22.699756 70.8041537,22.7007049 70.8010241,22.7017843 70.7984475,22.7027054 70.7954762,22.7037565 70.7924441,22.7044993 70.7893016,22.7058505 70.7873956,22.7062834 70.7840823,22.7070404 70.7822956,22.7074411 70.7798195,22.708074 70.7776584,22.7092668 70.7753525,22.7093804 70.7746631,22.7116067 70.7720643,22.7133464 70.7720228,22.7152499 70.7719262,22.7184973 70.7718728,22.7202904 70.7704764,22.7232977 70.7691757,22.7261515 70.7679212,22.7288703 70.7669707,22.7309289 70.7657316,22.7338393 70.7643809,22.7369661 70.7632481,22.7396056 70.7619681,22.7425879 70.7607443,22.7454377 70.7595014,22.74833 70.7582877,22.7511593 70.7570703,22.7539972 70.7545392,22.7547905 70.7534754,22.7577708 70.752276,22.7611638 70.7510322,22.7638498 70.7499701,22.7661378 70.7485916,22.7690723 70.7472563,22.771918 70.7461134,22.7743237 70.744932,22.7768641 70.7435621,22.7797416 70.7414609,22.781984 70.7395099,22.7840524 70.7374704,22.7861847 70.7355232,22.7882744 70.7334105,22.7904846 70.7314441,22.792592 70.7283656,22.7927694 70.7268609,22.7950363 70.7251614,22.7976721 70.7234498,22.8002696 70.7218451,22.8027529 70.7201942,22.8052715 70.718551,22.807783 70.7168001,22.8104257 70.7150453,22.8131039 70.7133714,22.8156578 70.711682,22.8182365 70.7099849,22.8208081 70.708234,22.8234576 70.7065408,22.8260752 70.704813,22.8287105 70.7031198,22.831289 70.7014343,22.8338816 70.6997257,22.8365167 70.698074,22.839028 70.6965707,22.8412912 70.6948383,22.8439313 70.6931748,22.8464662 70.6915966,22.8488906 70.690099,22.8511858 70.6884936,22.8536436 70.6871956,22.8556302 70.6851384,22.857885 70.6833035,22.8599626 70.6813251,22.8620875 70.6793726,22.8642721 70.6772839,22.8665912 70.6751854,22.8688683 70.673194,22.8710976 70.6711497,22.8733834 70.6691752,22.8755535 70.6671914,22.8777764 70.6649393,22.8802633 70.6626918,22.8827185 70.6605754,22.8850864 70.6583761,22.8875478 70.6562043,22.8899353 70.6542274,22.892141 70.652067,22.8945136 70.6501131,22.8966559 70.6479942,22.8990332 70.6469538,22.9003769 70.6452498,22.9026649 70.6432775,22.9052443 70.6413602,22.9077519 70.6390567,22.9108128 70.6373828,22.9130141 70.6355481,22.9154285 70.6338625,22.9176655 70.6320186,22.9200736 70.6299271,22.922828 70.6283997,22.9248769 70.6265489,22.9272933 70.6246661,22.929811 70.6225676,22.9323012 70.6205311,22.9347829 70.6185336,22.9371907 70.6165613,22.9396427 70.6146899,22.9419047 70.6129653,22.944004 70.6113186,22.9460335 70.6096605,22.9480504 70.6075322,22.9506501 70.6053994,22.9532898</coordinates></LineString>
  </Placemark>
  <Placemark>
	<Style><LineStyle><color>ff0000ff</color></LineStyle><PolyStyle><fill>0</fill></PolyStyle></Style>
	<ExtendedData><SchemaData schemaUrl="#132000_voltage_line">
		<SimpleData name="full_id">w139591635</SimpleData>
		<SimpleData name="osm_id">139591635</SimpleData>
		<SimpleData name="osm_type">way</SimpleData>
		<SimpleData name="power">line</SimpleData>
		<SimpleData name="frequency">50</SimpleData>
		<SimpleData name="circuits">2</SimpleData>
		<SimpleData name="cables">6</SimpleData>
		<SimpleData name="voltage">132000</SimpleData>
	</SchemaData></ExtendedData>
      <LineString><coordinates>71.8137671,22.5761464 71.8110401,22.576384 71.8084255,22.5765545 71.8066139,22.5765858 71.8046209,22.5766203 71.8007669,22.576619 71.7977761,22.5766238 71.7948682,22.5766285 71.7919702,22.576641 71.7890706,22.5766619 71.7860834,22.5766854 71.7831696,22.5766958 71.780253,22.5767167 71.7772997,22.5767219 71.7744086,22.5767271 71.7720994,22.5757296 71.7705452,22.5744098 71.7679876,22.5733555 71.7656843,22.5724082 71.7631181,22.5713461 71.7605689,22.5702605 71.7580141,22.5692192 71.7554472,22.5681454 71.7526653,22.5681414 71.7499009,22.5681414 71.7471147,22.5681334 71.7443633,22.5681695 71.7415511,22.5681615 71.738791,22.5681615 71.7359744,22.5681695 71.7332577,22.5681775 71.7304194,22.5681735 71.7276463,22.5681615 71.7249773,22.5681735 71.7223344,22.5681775 71.7195526,22.5681895 71.7168055,22.5681895 71.7139759,22.5681895 71.7112461,22.5682256 71.7083905,22.5681534 71.705561,22.5681374 71.7027097,22.5680813 71.7000321,22.5680693 71.6973126,22.5680794 71.6946705,22.5680255 71.6918196,22.567966 71.689024,22.567932 71.6862169,22.5679063 71.6834872,22.5678782 71.680688,22.5678302 71.6777665,22.5678261 71.6751427,22.5677864 71.6723533,22.5677524 71.6695546,22.5677184 71.6667989,22.5676957 71.6641169,22.5676532 71.6613949,22.5670156 71.6586239,22.5663724 71.6558651,22.5657376 71.6531154,22.5650927 71.6503904,22.5644495 71.6476143,22.563794 71.6449945,22.5631972 71.6436351,22.5628854 71.6421038,22.5625199 71.6393634,22.5618964 71.6366108,22.561239 71.6338786,22.5605825 71.6310893,22.560015 71.6283068,22.5594306 71.6256865,22.5589032 71.6230434,22.5583653 71.6201718,22.5577809 71.6172911,22.557207 71.6145726,22.5566438 71.6118175,22.5560805 71.6090762,22.5555172 71.6063211,22.5549433 71.6034587,22.5543906 71.6007744,22.5538294 71.5980879,22.5532703 71.5951843,22.5526458 71.5924978,22.552093 71.5897199,22.5514707 71.586942,22.5508694 71.5842189,22.5502871 71.5815027,22.5497069 71.5787019,22.5490803 71.5758098,22.5484684 71.5731096,22.547884 71.570334,22.547289 71.5675195,22.5466856 71.5647256,22.5460927 71.5619248,22.5454872 71.5591858,22.5448922 71.5563964,22.5442824 71.5536254,22.5437022 71.5508703,22.5431051 71.5481038,22.5424616 71.5453465,22.541875 71.5427628,22.5413518 71.5399095,22.5416113 71.5370173,22.541856 71.5340824,22.5421145 71.5311697,22.5423719 71.5282433,22.5426356 71.5254562,22.5428741 71.5225413,22.543123 71.5197885,22.5433551 71.5169283,22.5436125 71.5139928,22.5438615 71.511055,22.5441358 71.5081217,22.544389 71.5052387,22.5436378 71.5025202,22.5429352 71.4998383,22.5422432 71.4972683,22.5415764 71.4943236,22.5408063 71.4914794,22.5400742 71.4884914,22.539304 71.4856103,22.5385551 71.4834053,22.5385596 71.4811842,22.5385447 71.4784309,22.5385624 71.475637,22.5385793 71.4728545,22.538594 71.4702503,22.538594 71.4676071,22.5386109 71.46498,22.538632 71.4622272,22.538843 71.4595303,22.5391157 71.4567672,22.539359 71.4540395,22.5395804 71.4513157,22.53982 71.4485604,22.5400523 71.4458248,22.5402738 71.4430774,22.5405134 71.4403143,22.5407384 71.4375905,22.5409744 71.4348546,22.5411913 71.4325513,22.5413874 71.4298865,22.540527 71.4272256,22.5396703 71.4246,22.5388136 71.4219352,22.5379314 71.4192507,22.5370601 71.4166487,22.5361961 71.4139839,22.5353503 71.4113465,22.5344572 71.4086227,22.5335786 71.4059893,22.53274 71.4033598,22.531876 71.400754,22.5310047 71.3980852,22.5301334 71.39544,22.5292729 71.392783,22.5283907 71.3901181,22.5275194 71.3874612,22.526659 71.3849653,22.5269131 71.3826188,22.5271636 71.3802724,22.5274323 71.3780517,22.5276428 71.3752925,22.5279405 71.3725726,22.5282056 71.3701986,22.5284779 71.3675338,22.5292475 71.3647392,22.5291568 71.3619368,22.5290878 71.3591187,22.5289934 71.3563084,22.528928 71.3534863,22.5288482 71.3508136,22.528761 71.3479916,22.5286848 71.3452049,22.5286086 71.3425282,22.5285323 71.3397214,22.52844 71.3370695,22.5293423 71.3344315,22.5302364 71.3317737,22.5311121 71.3291436,22.5319988 71.3265017,22.5329112 71.3238954,22.5337796 71.3212336,22.5346846 71.3186155,22.5355676 71.3159537,22.5364506 71.3132919,22.5373556 71.310757,22.5384988 71.308246,22.5396419 71.3056952,22.5407521 71.3031405,22.5418989 71.3003002,22.5430676 71.2986183,22.542181</coordinates></LineString>
  </Placemark>
  <Placemark>
	<Style><LineStyle><color>ff0000ff</color></LineStyle><PolyStyle><fill>0</fill></PolyStyle></Style>
	<ExtendedData><SchemaData schemaUrl="#132000_voltage_line">
		<SimpleData name="full_id">w652112957</SimpleData>
		<SimpleData name="osm_id">652112957</SimpleData>
		<SimpleData name="osm_type">way</SimpleData>
		<SimpleData name="power">line</SimpleData>
		<SimpleData name="frequency">50</SimpleData>
		<SimpleData name="circuits">2</SimpleData>
		<SimpleData name="cables">4</SimpleData>
		<SimpleData name="voltage">132000</SimpleData>
	</SchemaData></ExtendedData>
      <LineString><coordinates>73.9826865,22.8353275 73.9813001,22.8368262 73.978424,22.8368609 73.9770204,22.8356231 73.9771536,22.8334362 73.9784388,22.8329312 73.9793025,22.8327683</coordinates></LineString>
  </Placemark>
  <Placemark>
	<Style><LineStyle><color>ff0000ff</color></LineStyle><PolyStyle><fill>0</fill></PolyStyle></Style>
	<ExtendedData><SchemaData schemaUrl="#132000_voltage_line">
		<SimpleData name="full_id">w1154004447</SimpleData>
		<SimpleData name="osm_id">1154004447</SimpleData>
		<SimpleData name="osm_type">way</SimpleData>
		<SimpleData name="power">line</SimpleData>
		<SimpleData name="frequency">50</SimpleData>
		<SimpleData name="circuits">2</SimpleData>
		<SimpleData name="cables">6</SimpleData>
		<SimpleData name="voltage">132000</SimpleData>
	</SchemaData></ExtendedData>
      <LineString><coordinates>69.5989627,22.2076499 69.5991149,22.2087043 69.5994079,22.2108857</coordinates></LineString>
  </Placemark>
  <Placemark>
	<Style><LineStyle><color>ff0000ff</color></LineStyle><PolyStyle><fill>0</fill></PolyStyle></Style>
	<ExtendedData><SchemaData schemaUrl="#132000_voltage_line">
		<SimpleData name="full_id">w139591620</SimpleData>
		<SimpleData name="osm_id">139591620</SimpleData>
		<SimpleData name="osm_type">way</SimpleData>
		<SimpleData name="power">line</SimpleData>
		<SimpleData name="frequency">50</SimpleData>
		<SimpleData name="circuits">2</SimpleData>
		<SimpleData name="cables">6</SimpleData>
		<SimpleData name="voltage">132000</SimpleData>
	</SchemaData></ExtendedData>
      <LineString><coordinates>70.7124467,22.265917 70.7125308,22.2648196 70.7136711,22.2623762 70.7155363,22.2603856 70.7173488,22.2584414 70.7193451,22.2563388 70.7213121,22.2542399 70.72434,22.2537761 70.727301,22.2533587 70.7302495,22.2529451 70.732701,22.2525933 70.7350648,22.2522609 70.737366,22.2505872 70.7396296,22.2489058 70.7419182,22.247205 70.744219,22.2455096 70.7464454,22.2438691 70.7490263,22.2419208 70.7514653,22.2401349 70.7539503,22.2383103 70.7564686,22.2364161 70.7589452,22.2346031 70.7613633,22.2327745 70.7634807,22.2305749 70.7656732,22.2282862 70.7679995,22.2258545 70.7699708,22.2237954 70.7719262,22.2217791 70.7738013,22.219804 70.775681,22.2178413 70.7777432,22.2156724 70.7800879,22.2132445 70.7817697,22.211496 70.7839896,22.209167 70.7855018,22.2075202 70.7868901,22.2054392 70.7884758,22.2029814 70.7898975,22.2007809 70.7912516,22.1986529 70.792823,22.1962082 70.7934067,22.1953096 70.7943124,22.1939153 70.7957627,22.1916058 70.7970989,22.1907281 70.7999068,22.1902068 70.8023972,22.1909376 70.8045101,22.1930841 70.8053728,22.1961875 70.8062203,22.1992839 70.8058893,22.2017678 70.8057908,22.2025068 70.8042061,22.2052055</coordinates></LineString>
  </Placemark>
  <Placemark>
	<Style><LineStyle><color>ff0000ff</color></LineStyle><PolyStyle><fill>0</fill></PolyStyle></Style>
	<ExtendedData><SchemaData schemaUrl="#132000_voltage_line">
		<SimpleData name="full_id">w1004410827</SimpleData>
		<SimpleData name="osm_id">1004410827</SimpleData>
		<SimpleData name="osm_type">way</SimpleData>
		<SimpleData name="power">line</SimpleData>
		<SimpleData name="frequency">50</SimpleData>
		<SimpleData name="circuits">1</SimpleData>
		<SimpleData name="cables">3</SimpleData>
		<SimpleData name="voltage">132000</SimpleData>
	</SchemaData></ExtendedData>
      <LineString><coordinates>71.8925338,22.1195639 71.8933899,22.1218887 71.8942566,22.1242108 71.8951195,22.1265537 71.8960124,22.1288654 71.8968865,22.1312532 71.8977682,22.1336513 71.898661,22.1359628 71.899542,22.1382704 71.9004453,22.1406586 71.9013382,22.1428623 71.9022123,22.1453911 71.901684,22.1472357 71.9009407,22.1498067 71.9002405,22.1523304 71.8995195,22.154873 71.8987762,22.1573912 71.898059,22.1599321 71.8973537,22.1624427 71.8971203,22.165137 71.8968494,22.1680084 71.8954095,22.1687943</coordinates></LineString>
  </Placemark>
  <Placemark>
	<Style><LineStyle><color>ff0000ff</color></LineStyle><PolyStyle><fill>0</fill></PolyStyle></Style>
	<ExtendedData><SchemaData schemaUrl="#132000_voltage_line">
		<SimpleData name="full_id">w139729652</SimpleData>
		<SimpleData name="osm_id">139729652</SimpleData>
		<SimpleData name="osm_type">way</SimpleData>
		<SimpleData name="power">line</SimpleData>
		<SimpleData name="frequency">50</SimpleData>
		<SimpleData name="circuits">2</SimpleData>
		<SimpleData name="cables">6</SimpleData>
		<SimpleData name="voltage">132000</SimpleData>
	</SchemaData></ExtendedData>
      <LineString><coordinates>70.3023562,21.7592379 70.3019667,21.7623755 70.301622,21.7637935 70.3015134,21.7642522 70.3011315,21.7655179 70.3004729,21.7690448 70.2999193,21.7719729 70.2993448,21.7751353 70.2987742,21.778234 70.2981874,21.7813979 70.297725,21.7839736 70.2971679,21.7870739 70.2966064,21.7900454 70.2960992,21.7927617 70.2956612,21.7951331 70.2937169,21.7976801 70.2916394,21.8004125 70.2902661,21.8021983 70.2885284,21.8045013 70.2868012,21.8066611 70.2848989,21.8090615 70.2830316,21.8114229 70.2820156,21.8146267 70.2811818,21.8172514 70.2802429,21.8202338 70.279276,21.823278 70.2783931,21.8261303 70.2773596,21.8294508 70.2743432,21.8320882 70.2712042,21.8337435 70.2682474,21.8353566 70.265252,21.8369533 70.2629643,21.838176 70.2625334,21.8404979 70.2619133,21.8437595 70.2613948,21.8465138 70.2608973,21.849164 70.2603697,21.851927 70.2597902,21.8549617 70.2581023,21.856251 70.2561292,21.857758 70.2535561,21.8597538</coordinates></LineString>
  </Placemark>
  <Placemark>
	<Style><LineStyle><color>ff0000ff</color></LineStyle><PolyStyle><fill>0</fill></PolyStyle></Style>
	<ExtendedData><SchemaData schemaUrl="#132000_voltage_line">
		<SimpleData name="full_id">w139729671</SimpleData>
		<SimpleData name="osm_id">139729671</SimpleData>
		<SimpleData name="osm_type">way</SimpleData>
		<SimpleData name="power">line</SimpleData>
		<SimpleData name="frequency">50</SimpleData>
		<SimpleData name="circuits">1</SimpleData>
		<SimpleData name="cables">3</SimpleData>
		<SimpleData name="voltage">132000</SimpleData>
	</SchemaData></ExtendedData>
      <LineString><coordinates>70.5384098,21.0653293 70.537602,21.0660992 70.5379808,21.0685697 70.5383491,21.0710006 70.5387469,21.0735873 70.5390964,21.0760442 70.5394446,21.078477 70.5398379,21.0811067 70.5402258,21.0835672 70.5400291,21.0861728 70.5398551,21.0887879 70.5396906,21.0914155 70.5394697,21.0940247 70.5392904,21.0966431 70.5391128,21.0992718 70.5389115,21.1018878 70.5387273,21.1044854 70.5385457,21.1071218 70.5383689,21.109717 70.5381921,21.1122686 70.537895,21.1144194 70.5375758,21.116735 70.5372738,21.1190438 70.5369644,21.1213731 70.536633,21.1236817 70.5363285,21.1259926 70.5360192,21.1282989 70.5357122,21.1306533 70.5353496,21.1332472 70.5350291,21.1356248 70.534665,21.1383263 70.5343483,21.1406553 70.533975,21.1433713 70.5336018,21.1460643 70.5332434,21.1488146 70.5328898,21.151377 70.5325387,21.1540744 70.5322023,21.1566161 70.5318463,21.1592173 70.5315148,21.1615987 70.5311415,21.1642245 70.5307786,21.1668797 70.5304765,21.1692205 70.5296613,21.1717482 70.5287921,21.1743056 70.5279328,21.1768539 70.5270857,21.1794662 70.5262141,21.1820624 70.5253523,21.1846379 70.5245027,21.1871791 70.5236925,21.1897248 70.5228331,21.1923117 70.5224378,21.194182 70.5218584,21.1968283 70.5213108,21.1993785 70.5207633,21.2020201 70.5202944,21.2041535 70.5196943,21.2070144 70.5191032,21.2098542 70.5186317,21.2122324 70.5180818,21.214677 70.517576,21.2170117 70.5171217,21.2192387 70.516611,21.2216008 70.5161845,21.2236044 70.5156191,21.2262493 70.5150492,21.2289151 70.5145478,21.2313514 70.5141467,21.2331849 70.5137293,21.2352332 70.5131818,21.2378513 70.5126097,21.2404488 70.5120646,21.2431217 70.5115883,21.245353 70.5110678,21.2477764 70.5105325,21.2503989 70.5099776,21.2530236 70.5094694,21.255376 70.5090544,21.2573393 70.5085719,21.2596547 70.5066671,21.2612979 70.5045979,21.2630855 70.5024486,21.264943 70.5002733,21.2667932 70.4984024,21.2684641 70.4965338,21.2700344 70.494658,21.2716428 70.4928653,21.273217 70.4926121,21.2759817 70.4923731,21.278591 70.4921482,21.281047 70.4919198,21.2835407 70.4917276,21.2856392 70.4923188,21.2878652 70.4930121,21.2904759 70.4936216,21.2927859 70.4941737,21.2949648 70.4947535,21.2971049 70.4952848,21.2991463 70.4957987,21.3011586 70.4963196,21.3031368 70.4968786,21.3052946 70.4974397,21.3074603 70.4981147,21.3099934 70.4986859,21.3121332 70.4992641,21.314362 70.499936,21.3169224 70.5006079,21.3194551 70.5012511,21.3219195 70.5019077,21.3244347 70.5025703,21.3269907 70.5032356,21.3295386 70.503901,21.3320498 70.5045247,21.3344741 70.5046131,21.3368961 70.5046892,21.3395741 70.5047677,21.3421469 70.5048439,21.3448135 70.5049347,21.3474296 70.5050059,21.3500641 70.5051017,21.352719 70.5058235,21.3552184 70.5065405,21.3577132 70.5072697,21.3602377 70.5080063,21.3627644 70.5087011,21.365243 70.5094377,21.3677605 70.5101571,21.3702528 70.5108913,21.3727748 70.5111934,21.3753839 70.5114959,21.3779964 70.5117574,21.3802551 70.5120317,21.3828258 70.512337,21.3854795 70.5126404,21.3881357 70.5129449,21.390801 70.5132476,21.3934092 70.5133091,21.3959456 70.5133561,21.3985621 70.5134139,21.4010231 70.5134619,21.403067 70.5135182,21.405837 70.5135709,21.4084315 70.513619,21.4110285 70.512407,21.4133808 70.5111821,21.4157569 70.5099701,21.418121 70.5087389,21.4204672 70.5075589,21.4227327 70.5063212,21.4250669 70.5041768,21.4267169 70.5021173,21.4282971 70.4999754,21.4299536 70.497763,21.4316131 70.4956018,21.4332786 70.4934343,21.434944 70.4912604,21.4365826 70.4890797,21.438243 70.4869093,21.4398955 70.4847319,21.4415626 70.4825439,21.4432219 70.4804071,21.4448622 70.4782298,21.4465074 70.4770166,21.4488804 70.475796,21.4512476 70.474575,21.4536006 70.4733615,21.4559631 70.4720824,21.4584532 70.4708664,21.4608205 70.4701735,21.4621695</coordinates></LineString>
  </Placemark>
  <Placemark>
	<Style><LineStyle><color>ff0000ff</color></LineStyle><PolyStyle><fill>0</fill></PolyStyle></Style>
	<ExtendedData><SchemaData schemaUrl="#132000_voltage_line">
		<SimpleData name="full_id">w643577731</SimpleData>
		<SimpleData name="osm_id">643577731</SimpleData>
		<SimpleData name="osm_type">way</SimpleData>
		<SimpleData name="power">line</SimpleData>
		<SimpleData name="voltage">132000</SimpleData>
	</SchemaData></ExtendedData>
      <LineString><coordinates>73.1175207,22.0287825 73.1194156,22.0294091 73.1219852,22.0298044 73.1231493,22.0304732 73.1239244,22.0345931 73.1250966,22.0354807 73.1266522,22.0366492 73.1283072,22.0378948 73.1298467,22.0390559 73.1304127,22.0408758 73.1310296,22.0430437 73.1320596,22.0463751</coordinates></LineString>
  </Placemark>
  <Placemark>
	<Style><LineStyle><color>ff0000ff</color></LineStyle><PolyStyle><fill>0</fill></PolyStyle></Style>
	<ExtendedData><SchemaData schemaUrl="#132000_voltage_line">
		<SimpleData name="full_id">w139729633</SimpleData>
		<SimpleData name="osm_id">139729633</SimpleData>
		<SimpleData name="osm_type">way</SimpleData>
		<SimpleData name="power">line</SimpleData>
		<SimpleData name="frequency">50</SimpleData>
		<SimpleData name="circuits">2</SimpleData>
		<SimpleData name="cables">6</SimpleData>
		<SimpleData name="voltage">132000</SimpleData>
	</SchemaData></ExtendedData>
      <LineString><coordinates>70.1212157,22.4482923 70.1210912,22.4503938 70.1210244,22.4534075 70.1209487,22.4534458</coordinates></LineString>
  </Placemark>
  <Placemark>
	<Style><LineStyle><color>ff0000ff</color></LineStyle><PolyStyle><fill>0</fill></PolyStyle></Style>
	<ExtendedData><SchemaData schemaUrl="#132000_voltage_line">
		<SimpleData name="full_id">w1004795265</SimpleData>
		<SimpleData name="osm_id">1004795265</SimpleData>
		<SimpleData name="osm_type">way</SimpleData>
		<SimpleData name="power">line</SimpleData>
		<SimpleData name="frequency">50</SimpleData>
		<SimpleData name="circuits">2</SimpleData>
		<SimpleData name="cables">6</SimpleData>
		<SimpleData name="voltage">132000</SimpleData>
	</SchemaData></ExtendedData>
      <LineString><coordinates>71.5714934,22.2603977 71.5736336,22.2613601 71.5757511,22.2613977 71.5780907,22.261442 71.5806368,22.2614889 71.5832545,22.2615327 71.5859498,22.2615999 71.5885201,22.2616359 71.5913321,22.2616938 71.5939649,22.2617376 71.5966822,22.262044 71.5994042,22.2623359 71.6021311,22.262619 71.6048244,22.2629132 71.607556,22.263225 71.610247,22.263517 71.6129977,22.2638134 71.6157986,22.2641075 71.6184466,22.2648551 71.6211949,22.2656336 71.6238524,22.26637 71.6265625,22.2671397 71.6292368,22.2678939 71.6319278,22.2686414 71.6345375,22.2693668 71.6373073,22.2701519 71.6399983,22.2708817 71.6426681,22.2716506</coordinates></LineString>
  </Placemark>
  <Placemark>
	<Style><LineStyle><color>ff0000ff</color></LineStyle><PolyStyle><fill>0</fill></PolyStyle></Style>
	<ExtendedData><SchemaData schemaUrl="#132000_voltage_line">
		<SimpleData name="full_id">w139729588</SimpleData>
		<SimpleData name="osm_id">139729588</SimpleData>
		<SimpleData name="osm_type">way</SimpleData>
		<SimpleData name="power">line</SimpleData>
		<SimpleData name="frequency">50</SimpleData>
		<SimpleData name="circuits">2</SimpleData>
		<SimpleData name="cables">6</SimpleData>
		<SimpleData name="voltage">132000</SimpleData>
	</SchemaData></ExtendedData>
      <LineString><coordinates>70.120708,22.4483332 70.120518,22.4496197 70.1200145,22.4497992 70.11851,22.4492471 70.1161679,22.4471667 70.1141887,22.444826 70.1119642,22.4422074 70.1097782,22.4396085 70.1076608,22.4377029 70.1052691,22.4355715 70.1026759,22.4333132 70.1002638,22.431883 70.0990705,22.4311731 70.0965571,22.4303902 70.0934573,22.4293981 70.0907895,22.4285803 70.0877206,22.4276009 70.0845076,22.4266088 70.0812638,22.4264091 70.0781228,22.4262253 70.0752562,22.426108 70.0722593,22.425883 70.0690257,22.425696 70.065631,22.4255692 70.0627932,22.4249179</coordinates></LineString>
  </Placemark>
  <Placemark>
	<Style><LineStyle><color>ff0000ff</color></LineStyle><PolyStyle><fill>0</fill></PolyStyle></Style>
	<ExtendedData><SchemaData schemaUrl="#132000_voltage_line">
		<SimpleData name="full_id">w139729592</SimpleData>
		<SimpleData name="osm_id">139729592</SimpleData>
		<SimpleData name="osm_type">way</SimpleData>
		<SimpleData name="power">line</SimpleData>
		<SimpleData name="frequency">50</SimpleData>
		<SimpleData name="circuits">2</SimpleData>
		<SimpleData name="cables">6</SimpleData>
		<SimpleData name="voltage">132000</SimpleData>
	</SchemaData></ExtendedData>
      <LineString><coordinates>69.2638394,22.0968983 69.262626,22.0956027 69.2622812,22.0940309 69.2619734,22.0926275 69.2613962,22.0897705 69.2607842,22.0868409 69.2601634,22.0838468 69.260402,22.0829705 69.2611272,22.0800509 69.2618523,22.0771278 69.2625303,22.0743787 69.2631365,22.0718869 69.2637921,22.0693575 69.2652018,22.0669382 69.2669044,22.0640807 69.2686332,22.0612177 69.2682126,22.0581935 69.267763,22.0551691 69.2673233,22.0521836 69.2668853,22.0492586 69.2664966,22.0466186 69.2660586,22.0438171 69.2652958,22.0411366 69.2644575,22.0383834 69.2637266,22.0357996 69.2628361,22.0328689 69.2620906,22.030328 69.2608028,22.0291422 69.2607683,22.0289343</coordinates></LineString>
  </Placemark>
</Folder>
</Document></kml>
