<?xml version="1.0" encoding="utf-8" ?>
<kml xmlns="http://www.opengis.net/kml/2.2">
<Document id="root_doc">
<Schema name="765000_voltage_line" id="765000_voltage_line">
	<SimpleField name="Description" type="string"></SimpleField>
	<SimpleField name="full_id" type="string"></SimpleField>
	<SimpleField name="osm_id" type="string"></SimpleField>
	<SimpleField name="osm_type" type="string"></SimpleField>
	<SimpleField name="power" type="string"></SimpleField>
	<SimpleField name="floating" type="string"></SimpleField>
	<SimpleField name="site" type="string"></SimpleField>
	<SimpleField name="level" type="string"></SimpleField>
	<SimpleField name="generator_" type="string"></SimpleField>
	<SimpleField name="layer" type="string"></SimpleField>
	<SimpleField name="width" type="string"></SimpleField>
	<SimpleField name="colour" type="string"></SimpleField>
	<SimpleField name="operator_w" type="string"></SimpleField>
	<SimpleField name="operator_s" type="string"></SimpleField>
	<SimpleField name="ref" type="string"></SimpleField>
	<SimpleField name="plant_type" type="string"></SimpleField>
	<SimpleField name="wikipedia" type="string"></SimpleField>
	<SimpleField name="wikidata" type="string"></SimpleField>
	<SimpleField name="plant_sour" type="string"></SimpleField>
	<SimpleField name="plant_outp" type="string"></SimpleField>
	<SimpleField name="plant_meth" type="string"></SimpleField>
	<SimpleField name="wires" type="string"></SimpleField>
	<SimpleField name="line" type="string"></SimpleField>
	<SimpleField name="generato_1" type="string"></SimpleField>
	<SimpleField name="generato_2" type="string"></SimpleField>
	<SimpleField name="generato_3" type="string"></SimpleField>
	<SimpleField name="generato_4" type="string"></SimpleField>
	<SimpleField name="operator" type="string"></SimpleField>
	<SimpleField name="barrier" type="string"></SimpleField>
	<SimpleField name="location" type="string"></SimpleField>
	<SimpleField name="frequency" type="string"></SimpleField>
	<SimpleField name="circuits" type="string"></SimpleField>
	<SimpleField name="cables" type="string"></SimpleField>
	<SimpleField name="substation" type="string"></SimpleField>
	<SimpleField name="voltage" type="string"></SimpleField>
</Schema>
<Folder><name>765000_voltage_line</name>
  <Placemark>
	<Style><LineStyle><color>ff0000ff</color></LineStyle><PolyStyle><fill>0</fill></PolyStyle></Style>
	<ExtendedData><SchemaData schemaUrl="#765000_voltage_line">
		<SimpleData name="full_id">w1379146109</SimpleData>
		<SimpleData name="osm_id">1379146109</SimpleData>
		<SimpleData name="osm_type">way</SimpleData>
		<SimpleData name="power">line</SimpleData>
		<SimpleData name="cables">3</SimpleData>
		<SimpleData name="voltage">765000</SimpleData>
	</SchemaData></ExtendedData>
      <LineString><coordinates>69.3413832,24.098132 69.3413776,24.0978704 69.3410848,24.0978748 69.3410855,24.0978079 69.3410933,24.0976821</coordinates></LineString>
  </Placemark>
  <Placemark>
	<Style><LineStyle><color>ff0000ff</color></LineStyle><PolyStyle><fill>0</fill></PolyStyle></Style>
	<ExtendedData><SchemaData schemaUrl="#765000_voltage_line">
		<SimpleData name="full_id">w1530202393</SimpleData>
		<SimpleData name="osm_id">1530202393</SimpleData>
		<SimpleData name="osm_type">way</SimpleData>
		<SimpleData name="power">line</SimpleData>
		<SimpleData name="frequency">50</SimpleData>
		<SimpleData name="circuits">2</SimpleData>
		<SimpleData name="cables">6</SimpleData>
		<SimpleData name="voltage">765000</SimpleData>
	</SchemaData></ExtendedData>
      <LineString><coordinates>69.5400292,24.0711813 69.536604,24.0722686 69.531835,24.072134 69.5275187,24.0720121</coordinates></LineString>
  </Placemark>
  <Placemark>
	<Style><LineStyle><color>ff0000ff</color></LineStyle><PolyStyle><fill>0</fill></PolyStyle></Style>
	<ExtendedData><SchemaData schemaUrl="#765000_voltage_line">
		<SimpleData name="full_id">w1530202394</SimpleData>
		<SimpleData name="osm_id">1530202394</SimpleData>
		<SimpleData name="osm_type">way</SimpleData>
		<SimpleData name="power">line</SimpleData>
		<SimpleData name="frequency">50</SimpleData>
		<SimpleData name="circuits">1</SimpleData>
		<SimpleData name="cables">3</SimpleData>
		<SimpleData name="voltage">765000</SimpleData>
	</SchemaData></ExtendedData>
      <LineString><coordinates>69.5413274,24.0673756 69.5409384,24.0689405 69.5412093,24.0698074 69.5400292,24.0711813</coordinates></LineString>
  </Placemark>
  <Placemark>
	<Style><LineStyle><color>ff0000ff</color></LineStyle><PolyStyle><fill>0</fill></PolyStyle></Style>
	<ExtendedData><SchemaData schemaUrl="#765000_voltage_line">
		<SimpleData name="full_id">w1530202395</SimpleData>
		<SimpleData name="osm_id">1530202395</SimpleData>
		<SimpleData name="osm_type">way</SimpleData>
		<SimpleData name="power">line</SimpleData>
		<SimpleData name="frequency">50</SimpleData>
		<SimpleData name="circuits">1</SimpleData>
		<SimpleData name="cables">3</SimpleData>
		<SimpleData name="voltage">765000</SimpleData>
	</SchemaData></ExtendedData>
      <LineString><coordinates>69.5400292,24.0711813 69.5403296,24.0699813 69.5400453,24.0692148 69.5413274,24.0673756</coordinates></LineString>
  </Placemark>
  <Placemark>
	<Style><LineStyle><color>ff0000ff</color></LineStyle><PolyStyle><fill>0</fill></PolyStyle></Style>
	<ExtendedData><SchemaData schemaUrl="#765000_voltage_line">
		<SimpleData name="full_id">w1530202397</SimpleData>
		<SimpleData name="osm_id">1530202397</SimpleData>
		<SimpleData name="osm_type">way</SimpleData>
		<SimpleData name="power">line</SimpleData>
		<SimpleData name="frequency">50</SimpleData>
		<SimpleData name="circuits">2</SimpleData>
		<SimpleData name="cables">6</SimpleData>
		<SimpleData name="voltage">765000</SimpleData>
	</SchemaData></ExtendedData>
      <LineString><coordinates>69.6889347,23.9914967 69.6858716,23.9945451 69.6821916,23.997167</coordinates></LineString>
  </Placemark>
  <Placemark>
	<Style><LineStyle><color>ff0000ff</color></LineStyle><PolyStyle><fill>0</fill></PolyStyle></Style>
	<ExtendedData><SchemaData schemaUrl="#765000_voltage_line">
		<SimpleData name="full_id">w1379146101</SimpleData>
		<SimpleData name="osm_id">1379146101</SimpleData>
		<SimpleData name="osm_type">way</SimpleData>
		<SimpleData name="power">line</SimpleData>
		<SimpleData name="cables">6</SimpleData>
		<SimpleData name="voltage">765000</SimpleData>
	</SchemaData></ExtendedData>
      <LineString><coordinates>69.3407315,24.0976857 69.3407932,24.0976851 69.3408574,24.0976845 69.3410667,24.0976824 69.3410933,24.0976821 69.3411436,24.0976816 69.3411838,24.0976812 69.3413429,24.0976797</coordinates></LineString>
  </Placemark>
  <Placemark>
	<Style><LineStyle><color>ff0000ff</color></LineStyle><PolyStyle><fill>0</fill></PolyStyle></Style>
	<ExtendedData><SchemaData schemaUrl="#765000_voltage_line">
		<SimpleData name="full_id">w1530202398</SimpleData>
		<SimpleData name="osm_id">1530202398</SimpleData>
		<SimpleData name="osm_type">way</SimpleData>
		<SimpleData name="power">line</SimpleData>
		<SimpleData name="frequency">50</SimpleData>
		<SimpleData name="circuits">1</SimpleData>
		<SimpleData name="cables">3</SimpleData>
		<SimpleData name="voltage">765000</SimpleData>
	</SchemaData></ExtendedData>
      <LineString><coordinates>69.6930277,23.9914477 69.6916759,23.990889 69.6907559,23.9907787 69.6889347,23.9914967</coordinates></LineString>
  </Placemark>
  <Placemark>
	<Style><LineStyle><color>ff0000ff</color></LineStyle><PolyStyle><fill>0</fill></PolyStyle></Style>
	<ExtendedData><SchemaData schemaUrl="#765000_voltage_line">
		<SimpleData name="full_id">w1530202399</SimpleData>
		<SimpleData name="osm_id">1530202399</SimpleData>
		<SimpleData name="osm_type">way</SimpleData>
		<SimpleData name="power">line</SimpleData>
		<SimpleData name="frequency">50</SimpleData>
		<SimpleData name="circuits">1</SimpleData>
		<SimpleData name="cables">3</SimpleData>
		<SimpleData name="voltage">765000</SimpleData>
	</SchemaData></ExtendedData>
      <LineString><coordinates>69.6889347,23.9914967 69.6903187,23.9915359 69.691236,23.9917099 69.6930277,23.9914477</coordinates></LineString>
  </Placemark>
  <Placemark>
	<Style><LineStyle><color>ff0000ff</color></LineStyle><PolyStyle><fill>0</fill></PolyStyle></Style>
	<ExtendedData><SchemaData schemaUrl="#765000_voltage_line">
		<SimpleData name="full_id">w1379146103</SimpleData>
		<SimpleData name="osm_id">1379146103</SimpleData>
		<SimpleData name="osm_type">way</SimpleData>
		<SimpleData name="power">line</SimpleData>
		<SimpleData name="cables">3</SimpleData>
		<SimpleData name="voltage">765000</SimpleData>
	</SchemaData></ExtendedData>
      <LineString><coordinates>69.3410933,24.0976821 69.341096,24.0975898 69.3411041,24.0975005 69.3415392,24.0975034 69.3415412,24.0974075 69.3412507,24.0960922 69.3410023,24.0973974 69.3410023,24.0975468 69.341064,24.0975443 69.3410667,24.09759 69.3410667,24.0976824</coordinates></LineString>
  </Placemark>
  <Placemark>
	<Style><LineStyle><color>ff0000ff</color></LineStyle><PolyStyle><fill>0</fill></PolyStyle></Style>
	<ExtendedData><SchemaData schemaUrl="#765000_voltage_line">
		<SimpleData name="full_id">w1379146104</SimpleData>
		<SimpleData name="osm_id">1379146104</SimpleData>
		<SimpleData name="osm_type">way</SimpleData>
		<SimpleData name="power">line</SimpleData>
		<SimpleData name="cables">3</SimpleData>
		<SimpleData name="voltage">765000</SimpleData>
	</SchemaData></ExtendedData>
      <LineString><coordinates>69.3407932,24.0976851 69.3407958,24.0978104 69.3407958,24.0978773 69.340321,24.0978847 69.3403264,24.0981344</coordinates></LineString>
  </Placemark>
  <Placemark>
	<Style><LineStyle><color>ff0000ff</color></LineStyle><PolyStyle><fill>0</fill></PolyStyle></Style>
	<ExtendedData><SchemaData schemaUrl="#765000_voltage_line">
		<SimpleData name="full_id">w1379146105</SimpleData>
		<SimpleData name="osm_id">1379146105</SimpleData>
		<SimpleData name="osm_type">way</SimpleData>
		<SimpleData name="power">line</SimpleData>
		<SimpleData name="cables">3</SimpleData>
		<SimpleData name="voltage">765000</SimpleData>
	</SchemaData></ExtendedData>
      <LineString><coordinates>69.3408574,24.0976845 69.3408574,24.0978099 69.3408548,24.0981295</coordinates></LineString>
  </Placemark>
  <Placemark>
	<Style><LineStyle><color>ff0000ff</color></LineStyle><PolyStyle><fill>0</fill></PolyStyle></Style>
	<ExtendedData><SchemaData schemaUrl="#765000_voltage_line">
		<SimpleData name="full_id">w1349330414</SimpleData>
		<SimpleData name="osm_id">1349330414</SimpleData>
		<SimpleData name="osm_type">way</SimpleData>
		<SimpleData name="power">line</SimpleData>
		<SimpleData name="cables">3</SimpleData>
		<SimpleData name="voltage">765000</SimpleData>
	</SchemaData></ExtendedData>
      <LineString><coordinates>73.3783065,22.3181919 73.378296,22.3182684 73.3782793,22.3186085 73.3784348,22.3186283 73.3783758,22.3190849</coordinates></LineString>
  </Placemark>
  <Placemark>
	<Style><LineStyle><color>ff0000ff</color></LineStyle><PolyStyle><fill>0</fill></PolyStyle></Style>
	<ExtendedData><SchemaData schemaUrl="#765000_voltage_line">
		<SimpleData name="full_id">w1349330415</SimpleData>
		<SimpleData name="osm_id">1349330415</SimpleData>
		<SimpleData name="osm_type">way</SimpleData>
		<SimpleData name="power">line</SimpleData>
		<SimpleData name="cables">3</SimpleData>
		<SimpleData name="voltage">765000</SimpleData>
	</SchemaData></ExtendedData>
      <LineString><coordinates>73.3770936,22.3181092 73.377095,22.3181818 73.3770723,22.3183405 73.3765037,22.3182909 73.3764446,22.3189459 73.3765644,22.3198376 73.3769113,22.3189856 73.376965,22.3184497 73.377362,22.3184745 73.3773952,22.3182034 73.3773932,22.3181296</coordinates></LineString>
  </Placemark>
  <Placemark>
	<Style><LineStyle><color>ff0000ff</color></LineStyle><PolyStyle><fill>0</fill></PolyStyle></Style>
	<ExtendedData><SchemaData schemaUrl="#765000_voltage_line">
		<SimpleData name="full_id">w1349330416</SimpleData>
		<SimpleData name="osm_id">1349330416</SimpleData>
		<SimpleData name="osm_type">way</SimpleData>
		<SimpleData name="power">line</SimpleData>
		<SimpleData name="cables">3</SimpleData>
		<SimpleData name="voltage">765000</SimpleData>
	</SchemaData></ExtendedData>
      <LineString><coordinates>73.3777694,22.3181553 73.3777591,22.3182297 73.377716,22.3186978 73.3774639,22.3186779 73.3774263,22.3190253 73.3775702,22.3198666 73.3779199,22.3190551 73.3779842,22.3186035 73.3780203,22.3182485 73.378032,22.3181732</coordinates></LineString>
  </Placemark>
  <Placemark>
	<Style><LineStyle><color>ff0000ff</color></LineStyle><PolyStyle><fill>0</fill></PolyStyle></Style>
	<ExtendedData><SchemaData schemaUrl="#765000_voltage_line">
		<SimpleData name="full_id">w1223453680</SimpleData>
		<SimpleData name="osm_id">1223453680</SimpleData>
		<SimpleData name="osm_type">way</SimpleData>
		<SimpleData name="power">line</SimpleData>
		<SimpleData name="frequency">50</SimpleData>
		<SimpleData name="circuits">2</SimpleData>
		<SimpleData name="cables">6</SimpleData>
		<SimpleData name="voltage">765000</SimpleData>
	</SchemaData></ExtendedData>
      <LineString><coordinates>69.5898925,23.4526201 69.5883919,23.4521483 69.5855537,23.4543133 69.5859145,23.4567279 69.5893066,23.4579282 69.5926752,23.4592255 69.5961916,23.4605796 69.5998585,23.4619669 69.6039516,23.4619472 69.6080527,23.4618685 69.6120733,23.4618057 69.6162199,23.4617408 69.6201895,23.4616916 69.6243256,23.4616716 69.6283917,23.4615873 69.6326617,23.4614988 69.6365749,23.4614177 69.6384126,23.4633792 69.6384074,23.4656323 69.6404833,23.4682754 69.6406281,23.4702387 69.6419477,23.4737249 69.6432137,23.4770536 69.6444315,23.4802517 69.6458879,23.4834351 69.6474065,23.4866853 69.6489832,23.4900599 69.6505752,23.4935536 69.6521831,23.4969204 69.6538112,23.5003297 69.6553963,23.5038102 69.6569654,23.507234 69.6585613,23.5106258 69.6593124,23.5140691 69.6602082,23.517773 69.6610665,23.5213342 69.6618926,23.5248904 69.6627778,23.5285153 69.6636093,23.532145 69.6644354,23.5356714 69.6652991,23.539301 69.6661788,23.5429452 69.6670318,23.5465647 69.6679437,23.5502234 69.6687859,23.5537051 69.6695799,23.5573489 69.6703148,23.5610123 69.6711302,23.5646411 69.6719402,23.5684026 69.6727073,23.5720263 69.6735817,23.5756795 69.674381,23.5793178 69.6751535,23.5829854 69.6759528,23.5866334 69.6767628,23.5902418 69.6775567,23.5938994 69.6783292,23.5975617 69.6791017,23.6011552 69.6799064,23.6047337 69.6807057,23.6083516 69.6815103,23.6120135 69.6822882,23.6156852 69.6830875,23.6193224 69.683876,23.6229988 69.6847182,23.6266603 69.6855229,23.6302922 69.68629,23.6339487 69.6870732,23.637605 69.6878564,23.6411334 69.6887416,23.6447257 69.6896696,23.6483424 69.6905869,23.6520229 69.691456,23.6556541 69.6923625,23.6592804 69.6932906,23.662834 69.6942127,23.6665646 69.6948945,23.6693232 69.6963939,23.6727673 69.6978316,23.6760885 69.6992961,23.6794194 69.7006479,23.6826028 69.70204,23.6857493 69.7034079,23.6889203 69.7048187,23.6920569 69.7061893,23.6953456 69.7075948,23.6987055 69.7090057,23.7020554 69.7104514,23.7054004 69.7117603,23.7085783 69.7131228,23.7119133 69.7145873,23.7153464 69.7160169,23.7188409 69.7174573,23.7222812 69.718895,23.725773 69.720338,23.729245 69.7217756,23.7327022 69.723267,23.7362527 69.7246724,23.7396508 69.724946,23.743422 69.7252947,23.7471931 69.7255415,23.7508806 69.7259009,23.7545042 69.7261208,23.7583388 69.7264105,23.7620162 69.7267055,23.7656837 69.7269845,23.7694688 69.7273225,23.7731705 69.7275531,23.7770291 69.7271723,23.7807796 69.7268289,23.7844661 69.7264695,23.7881722 69.7261369,23.7918831 69.7257829,23.7956627 69.7254664,23.7994224 69.7251069,23.8030839 69.7247797,23.8066472 69.7235942,23.8082521 69.7232616,23.8111722 69.7228002,23.8141218 69.7223872,23.8172627 69.7219956,23.8207716 69.7224086,23.8232792 69.7204935,23.8259488 69.7186911,23.8287312 69.7169316,23.8312878 69.7151613,23.8339277 69.7134662,23.8364793 69.7130853,23.8383047 69.7122914,23.8420092 69.7116047,23.8454487 69.7108537,23.8489765 69.7100651,23.8527151 69.7094214,23.8558943 69.7086918,23.8593432 69.7080105,23.8627921 69.7083539,23.8660642 69.7088313,23.8697533 69.7092766,23.8735551 69.7097272,23.877293 69.7100919,23.8805353 69.7104245,23.8837138 69.7116047,23.8868481 69.712801,23.8899284 69.7140026,23.8930871 69.7152632,23.8963241 69.7165668,23.8997377 69.7177899,23.9028372 69.7190773,23.9062898 69.7204131,23.9096492 69.7201824,23.9133076 69.7199035,23.917113 69.7197533,23.9207515 69.7194689,23.924493 69.7191632,23.9281411 69.7178972,23.9319363 69.7167331,23.9353195 69.7155261,23.9387712 69.7142333,23.9425366 69.7127044,23.9460323 69.7111863,23.9495082 69.7094858,23.9534302 69.7077852,23.9573913 69.7061169,23.961215 69.7043574,23.9651661 69.7026247,23.9690631 69.7009081,23.9730188 69.6991968,23.9769352 69.6972281,23.9804397 69.695211,23.9839441 69.693135,23.9875171 69.6910644,23.9911537 69.6889561,23.9948392 69.6867889,23.9985686 69.6846914,24.002298 69.6825671,24.0060273 69.6804053,24.0097613 69.67834,24.0134512 69.6752822,24.0158032 69.6721977,24.0182042 69.6689683,24.0206493 69.6655619,24.0223495 69.6621609,24.024035 69.6581751,24.0258283 69.6547472,24.0273129 69.650799,24.0290914 69.6465343,24.0303457 69.6424574,24.0316 69.6380478,24.0328689 69.6337777,24.0342456 69.6328175,24.0377927 69.6319967,24.0408106 69.6310526,24.0444359 69.6302372,24.0460133 69.6262997,24.0468706 69.6222335,24.0477524 69.6183121,24.0486293 69.61438,24.0494915 69.6104371,24.0504026 69.6065372,24.0512648 69.602884,24.0520878 69.5992255,24.0529303 69.5953631,24.053817 69.5915008,24.0546693 69.5877135,24.0554727 69.5839101,24.0563348 69.5803213,24.0571431 69.5765877,24.0580003 69.5726341,24.0588869 69.5692867,24.059945 69.566052,24.0610716 69.5623344,24.0622864 69.55859,24.0635011 69.5548403,24.0647943 69.5513588,24.0659355 69.5478076,24.0671209 69.54431,24.0682474 69.5407265,24.0694817 69.5370465,24.0706425 69.5334685,24.0703878 69.5296705,24.0701087 69.5256847,24.069854 69.5216721,24.0695748 69.5179117,24.0692809 69.5141512,24.0690262 69.5102084,24.0687176 69.5062172,24.0684629 69.5023549,24.0681838 69.4984388,24.0679388 69.4944906,24.0676401 69.4905209,24.0673413 69.4865084,24.067067 69.4824636,24.0667633 69.4784296,24.0664792 69.4745082,24.0661853 69.4705224,24.0658963 69.4665366,24.0656123 69.4625509,24.0653282 69.4585812,24.0650441 69.4546169,24.0647502 69.4507277,24.0644955 69.4467473,24.0641722 69.4427991,24.0639077 69.4387919,24.0635991 69.4345808,24.0632856 69.430595,24.0630407 69.4270223,24.0631779 69.4234282,24.0632905 69.4198447,24.0634228 69.416331,24.0635207 69.4125491,24.0636285 69.4083059,24.0637705 69.4039553,24.0644857 69.4002002,24.0650637 69.3958282,24.0657004 69.3921858,24.0672041 69.3888652,24.0685413 69.3880552,24.071485 69.3872935,24.0745461 69.386521,24.0776072 69.3855232,24.0796104 69.3835759,24.0818926 69.3804109,24.0837586 69.3771172,24.0856833 69.3738395,24.0876226 69.3705243,24.0895374 69.3672305,24.0915012 69.3634647,24.0928871 69.3597901,24.0941799 69.35736,24.0943415 69.3556434,24.0940918 69.3520546,24.0933131 69.348498,24.0925247 69.3449467,24.0917412 69.3423557,24.0941065 69.3412507,24.0960922</coordinates></LineString>
  </Placemark>
  <Placemark>
	<Style><LineStyle><color>ff0000ff</color></LineStyle><PolyStyle><fill>0</fill></PolyStyle></Style>
	<ExtendedData><SchemaData schemaUrl="#765000_voltage_line">
		<SimpleData name="full_id">w1349330417</SimpleData>
		<SimpleData name="osm_id">1349330417</SimpleData>
		<SimpleData name="osm_type">way</SimpleData>
		<SimpleData name="power">line</SimpleData>
		<SimpleData name="cables">3</SimpleData>
		<SimpleData name="voltage">765000</SimpleData>
	</SchemaData></ExtendedData>
      <LineString><coordinates>73.378032,22.3181732 73.3780808,22.3176556 73.377716,22.3176308 73.3777375,22.3174075</coordinates></LineString>
  </Placemark>
  <Placemark>
	<Style><LineStyle><color>ff0000ff</color></LineStyle><PolyStyle><fill>0</fill></PolyStyle></Style>
	<ExtendedData><SchemaData schemaUrl="#765000_voltage_line">
		<SimpleData name="full_id">w1223453681</SimpleData>
		<SimpleData name="osm_id">1223453681</SimpleData>
		<SimpleData name="osm_type">way</SimpleData>
		<SimpleData name="power">line</SimpleData>
		<SimpleData name="frequency">50</SimpleData>
		<SimpleData name="circuits">2</SimpleData>
		<SimpleData name="cables">6</SimpleData>
		<SimpleData name="voltage">765000</SimpleData>
	</SchemaData></ExtendedData>
      <LineString><coordinates>69.199233,23.3453686 69.2024735,23.3430973 69.2057871,23.3408125 69.2083108,23.3391068 69.2115548,23.3369143</coordinates></LineString>
  </Placemark>
  <Placemark>
	<Style><LineStyle><color>ff0000ff</color></LineStyle><PolyStyle><fill>0</fill></PolyStyle></Style>
	<ExtendedData><SchemaData schemaUrl="#765000_voltage_line">
		<SimpleData name="full_id">w1159505638</SimpleData>
		<SimpleData name="osm_id">1159505638</SimpleData>
		<SimpleData name="osm_type">way</SimpleData>
		<SimpleData name="power">line</SimpleData>
		<SimpleData name="frequency">50</SimpleData>
		<SimpleData name="circuits">2</SimpleData>
		<SimpleData name="cables">6</SimpleData>
		<SimpleData name="voltage">765000</SimpleData>
	</SchemaData></ExtendedData>
      <LineString><coordinates>73.3765644,22.3198376 73.3765966,22.3208698 73.3725625,22.3230483 73.3687752,22.3251474 73.3647305,22.32743 73.3618283,22.3299309 73.3590388,22.3322532 73.3562601,22.3345953 73.3535135,22.3369472 73.3535564,22.341532 73.3537602,22.3437598 73.3531862,22.3476794 73.3525962,22.3515791 73.3520168,22.3555482 73.3517164,22.3576418 73.3501285,22.3589714 73.3476609,22.361055 73.3446461,22.3635405 73.3408856,22.3666609 73.3402044,22.3683079 73.3386916,22.3715026 73.3368409,22.3721127 73.3343035,22.3753322 73.3321524,22.3779563 73.3296472,22.3811706 73.3269274,22.3844692 73.3249265,22.3865921 73.3227217,22.3862895 73.320592,22.3879909 73.3196211,22.3909867 73.3184999,22.3944785 73.317765,22.3963632 73.3163542,22.3999342 73.3147556,22.4039217 73.3134949,22.4053451 73.3101904,22.4084894 73.3079052,22.4107706 73.3060598,22.4124766 73.3036888,22.4148025 73.2998264,22.4161166 73.2974875,22.4188292 73.2952183,22.4214029 73.2917583,22.4237336 73.2874346,22.4236691 73.2838672,22.4227517 73.2800317,22.4218542 73.2780254,22.4223649 73.2759601,22.4226426 73.2710248,22.4228261 73.2667226,22.4229947 73.2648289,22.4221616 73.2620555,22.4198904 73.2579169,22.4203566 73.2536012,22.4208921 73.2494143,22.4213434 73.2460669,22.4210979 73.2408848,22.4207235 73.2390207,22.4197392 73.2345575,22.420369 73.2327551,22.4198012 73.2309204,22.4194317 73.2288042,22.4190201 73.2241639,22.4188639 73.2208407,22.4179812 73.2170159,22.416925 73.2140467,22.4141677 73.2109889,22.4116112 73.2077944,22.4090349 73.2057238,22.4067089 73.2003272,22.4060841 73.1983638,22.4075421 73.1953919,22.4069569 73.1913632,22.4089605 73.188445,22.4109145 73.1853926,22.4129874 73.181836,22.415343 73.1782955,22.4177333 73.1746048,22.4183482 73.1706726,22.4180358 73.1670839,22.4177581 73.16342,22.417644 73.1593752,22.4179862 73.1558025,22.4183036 73.1520903,22.4185912 73.1479758,22.4189284 73.1451219,22.4203715 73.1415546,22.4221616 73.1393123,22.4215814 73.1361633,22.4225583 73.1329983,22.4261981 73.1301928,22.4276906 73.1283259,22.428603 73.1249946,22.4273832 73.1230098,22.4254791 73.1224841,22.4239369 73.1201237,22.4217699 73.1181067,22.4206938 73.1138366,22.4179465 73.109014,22.4193301 73.1056291,22.4196326 73.1010479,22.4211103 73.097105,22.4215021 73.092894,22.4219285 73.0905765,22.4229054 73.0889296,22.4218145 73.0851477,22.4199351 73.0811351,22.4196474 73.0776697,22.4187995 73.0753899,22.4183284 73.0707818,22.4175399 73.064661,22.4170787 73.0598545,22.4186656 73.0576873,22.4201136 73.0542809,22.42236 73.0506653,22.4245617 73.0471086,22.426684 73.0439812,22.4285931 73.0403387,22.4307898 73.0386651,22.4313848 73.0353606,22.4323467 73.0316108,22.4333236 73.0283493,22.4354606 73.0249375,22.4376522 73.0215847,22.4397942 73.0200237,22.4395959 73.0178833,22.4396455 73.0149597,22.4396355 73.0136669,22.4407809 73.0101693,22.4410486 73.0073368,22.4412866 73.005411,22.4419014 73.0024418,22.4428906 73.000862,22.44385 72.9968923,22.4446234 72.9946876,22.4457886 72.9927725,22.4446631 72.9892373,22.4459968 72.9877084,22.4474792 72.9836047,22.4479651 72.9793131,22.4484857 72.974968,22.4489964 72.9708052,22.4494822 72.9669911,22.4499235 72.9634291,22.4523479 72.9597974,22.4548763 72.9565304,22.4571122 72.9535264,22.459125 72.9525018,22.4609841 72.9497015,22.4621491 72.9463381,22.4635421 72.9421753,22.4651631 72.9403031,22.4646178 72.93621,22.4643848 72.9339355,22.4641518 72.9298371,22.4662488 72.9270905,22.4676814 72.923212,22.4676418 72.919178,22.4676319 72.9175687,22.469357 72.9141891,22.4709086 72.912274,22.4718256 72.9101336,22.4728369 72.9068613,22.4741009 72.9031974,22.4755483 72.8999144,22.4771197 72.8963256,22.478919 72.8929889,22.4805449 72.8898668,22.4802574 72.8883219,22.4791421 72.8840464,22.4799649 72.8821152,22.4816601 72.8771478,22.4822748 72.8729582,22.4827853 72.8684896,22.4833405 72.866376,22.4841385 72.8654855,22.4858981 72.863844,22.486359 72.8614274,22.4869043 72.8597081,22.4885424 72.8557223,22.4900318 72.851479,22.4915881 72.8472197,22.493194 72.8429174,22.494775 72.8386956,22.4963263 72.8345489,22.4978578 72.8306597,22.4992406 72.8265989,22.5007621 72.8239113,22.4992356 72.8198075,22.5007422 72.816031,22.5018127 72.8119057,22.501783 72.80792,22.5017781 72.8037894,22.5017582 72.7997982,22.501788 72.7969927,22.502457 72.7933931,22.5032946 72.7894342,22.5042511 72.785899,22.5051085 72.7834636,22.5032748 72.7799606,22.5006877 72.7765059,22.4988292 72.7725577,22.4994586 72.769087,22.5000583 72.7672362,22.5018177 72.7652085,22.5037357 72.7635401,22.5038943 72.7620435,22.5026057 72.7589965,22.5030666 72.7553326,22.5057577 72.7531546,22.5056635 72.7479351,22.5061294 72.7440566,22.506511 72.739175,22.5069719 72.7354091,22.5073485 72.7327001,22.507512 72.7292776,22.5081414 72.7248627,22.5090335 72.7238059,22.5107531 72.7219284,22.5137909 72.7202332,22.5166701 72.716006,22.5171061 72.712267,22.5175472 72.7082223,22.5179535 72.7031207,22.518516 72.6998055,22.5188901 72.6952618,22.5193931 72.6909354,22.5198663 72.6866063,22.5203272 72.6850507,22.5226239 72.6806438,22.5234738 72.678718,22.5236422 72.67389,22.5236769 72.6709127,22.5237562 72.6668733,22.5260455 72.6633006,22.5280969 72.6597172,22.530188 72.6565629,22.5317636 72.6526684,22.533701 72.651794,22.5359356 72.6502436,22.5368176 72.6480389,22.5365104 72.6428729,22.5368077 72.6388818,22.5369662 72.6350945,22.5371941 72.6313019,22.5374022 72.6273966,22.5376004 72.6231962,22.5362329 72.6198918,22.5351181 72.6157719,22.5358018 72.6113355,22.5365153 72.6074195,22.5371595 72.6040131,22.5377441 72.6004672,22.5382941 72.5970876,22.5399242 72.5933379,22.5416979 72.5891483,22.5437095 72.5851786,22.5455872 72.5813323,22.5474748 72.5770837,22.5494962 72.5732911,22.5513144 72.5689191,22.5534001 72.5645256,22.554386 72.5600624,22.5554214 72.5559425,22.5563181 72.551651,22.557299 72.5475955,22.5582254 72.5431323,22.5592261 72.538991,22.5601822 72.5351071,22.5597364 72.5306976,22.5592261 72.5264704,22.5587505 72.5224686,22.5595878 72.5181019,22.5605389 72.5138533,22.5614207 72.5096315,22.5623718 72.5055867,22.5632487 72.5014347,22.5641354 72.4971163,22.5650865 72.4928623,22.566003 72.4885172,22.5669689 72.4844831,22.5678606 72.4812055,22.5685541 72.4772572,22.5694012 72.4731857,22.5703027 72.4693072,22.5711399 72.4642324,22.5722098 72.4591201,22.5733541 72.4543834,22.5743794 72.4509823,22.5751175 72.4475545,22.5758407 72.4439228,22.5766332 72.4400175,22.5774753 72.4363321,22.5782331 72.433784,22.5804423 72.4307585,22.5830674 72.4277329,22.585648 72.4252975,22.5858312 72.4234199,22.5866732 72.4199653,22.5881938 72.4158186,22.5900907 72.4117792,22.5918737 72.4083459,22.593419 72.4042475,22.595254 72.4007177,22.5968537 72.3963135,22.5988471 72.3921239,22.6006845 72.3879558,22.6025664 72.3845494,22.6038936 72.3811108,22.605206 72.3775944,22.6065877 72.3738146,22.6080349 72.3699076,22.6095307 72.3659617,22.6110414 72.3622088,22.6124782 72.3592402,22.6136147 72.3558195,22.614033 72.3518695,22.614516 72.3486677,22.6149231 72.3459042,22.6152745 72.3431119,22.6162368 72.3406562,22.6159418 72.3387115,22.6161891 72.33444,22.6167323 72.3298241,22.6173192 72.3253364,22.6178898 72.3207511,22.6184728 72.3161562,22.6190571 72.31182,22.6179184 72.3074627,22.6167741 72.3030961,22.6156252 72.2987294,22.6144962 72.2944728,22.6160461 72.2920928,22.6173872 72.2897065,22.6204087 72.2875339,22.6232262 72.2834408,22.6232708 72.2791171,22.6233797 72.2751206,22.623449 72.270695,22.6235382 72.2672403,22.6236174 72.2625947,22.6240036 72.2580939,22.6244443 72.2562808,22.6278015 72.2518659,22.6295196 72.248953,22.6306485 72.2448385,22.6323072 72.2407132,22.6339709 72.2367382,22.63558 72.2329563,22.6370555 72.2286218,22.6384269 72.2243625,22.639734 72.2200066,22.6411005 72.2158813,22.6423283 72.2129953,22.6451553 72.2100234,22.6480664 72.2082692,22.6494872 72.20622,22.6501209 72.2046643,22.6516556 72.1999919,22.6526359 72.1951479,22.6536705 72.1933722,22.655022 72.1884155,22.6544626 72.184301,22.6540418 72.1815437,22.6521953 72.1783787,22.6500021 72.1749508,22.6476208 72.1716464,22.645487 72.1677625,22.6426353 72.1654504,22.6424125 72.1618777,22.6402836 72.1583319,22.6381546 72.1549791,22.6361494 72.1514332,22.6341095 72.1506822,22.6319606 72.1467018,22.6294453 72.1432418,22.6272716 72.1390468,22.624781 72.1346319,22.6241373 72.1301526,22.6234688 72.125743,22.6228548 72.1213174,22.6221814 72.1168435,22.6215179 72.1123856,22.6208395 72.1084857,22.62027 72.1046555,22.6197154 72.1001172,22.6190816 72.0967108,22.6211911 72.0931274,22.6233995 72.0895547,22.6255782 72.0858854,22.6278559 72.081846,22.6303316 72.0783645,22.6324607 72.0747435,22.6346838 72.0707685,22.6371099 72.0676303,22.6390656 72.0641005,22.641249 72.060678,22.6433383 72.057454,22.6452741 72.0539832,22.647403 72.0506573,22.6494328 72.046988,22.6517101 72.0433724,22.6539527 72.039805,22.6561507 72.0362484,22.6583735 72.0325738,22.6605813 72.0290333,22.6627792 72.0253587,22.6650415 72.0214963,22.6674175 72.0181596,22.669447 72.0146137,22.6714716 72.0108908,22.6735951 72.0072108,22.6756542 72.003445,22.6778617 71.9999796,22.679807 71.996246,22.6819204 71.9923299,22.6841279 71.9886017,22.6862314 71.9847661,22.688419 71.9807857,22.6909085 71.9771433,22.6931801 71.973179,22.6956794 71.9695741,22.6979015 71.9656151,22.7003908 71.9619942,22.7026327 71.9582981,22.7049487 71.9547307,22.706938 71.9508308,22.7090808 71.9469845,22.7112136 71.9431275,22.7133562 71.9391203,22.715583 71.9349736,22.717879 71.9312239,22.7199028 71.9270289,22.7222383 71.9235098,22.7242077 71.9196957,22.7263155 71.9156402,22.7285321 71.9117671,22.7306498 71.9079477,22.7327823 71.9039136,22.7349988 71.8999386,22.7371758 71.8960762,22.7393477 71.8921333,22.7414652 71.8884802,22.743548 71.8850738,22.7454082 71.8813187,22.7475306 71.8783683,22.7491136 71.8735939,22.7517653 71.8695491,22.7540062 71.8657404,22.7560938 71.862157,22.758122 71.8578601,22.760442 71.8556499,22.7603926 71.8510312,22.7615353 71.8469596,22.7625493 71.8425178,22.7636277 71.8405974,22.7635485 71.8358874,22.7648198 71.8317676,22.7658783 71.8276745,22.7670111 71.8231469,22.7681686 71.8187696,22.7693656 71.8142635,22.7705626 71.8094891,22.7717942 71.8053156,22.7728676 71.8005949,22.7741289 71.7964536,22.7752071 71.791867,22.7764387 71.7875862,22.7775862 71.7832088,22.7787436 71.778751,22.7799059 71.774497,22.7810088 71.7698836,22.782275 71.7658496,22.7832642 71.7620248,22.7841544 71.7578566,22.7852227 71.7530715,22.7863504 71.7490911,22.7873593 71.7446387,22.7884325 71.7401916,22.7895255 71.7363077,22.7904849 71.7324346,22.7914691 71.7282826,22.792483 71.7240661,22.7934918 71.7219418,22.7936847 71.7188036,22.795831 71.7155099,22.7980466 71.7140293,22.7989812 71.710065,22.8015973 71.7059076,22.8043171 71.7039335,22.8057858 71.6998511,22.8073237 71.6953611,22.8089852 71.6914183,22.8104835 71.6875988,22.8118977 71.6835165,22.8134801 71.6795146,22.8149585 71.675443,22.8165112 71.6714519,22.8180341 71.6673267,22.8195472 71.6633356,22.8210849 71.6593337,22.8225732 71.6552353,22.8240961 71.650933,22.8256882 71.647194,22.827127 71.6427737,22.8287635 71.6388094,22.8302814 71.6346681,22.831814 71.6304195,22.8334258 71.6264874,22.834914 71.6218418,22.836679 71.6192079,22.8356803 71.6143155,22.8374354 71.6109252,22.8386367 71.6061348,22.8403176 71.6022456,22.8417068 71.5974981,22.8433333 71.595068,22.8431109 71.5906745,22.8448708 71.5865761,22.8464972 71.58218,22.8482571 71.5799752,22.8471869 71.5758097,22.8490085 71.5718025,22.8507388 71.5678489,22.8524689 71.5636271,22.8542733 71.5595984,22.8560429 71.5555268,22.8578274 71.551407,22.859607 71.547212,22.8614458 71.5435535,22.8630473 71.5401041,22.8642287 71.5361023,22.8655583 71.5321031,22.8668978 71.5282997,22.8682027 71.5239277,22.869693 71.5198266,22.8710744 71.5157819,22.8724633 71.5113535,22.8739684 71.5070486,22.8754165 71.5031406,22.8767386 71.4996028,22.877826 71.4960945,22.8789133 71.4925137,22.8800105 71.4889625,22.8811127 71.4854139,22.8822123 71.481404,22.8834479 71.4771876,22.8847328 71.4752591,22.8848268 71.4711311,22.8863588 71.467199,22.8877871 71.4630792,22.8892623 71.4591202,22.8907202 71.4549574,22.8922349 71.4505157,22.8938657 71.4457762,22.8955632 71.4419809,22.8969345 71.4376894,22.8984764 71.4335024,22.8999984 71.4290875,22.9015871 71.4253512,22.9029263 71.4211616,22.9044631 71.4175433,22.9057651 71.4143112,22.9072476 71.4107117,22.9088683 71.4069593,22.9105113 71.402936,22.9123173 71.3989073,22.914148 71.3949832,22.9159144 71.3919792,22.9172584 71.3890019,22.9186048 71.385228,22.9201958 71.3814408,22.9218361 71.3773423,22.9235704 71.3732976,22.9253194 71.3689631,22.927182 71.3649344,22.9289013 71.360541,22.9307738 71.3567644,22.9323943 71.3529932,22.9327006 71.3493079,22.9330415 71.3452899,22.9333725 71.340993,22.9337578 71.3365835,22.9341481 71.3322973,22.934489 71.3279736,22.9360699 71.3237035,22.9376656 71.3194174,22.9392416 71.3151312,22.9407977 71.310786,22.9423934 71.3064086,22.9434653 71.3029164,22.9443348 71.2986678,22.9457229 71.2953472,22.9467504 71.2915868,22.9479558 71.2880409,22.9491018 71.2845916,22.9496057 71.2811691,22.9501095 71.277768,22.9506035 71.2735408,22.9526782 71.270054,22.9544022 71.2659234,22.9564916 71.261766,22.9576623 71.2579036,22.9587588 71.2546045,22.9597171 71.250329,22.960952 71.24578,22.9622461 71.2428832,22.9630709 71.2393159,22.9638168 71.235373,22.9646416 71.2314248,22.9654616 71.2270313,22.9663704 71.2227237,22.9672742 71.2195158,22.9679262 71.2152618,22.9688202 71.2107181,22.9704896 71.2069362,22.9718577 71.202811,22.9733789 71.1984068,22.9750236 71.1942708,22.9766089 71.1918354,22.9777152 71.1872917,22.9788907 71.1829036,22.9799772 71.1784351,22.981123 71.1743313,22.9822045 71.1728615,22.9833157 71.1687416,22.9851035 71.1646217,22.9868961 71.1603355,22.9887135 71.1564302,22.990437 71.1531848,22.9918147 71.1493653,22.99299 71.1447626,22.9943085 71.1411631,22.9953999 71.1380893,22.9963628 71.133154,22.9978344 71.1311424,22.9987084 71.1279988,23.0008317 71.1243564,23.0022045 71.120773,23.0035179 71.1186272,23.0034834 71.1144751,23.0043426 71.1136866,23.0058881 71.110661,23.0064115 71.1066592,23.0071028 71.1026466,23.0077842 71.0986179,23.0095321 71.0982531,23.0114775 71.0951418,23.0132106 71.0916656,23.0138426 71.0862529,23.0137142 71.0821652,23.0143561 71.0781097,23.0149881 71.074816,23.0167162 71.0711092,23.0186763 71.0674131,23.0206314 71.0638726,23.0225174 71.0604018,23.0243047 71.0567057,23.0262548 71.052103,23.0276618 71.0479349,23.0289652 71.0433268,23.0305351 71.0391694,23.0319372 71.0342073,23.0335861 71.0308653,23.0346672 71.0278612,23.0357237 71.0234047,23.0372152 71.019026,23.0386807 71.0144985,23.0402308 71.010282,23.041608 71.0058135,23.0430988 71.0017902,23.044481 70.9972787,23.0460113 70.9930891,23.047428 70.988642,23.0489039 70.9848225,23.0501577 70.9801662,23.0517224 70.9761429,23.0530404 70.9715134,23.0546199 70.9675008,23.0559575 70.9628338,23.0575321 70.9588051,23.0588845 70.9544116,23.0603455 70.9513056,23.0613672 70.9469122,23.0627739 70.9429264,23.0641361 70.9390587,23.0654046 70.9353411,23.0666088 70.9316987,23.067818 70.9275627,23.069195 70.9229708,23.0692246 70.9194893,23.0711791 70.916174,23.0728817 70.9116787,23.0744364 70.9074247,23.0758873 70.9031707,23.0774073 70.8987987,23.0789323 70.8945394,23.0803536 70.890457,23.0817798 70.8859456,23.0833689 70.881815,23.0847358 70.8780169,23.0860337 70.87313,23.0877214 70.8690262,23.0884493 70.8648848,23.0891919 70.8606255,23.0899864 70.856334,23.0907266 70.8519781,23.0914964 70.8477831,23.0923156 70.8438671,23.0930163 70.8399403,23.0936578 70.8360457,23.0943683 70.8322155,23.095069 70.8280527,23.0958092 70.8241582,23.0964902 70.8220339,23.0981383 70.8196735,23.0999344 70.816133,23.1026482 70.8129465,23.1050659 70.8094704,23.1077501 70.805769,23.1105328 70.8019817,23.1133846 70.7986987,23.1159107 70.7919073,23.1209726 70.7881629,23.1238735 70.7847619,23.1263994 70.7815969,23.1288759 70.7779276,23.1315694 70.7742476,23.1343221 70.7714581,23.1365518 70.7695162,23.1385447 70.7666731,23.1413564 70.7619524,23.1422591 70.7600534,23.1411098 70.7562017,23.1425107 70.7540131,23.145638 70.751878,23.1487554 70.7497644,23.1519516 70.7474577,23.1553747 70.7450545,23.1588667 70.7426727,23.1622402 70.7401943,23.1658504 70.7380271,23.1690364 70.7357311,23.1726661 70.7331669,23.1761971 70.7312786,23.1789784 70.7301092,23.1822627 70.7289398,23.1855765 70.7277274,23.1888705 70.7264292,23.1922827 70.7251632,23.1962274 70.7236612,23.2005466 70.7220948,23.2049743 70.7204747,23.2093426 70.7190478,23.2133952 70.7204372,23.2153179 70.7202065,23.2179358 70.7177657,23.2218254 70.715341,23.2242608 70.7077503,23.232434 70.7051054,23.2357647 70.6998002,23.2424453 70.6971504,23.2457931 70.6945221,23.2491135 70.6916892,23.2526924 70.6888246,23.2563593 70.6866681,23.2591488 70.6838894,23.2620467 70.6808853,23.2650628 70.6781602,23.2679409 70.6749737,23.2712033 70.6720447,23.2743177 70.6689119,23.2775109 70.665983,23.2806154 70.662936,23.2837395 70.6604147,23.2864496 70.6608224,23.2884797 70.6619167,23.2931508 70.6625605,23.2967278 70.6613803,23.3004329 70.6599104,23.3049262 70.6587624,23.3084241 70.6573248,23.3130157 70.6561875,23.3165233 70.6547177,23.3211441 70.6533122,23.3253214 70.6520033,23.3291045 70.6507909,23.3325525 70.6495249,23.3361384 70.6482482,23.34 70.6466067,23.34264 70.6444502,23.3459892 70.6418431,23.3499687 70.6400084,23.3528056 70.6375623,23.3567356 70.6356881,23.3606532 70.6342685,23.3636204 70.6323051,23.3677766 70.6305349,23.37146 70.628711,23.3753797 70.6273752,23.3769899 70.624339,23.3792894 70.6234351,23.381355 70.6213778,23.3833516 70.6183898,23.3864585 70.6167269,23.3882015 70.6132561,23.3896171 70.6092811,23.3913329 70.6050217,23.3931546 70.6004029,23.3933713 70.5980694,23.3925983</coordinates></LineString>
  </Placemark>
  <Placemark>
	<Style><LineStyle><color>ff0000ff</color></LineStyle><PolyStyle><fill>0</fill></PolyStyle></Style>
	<ExtendedData><SchemaData schemaUrl="#765000_voltage_line">
		<SimpleData name="full_id">w1349330418</SimpleData>
		<SimpleData name="osm_id">1349330418</SimpleData>
		<SimpleData name="osm_type">way</SimpleData>
		<SimpleData name="power">line</SimpleData>
		<SimpleData name="cables">3</SimpleData>
		<SimpleData name="voltage">765000</SimpleData>
	</SchemaData></ExtendedData>
      <LineString><coordinates>73.3777694,22.3181553 73.3777799,22.3180339 73.3777965,22.317879 73.3774907,22.3178641 73.377201,22.3176209 73.3771957,22.3173728</coordinates></LineString>
  </Placemark>
  <Placemark>
	<Style><LineStyle><color>ff0000ff</color></LineStyle><PolyStyle><fill>0</fill></PolyStyle></Style>
	<ExtendedData><SchemaData schemaUrl="#765000_voltage_line">
		<SimpleData name="full_id">w1435996567</SimpleData>
		<SimpleData name="osm_id">1435996567</SimpleData>
		<SimpleData name="osm_type">way</SimpleData>
		<SimpleData name="power">line</SimpleData>
		<SimpleData name="frequency">50</SimpleData>
		<SimpleData name="circuits">2</SimpleData>
		<SimpleData name="cables">6</SimpleData>
		<SimpleData name="voltage">765000</SimpleData>
	</SchemaData></ExtendedData>
      <LineString><coordinates>72.1795482,22.985617 72.1792424,22.9864492 72.1769062,22.9868887 72.1730304,22.9869085 72.1692458,22.9869035 72.1658903,22.9869653 72.1623981,22.986985 72.1585947,22.98699 72.1547645,22.9870245 72.1509826,22.9870838 72.1471471,22.9870492 72.1432471,22.9871184 72.1393579,22.9871036 72.1374106,22.987232 72.1335375,22.9873208 72.1295357,22.9874394 72.1258503,22.9875579 72.122122,22.9876517 72.1182972,22.9878147 72.1169883,22.9868468 72.1142846,22.9867924 72.1108675,22.9868418 72.1090275,22.9853603 72.1049988,22.9856171 72.1009701,22.9859084 72.0973867,22.9861702 72.0934278,22.9864912 72.0899302,22.9867233 72.086204,22.986982 72.082533,22.9872369 72.0783488,22.9875628 72.0745489,22.9878371 72.0707712,22.9881097 72.0669853,22.9883829 72.0632084,22.9886555 72.0593265,22.9889357 72.0556357,22.9892012 72.0519671,22.9894651 72.0479793,22.989752 72.0442319,22.9900215 72.0403794,22.9902987 72.0364312,22.9905456 72.0324148,22.9908364 72.0283846,22.9911283 72.0243502,22.9914304 72.0207349,22.9917011 72.0174197,22.9918888 72.0101026,22.9924419 72.0066909,22.9926197 72.0019873,22.9930027 72.0005352,22.9949712 71.9953183,22.9957826 71.9910834,22.9964817 71.9872717,22.9971109 71.983876,22.997659 71.9817365,22.9989056 71.9768632,22.9994062 71.9736031,22.9997923 71.9704918,23.0001281 71.9678578,23.0004145 71.9638238,23.0008687 71.9623867,23.0023173 71.9559649,23.0028637 71.9528482,23.0046808 71.9479612,23.0051202 71.9429079,23.0055795 71.9387344,23.005935 71.9348828,23.0062806 71.9310418,23.0066115 71.9269327,23.0069645 71.9251624,23.0085248 71.9209326,23.0087718 71.917384,23.0089791 71.9135835,23.0091627 71.9096164,23.0093543 71.9053991,23.0095675 71.901451,23.0097671 71.8972873,23.0099776 71.8935982,23.0101641 71.8895749,23.0104011 71.8854142,23.0105837 71.8814793,23.0108356 71.877216,23.0110435 71.8735822,23.0117237 71.8696541,23.0124418 71.8657945,23.013185 71.8618048,23.0138968 71.8579301,23.0146082 71.8540172,23.0153266 71.8499901,23.016087 71.8463458,23.0167752 71.8425067,23.0175122 71.8386882,23.018205 71.8349559,23.0188857 71.831229,23.0195655 71.8272474,23.0200402 71.8233592,23.0205039 71.7599184,23.0272849 71.7558534,23.0277194 71.7406292,23.0286476 71.7365403,23.0287571 71.7325182,23.0288648 71.7285593,23.0289931 71.7085822,23.0295856 71.6973384,23.0299114 71.6830234,23.0303253 71.6792388,23.0304347 71.6755266,23.0305532</coordinates></LineString>
  </Placemark>
  <Placemark>
	<Style><LineStyle><color>ff0000ff</color></LineStyle><PolyStyle><fill>0</fill></PolyStyle></Style>
	<ExtendedData><SchemaData schemaUrl="#765000_voltage_line">
		<SimpleData name="full_id">w1223453682</SimpleData>
		<SimpleData name="osm_id">1223453682</SimpleData>
		<SimpleData name="osm_type">way</SimpleData>
		<SimpleData name="power">line</SimpleData>
		<SimpleData name="frequency">50</SimpleData>
		<SimpleData name="circuits">2</SimpleData>
		<SimpleData name="cables">6</SimpleData>
		<SimpleData name="voltage">765000</SimpleData>
	</SchemaData></ExtendedData>
      <LineString><coordinates>69.2115548,23.3369143 69.2147001,23.3347923 69.2179705,23.3333941 69.2215899,23.3318364 69.2246759,23.3305007 69.2280194,23.3290708 69.2316033,23.3275345 69.2350478,23.3260578 69.2390538,23.324383 69.2423415,23.3228928</coordinates></LineString>
  </Placemark>
  <Placemark>
	<Style><LineStyle><color>ff0000ff</color></LineStyle><PolyStyle><fill>0</fill></PolyStyle></Style>
	<ExtendedData><SchemaData schemaUrl="#765000_voltage_line">
		<SimpleData name="full_id">w1349330419</SimpleData>
		<SimpleData name="osm_id">1349330419</SimpleData>
		<SimpleData name="osm_type">way</SimpleData>
		<SimpleData name="power">line</SimpleData>
		<SimpleData name="cables">3</SimpleData>
		<SimpleData name="voltage">765000</SimpleData>
	</SchemaData></ExtendedData>
      <LineString><coordinates>73.3783065,22.3181919 73.3783164,22.3180727 73.3783544,22.3176556 73.3784617,22.3174621</coordinates></LineString>
  </Placemark>
  <Placemark>
	<Style><LineStyle><color>ff0000ff</color></LineStyle><PolyStyle><fill>0</fill></PolyStyle></Style>
	<ExtendedData><SchemaData schemaUrl="#765000_voltage_line">
		<SimpleData name="full_id">w1415267783</SimpleData>
		<SimpleData name="osm_id">1415267783</SimpleData>
		<SimpleData name="osm_type">way</SimpleData>
		<SimpleData name="power">line</SimpleData>
		<SimpleData name="frequency">50</SimpleData>
		<SimpleData name="circuits">2</SimpleData>
		<SimpleData name="cables">6</SimpleData>
		<SimpleData name="voltage">765000</SimpleData>
	</SchemaData></ExtendedData>
      <LineString><coordinates>69.3422835,24.096092 69.3455128,24.0935308 69.3530338,24.0950734 69.3571693,24.095953 69.3629419,24.09547 69.3661176,24.0943633 69.3723643,24.091369 69.3757628,24.0893536 69.3791127,24.0872847 69.3824791,24.0852349 69.385314,24.0834745 69.3875216,24.0807391 69.3890905,24.0786113 69.3897021,24.0758734 69.3903272,24.0731966 69.3908286,24.0706083 69.393704,24.069385 69.3964038,24.0682248 69.400543,24.0675149 69.4045211,24.0668326 69.4086562,24.0661235 69.4123411,24.0660043 69.4157946,24.0658925 69.4194579,24.065774 69.4227471,24.0656676 69.4264269,24.0655486 69.4299486,24.0654457 69.4336286,24.0656563 69.4376117,24.0659037 69.4417047,24.0661608 69.4455779,24.0664008 69.4496709,24.0666653 69.4536138,24.0669029 69.4576478,24.0671552 69.4616684,24.0674001 69.4655925,24.0676425 69.4695836,24.0679046 69.4735846,24.0681371 69.4777174,24.0683772 69.481844,24.068627 69.4858648,24.0688944 69.489788,24.0691553 69.4936929,24.069415 69.4976538,24.0696376 69.5015582,24.0698571 69.5055812,24.0701056 69.5097766,24.0703648 69.5137676,24.0706114 69.5179092,24.070866 69.520688,24.0713362 69.5236328,24.0718205 69.5234453,24.0735598 69.5233273,24.0763908</coordinates></LineString>
  </Placemark>
  <Placemark>
	<Style><LineStyle><color>ff0000ff</color></LineStyle><PolyStyle><fill>0</fill></PolyStyle></Style>
	<ExtendedData><SchemaData schemaUrl="#765000_voltage_line">
		<SimpleData name="full_id">w1349327096</SimpleData>
		<SimpleData name="osm_id">1349327096</SimpleData>
		<SimpleData name="osm_type">way</SimpleData>
		<SimpleData name="power">line</SimpleData>
		<SimpleData name="cables">3</SimpleData>
		<SimpleData name="voltage">765000</SimpleData>
	</SchemaData></ExtendedData>
      <LineString><coordinates>70.5968248,23.3922582 70.5967979,23.3927391 70.59677,23.3932368 70.5967429,23.3937195 70.5967162,23.3941944 70.5948864,23.3941077 70.5949135,23.393625 70.5949409,23.3931376 70.5949675,23.3926652 70.5949952,23.3921717 70.5968248,23.3922582</coordinates></LineString>
  </Placemark>
  <Placemark>
	<Style><LineStyle><color>ff0000ff</color></LineStyle><PolyStyle><fill>0</fill></PolyStyle></Style>
	<ExtendedData><SchemaData schemaUrl="#765000_voltage_line">
		<SimpleData name="full_id">w1349327097</SimpleData>
		<SimpleData name="osm_id">1349327097</SimpleData>
		<SimpleData name="osm_type">way</SimpleData>
		<SimpleData name="power">line</SimpleData>
		<SimpleData name="cables">3</SimpleData>
		<SimpleData name="voltage">765000</SimpleData>
	</SchemaData></ExtendedData>
      <LineString><coordinates>70.5948864,23.3941077 70.5946229,23.3940781 70.5935982,23.3938168 70.5946444,23.3936104 70.5949135,23.393625 70.5967429,23.3937195 70.5980561,23.3938074 70.599888,23.3941541 70.5980186,23.3942751 70.5967162,23.3941944</coordinates></LineString>
  </Placemark>
  <Placemark>
	<Style><LineStyle><color>ff0000ff</color></LineStyle><PolyStyle><fill>0</fill></PolyStyle></Style>
	<ExtendedData><SchemaData schemaUrl="#765000_voltage_line">
		<SimpleData name="full_id">w1349327098</SimpleData>
		<SimpleData name="osm_id">1349327098</SimpleData>
		<SimpleData name="osm_type">way</SimpleData>
		<SimpleData name="power">line</SimpleData>
		<SimpleData name="cables">3</SimpleData>
		<SimpleData name="voltage">765000</SimpleData>
	</SchemaData></ExtendedData>
      <LineString><coordinates>70.5939792,23.3930984 70.5949409,23.3931376 70.59677,23.3932368</coordinates></LineString>
  </Placemark>
  <Placemark>
	<Style><LineStyle><color>ff0000ff</color></LineStyle><PolyStyle><fill>0</fill></PolyStyle></Style>
	<ExtendedData><SchemaData schemaUrl="#765000_voltage_line">
		<SimpleData name="full_id">w1349327099</SimpleData>
		<SimpleData name="osm_id">1349327099</SimpleData>
		<SimpleData name="osm_type">way</SimpleData>
		<SimpleData name="power">line</SimpleData>
		<SimpleData name="cables">3</SimpleData>
		<SimpleData name="voltage">765000</SimpleData>
	</SchemaData></ExtendedData>
      <LineString><coordinates>70.5968248,23.3922582 70.597112,23.3922712 70.5980694,23.3925983 70.5970691,23.3927587 70.5967979,23.3927391 70.5949675,23.3926652 70.5940436,23.3926257</coordinates></LineString>
  </Placemark>
  <Placemark>
	<Style><LineStyle><color>ff0000ff</color></LineStyle><PolyStyle><fill>0</fill></PolyStyle></Style>
	<ExtendedData><SchemaData schemaUrl="#765000_voltage_line">
		<SimpleData name="full_id">w1349330413</SimpleData>
		<SimpleData name="osm_id">1349330413</SimpleData>
		<SimpleData name="osm_type">way</SimpleData>
		<SimpleData name="power">line</SimpleData>
		<SimpleData name="cables">6</SimpleData>
		<SimpleData name="voltage">765000</SimpleData>
	</SchemaData></ExtendedData>
      <LineString><coordinates>73.3768644,22.3180936 73.3770936,22.3181092 73.3773932,22.3181296 73.3777694,22.3181553 73.378032,22.3181732 73.3783065,22.3181919 73.3783933,22.3181978</coordinates></LineString>
  </Placemark>
  <Placemark>
	<Style><LineStyle><color>ff0000ff</color></LineStyle><PolyStyle><fill>0</fill></PolyStyle></Style>
	<ExtendedData><SchemaData schemaUrl="#765000_voltage_line">
		<SimpleData name="full_id">w1356359906</SimpleData>
		<SimpleData name="osm_id">1356359906</SimpleData>
		<SimpleData name="osm_type">way</SimpleData>
		<SimpleData name="power">line</SimpleData>
		<SimpleData name="frequency">50</SimpleData>
		<SimpleData name="circuits">2</SimpleData>
		<SimpleData name="cables">6</SimpleData>
		<SimpleData name="voltage">765000</SimpleData>
	</SchemaData></ExtendedData>
      <LineString><coordinates>69.656024,24.0079384 69.6523225,24.0066692 69.6484011,24.0053804 69.6443027,24.003974 69.6398771,24.0040573 69.635151,24.0041063 69.6304947,24.004219 69.6262139,24.0042533 69.6223837,24.0037167 69.6189049,24.0031532 69.6153375,24.002543 69.6118453,24.0019917 69.6090209,24.0045645 69.6060464,24.0072426 69.6031871,24.0098838 69.6003064,24.0124442 69.5973051,24.0151246 69.5940462,24.0180891 69.5907846,24.0210241 69.5875284,24.0239738 69.5843205,24.0268621 69.5812172,24.0296696 69.5779315,24.0325995 69.5747316,24.035544 69.5713922,24.0385349 69.568128,24.0414744 69.5650703,24.0442742 69.5623237,24.0467432 69.559502,24.0491633 69.5565087,24.051838 69.5533758,24.054684 69.5474052,24.0606748 69.5475554,24.0630505 69.5444924,24.0651886 69.5413274,24.0673756</coordinates></LineString>
  </Placemark>
  <Placemark>
	<Style><LineStyle><color>ff0000ff</color></LineStyle><PolyStyle><fill>0</fill></PolyStyle></Style>
	<ExtendedData><SchemaData schemaUrl="#765000_voltage_line">
		<SimpleData name="full_id">w316447846</SimpleData>
		<SimpleData name="osm_id">316447846</SimpleData>
		<SimpleData name="osm_type">way</SimpleData>
		<SimpleData name="power">line</SimpleData>
		<SimpleData name="frequency">50</SimpleData>
		<SimpleData name="circuits">2</SimpleData>
		<SimpleData name="cables">6</SimpleData>
		<SimpleData name="voltage">765000</SimpleData>
	</SchemaData></ExtendedData>
      <LineString><coordinates>74.0151009,22.6338215 74.0200225,22.6335795 74.0235185,22.6321527 74.0255896,22.6312554 74.0300037,22.6314001 74.0333985,22.6315576 74.0365728,22.6316497 74.0396181,22.6317649 74.0445371,22.6309777 74.04781,22.6292291 74.0507557,22.6276663 74.0540347,22.6259338 74.056222,22.6247811 74.0601176,22.6227263 74.0641535,22.6234295 74.065895,22.6267043 74.0671953,22.6292295 74.0684661,22.631695</coordinates></LineString>
  </Placemark>
  <Placemark>
	<Style><LineStyle><color>ff0000ff</color></LineStyle><PolyStyle><fill>0</fill></PolyStyle></Style>
	<ExtendedData><SchemaData schemaUrl="#765000_voltage_line">
		<SimpleData name="full_id">w316447857</SimpleData>
		<SimpleData name="osm_id">316447857</SimpleData>
		<SimpleData name="osm_type">way</SimpleData>
		<SimpleData name="power">line</SimpleData>
		<SimpleData name="frequency">50</SimpleData>
		<SimpleData name="circuits">1</SimpleData>
		<SimpleData name="cables">3</SimpleData>
		<SimpleData name="voltage">765000</SimpleData>
	</SchemaData></ExtendedData>
      <LineString><coordinates>74.4020641618688,22.7260496131911 74.4009387,22.7260735 74.3981246,22.7236661 74.3952431,22.721459 74.3932818,22.7199568 74.3921082,22.7159361 74.3935627,22.7126748 74.3918336,22.7092986 74.3902278,22.7058505 74.3886328,22.702655 74.3853406,22.7020753 74.3819143,22.7014015 74.3786114,22.7008367 74.3754697,22.7003313 74.3719574,22.7001381 74.3683592,22.6999796 74.3649328,22.6998557 74.3613131,22.6996625 74.3579297,22.6994693 74.3543637,22.6989788 74.3510823,22.698518 74.3479352,22.6974577 74.3446377,22.6962736 74.3416303,22.6951984 74.3382361,22.6939201 74.3356744,22.6928945 74.3319043,22.6940638 74.3297024,22.6946831 74.3269796,22.6954016 74.3230591,22.6957335 74.3190098,22.6960357 74.3148745,22.6962934 74.3123826,22.6967641 74.3085374,22.6958029 74.3054278,22.6950052 74.3016578,22.6940737 74.2984925,22.6932852 74.2948901,22.6923788 74.2900721,22.6911665 74.2869352,22.6908632 74.2812231,22.6902568 74.2763882,22.6897106 74.27199,22.689264 74.2681598,22.6896548 74.2642825,22.6900185 74.2605641,22.6904148 74.2571046,22.690811 74.2532979,22.6912018 74.250415,22.6914733 74.2474791,22.6917772 74.2441549,22.6921138 74.2400129,22.6905396 74.2361944,22.6883955 74.233741,22.6875378</coordinates></LineString>
  </Placemark>
  <Placemark>
	<Style><LineStyle><color>ff0000ff</color></LineStyle><PolyStyle><fill>0</fill></PolyStyle></Style>
	<ExtendedData><SchemaData schemaUrl="#765000_voltage_line">
		<SimpleData name="full_id">w1349325419</SimpleData>
		<SimpleData name="osm_id">1349325419</SimpleData>
		<SimpleData name="osm_type">way</SimpleData>
		<SimpleData name="power">line</SimpleData>
		<SimpleData name="cables">3</SimpleData>
		<SimpleData name="voltage">765000</SimpleData>
	</SchemaData></ExtendedData>
      <LineString><coordinates>69.1579729,23.3633701 69.1581604,23.3635346 69.1583292,23.3636774 69.1582219,23.3637783 69.1586189,23.3641305 69.1596088,23.3646348 69.1590802,23.3636897 69.1587154,23.3633696 69.1586591,23.3633622 69.1584944,23.3632158 69.1583057,23.3630525</coordinates></LineString>
  </Placemark>
  <Placemark>
	<Style><LineStyle><color>ff0000ff</color></LineStyle><PolyStyle><fill>0</fill></PolyStyle></Style>
	<ExtendedData><SchemaData schemaUrl="#765000_voltage_line">
		<SimpleData name="full_id">w1349325420</SimpleData>
		<SimpleData name="osm_id">1349325420</SimpleData>
		<SimpleData name="osm_type">way</SimpleData>
		<SimpleData name="power">line</SimpleData>
		<SimpleData name="cables">3</SimpleData>
		<SimpleData name="voltage">765000</SimpleData>
	</SchemaData></ExtendedData>
      <LineString><coordinates>69.1583726,23.3629886 69.1582544,23.3628922 69.1582165,23.3628624 69.1579188,23.3631431 69.1576855,23.3629362</coordinates></LineString>
  </Placemark>
  <Placemark>
	<Style><LineStyle><color>ff0000ff</color></LineStyle><PolyStyle><fill>0</fill></PolyStyle></Style>
	<ExtendedData><SchemaData schemaUrl="#765000_voltage_line">
		<SimpleData name="full_id">w1349325421</SimpleData>
		<SimpleData name="osm_id">1349325421</SimpleData>
		<SimpleData name="osm_type">way</SimpleData>
		<SimpleData name="power">line</SimpleData>
		<SimpleData name="cables">3</SimpleData>
		<SimpleData name="voltage">765000</SimpleData>
	</SchemaData></ExtendedData>
      <LineString><coordinates>69.1584951,23.3628717 69.1583795,23.3627729 69.1583345,23.3627368 69.1584257,23.3626482 69.1582058,23.3624487</coordinates></LineString>
  </Placemark>
  <Placemark>
	<Style><LineStyle><color>ff0000ff</color></LineStyle><PolyStyle><fill>0</fill></PolyStyle></Style>
	<ExtendedData><SchemaData schemaUrl="#765000_voltage_line">
		<SimpleData name="full_id">w1469657358</SimpleData>
		<SimpleData name="osm_id">1469657358</SimpleData>
		<SimpleData name="osm_type">way</SimpleData>
		<SimpleData name="power">line</SimpleData>
		<SimpleData name="cables">3</SimpleData>
		<SimpleData name="voltage">765000</SimpleData>
	</SchemaData></ExtendedData>
      <LineString><coordinates>72.1806407,22.9811403 72.1804517,22.9829022</coordinates></LineString>
  </Placemark>
  <Placemark>
	<Style><LineStyle><color>ff0000ff</color></LineStyle><PolyStyle><fill>0</fill></PolyStyle></Style>
	<ExtendedData><SchemaData schemaUrl="#765000_voltage_line">
		<SimpleData name="full_id">w1469657359</SimpleData>
		<SimpleData name="osm_id">1469657359</SimpleData>
		<SimpleData name="osm_type">way</SimpleData>
		<SimpleData name="power">line</SimpleData>
		<SimpleData name="cables">3</SimpleData>
		<SimpleData name="voltage">765000</SimpleData>
	</SchemaData></ExtendedData>
      <LineString><coordinates>72.1783687,22.9827446 72.178264,22.9838855 72.1784002,22.984901 72.1787845,22.983925 72.178882,22.9827834</coordinates></LineString>
  </Placemark>
  <Placemark>
	<Style><LineStyle><color>ff0000ff</color></LineStyle><PolyStyle><fill>0</fill></PolyStyle></Style>
	<ExtendedData><SchemaData schemaUrl="#765000_voltage_line">
		<SimpleData name="full_id">w1469657360</SimpleData>
		<SimpleData name="osm_id">1469657360</SimpleData>
		<SimpleData name="osm_type">way</SimpleData>
		<SimpleData name="power">line</SimpleData>
		<SimpleData name="cables">3</SimpleData>
		<SimpleData name="voltage">765000</SimpleData>
	</SchemaData></ExtendedData>
      <LineString><coordinates>72.1794124,22.9828236 72.1792943,22.9839646 72.1795482,22.985617 72.1798471,22.984009 72.1799289,22.9828627</coordinates></LineString>
  </Placemark>
  <Placemark>
	<Style><LineStyle><color>ff0000ff</color></LineStyle><PolyStyle><fill>0</fill></PolyStyle></Style>
	<ExtendedData><SchemaData schemaUrl="#765000_voltage_line">
		<SimpleData name="full_id">w1469657361</SimpleData>
		<SimpleData name="osm_id">1469657361</SimpleData>
		<SimpleData name="osm_type">way</SimpleData>
		<SimpleData name="power">line</SimpleData>
		<SimpleData name="cables">3</SimpleData>
		<SimpleData name="voltage">765000</SimpleData>
	</SchemaData></ExtendedData>
      <LineString><coordinates>72.1804517,22.9829022 72.1803408,22.9840288 72.1806747,22.9855183 72.1808774,22.9840732 72.1810035,22.982944</coordinates></LineString>
  </Placemark>
  <Placemark>
	<Style><LineStyle><color>ff0000ff</color></LineStyle><PolyStyle><fill>0</fill></PolyStyle></Style>
	<ExtendedData><SchemaData schemaUrl="#765000_voltage_line">
		<SimpleData name="full_id">w1469657362</SimpleData>
		<SimpleData name="osm_id">1469657362</SimpleData>
		<SimpleData name="osm_type">way</SimpleData>
		<SimpleData name="power">line</SimpleData>
		<SimpleData name="cables">3</SimpleData>
		<SimpleData name="voltage">765000</SimpleData>
	</SchemaData></ExtendedData>
      <LineString><coordinates>72.1790529,22.9801555 72.1790533,22.9810204</coordinates></LineString>
  </Placemark>
  <Placemark>
	<Style><LineStyle><color>ff0000ff</color></LineStyle><PolyStyle><fill>0</fill></PolyStyle></Style>
	<ExtendedData><SchemaData schemaUrl="#765000_voltage_line">
		<SimpleData name="full_id">w1469657363</SimpleData>
		<SimpleData name="osm_id">1469657363</SimpleData>
		<SimpleData name="osm_type">way</SimpleData>
		<SimpleData name="power">line</SimpleData>
		<SimpleData name="cables">3</SimpleData>
		<SimpleData name="voltage">765000</SimpleData>
	</SchemaData></ExtendedData>
      <LineString><coordinates>72.1795756,22.9810598 72.179611,22.9802247</coordinates></LineString>
  </Placemark>
  <Placemark>
	<Style><LineStyle><color>ff0000ff</color></LineStyle><PolyStyle><fill>0</fill></PolyStyle></Style>
	<ExtendedData><SchemaData schemaUrl="#765000_voltage_line">
		<SimpleData name="full_id">w1469657364</SimpleData>
		<SimpleData name="osm_id">1469657364</SimpleData>
		<SimpleData name="osm_type">way</SimpleData>
		<SimpleData name="power">line</SimpleData>
		<SimpleData name="cables">3</SimpleData>
		<SimpleData name="voltage">765000</SimpleData>
	</SchemaData></ExtendedData>
      <LineString><coordinates>72.1785261,22.9809805 72.1785645,22.9801357</coordinates></LineString>
  </Placemark>
  <Placemark>
	<Style><LineStyle><color>ff0000ff</color></LineStyle><PolyStyle><fill>0</fill></PolyStyle></Style>
	<ExtendedData><SchemaData schemaUrl="#765000_voltage_line">
		<SimpleData name="full_id">w1143767734</SimpleData>
		<SimpleData name="osm_id">1143767734</SimpleData>
		<SimpleData name="osm_type">way</SimpleData>
		<SimpleData name="power">line</SimpleData>
		<SimpleData name="frequency">50</SimpleData>
		<SimpleData name="circuits">2</SimpleData>
		<SimpleData name="cables">6</SimpleData>
		<SimpleData name="voltage">765000</SimpleData>
	</SchemaData></ExtendedData>
      <LineString><coordinates>69.1596088,23.3646348 69.1615909,23.364588 69.1638341,23.3636111 69.1674542,23.3620346 69.1700721,23.3609069 69.1739171,23.3592504 69.1774642,23.3577224 69.1813212,23.3560607 69.1841215,23.354549 69.1871417,23.3527957 69.1932195,23.349427 69.1958423,23.3476569 69.199233,23.3453686</coordinates></LineString>
  </Placemark>
  <Placemark>
	<Style><LineStyle><color>ff0000ff</color></LineStyle><PolyStyle><fill>0</fill></PolyStyle></Style>
	<ExtendedData><SchemaData schemaUrl="#765000_voltage_line">
		<SimpleData name="full_id">w1474337048</SimpleData>
		<SimpleData name="osm_id">1474337048</SimpleData>
		<SimpleData name="osm_type">way</SimpleData>
		<SimpleData name="power">line</SimpleData>
		<SimpleData name="cables">3</SimpleData>
		<SimpleData name="voltage">765000</SimpleData>
	</SchemaData></ExtendedData>
      <LineString><coordinates>69.6889695,23.9914477 69.6907151,23.9907913 69.6916539,23.9909579 69.6930492,23.9913889</coordinates></LineString>
  </Placemark>
  <Placemark>
	<Style><LineStyle><color>ff0000ff</color></LineStyle><PolyStyle><fill>0</fill></PolyStyle></Style>
	<ExtendedData><SchemaData schemaUrl="#765000_voltage_line">
		<SimpleData name="full_id">w484558993</SimpleData>
		<SimpleData name="osm_id">484558993</SimpleData>
		<SimpleData name="osm_type">way</SimpleData>
		<SimpleData name="power">line</SimpleData>
		<SimpleData name="frequency">50</SimpleData>
		<SimpleData name="circuits">2</SimpleData>
		<SimpleData name="cables">6</SimpleData>
		<SimpleData name="voltage">765000</SimpleData>
	</SchemaData></ExtendedData>
      <LineString><coordinates>73.3962361,22.3278623 73.3929819,22.3280884 73.3911141,22.3275372 73.387478,22.3274454 73.3839449,22.327403 73.3812216,22.3252054 73.3782539,22.3229476 73.3775702,22.3198666</coordinates></LineString>
  </Placemark>
  <Placemark>
	<Style><LineStyle><color>ff0000ff</color></LineStyle><PolyStyle><fill>0</fill></PolyStyle></Style>
	<ExtendedData><SchemaData schemaUrl="#765000_voltage_line">
		<SimpleData name="full_id">w1349292468</SimpleData>
		<SimpleData name="osm_id">1349292468</SimpleData>
		<SimpleData name="osm_type">way</SimpleData>
		<SimpleData name="power">line</SimpleData>
		<SimpleData name="cables">3</SimpleData>
		<SimpleData name="voltage">765000</SimpleData>
	</SchemaData></ExtendedData>
      <LineString><coordinates>71.9964605,24.1386505 71.9968763,24.1389719 71.9972719,24.1392777 71.9976808,24.1395938 71.9981661,24.1399689 71.9985915,24.1402977 71.9990329,24.1406389</coordinates></LineString>
  </Placemark>
  <Placemark>
	<Style><LineStyle><color>ff0000ff</color></LineStyle><PolyStyle><fill>0</fill></PolyStyle></Style>
	<ExtendedData><SchemaData schemaUrl="#765000_voltage_line">
		<SimpleData name="full_id">w1455340074</SimpleData>
		<SimpleData name="osm_id">1455340074</SimpleData>
		<SimpleData name="osm_type">way</SimpleData>
		<SimpleData name="power">line</SimpleData>
		<SimpleData name="frequency">50</SimpleData>
		<SimpleData name="circuits">2</SimpleData>
		<SimpleData name="cables">6</SimpleData>
		<SimpleData name="voltage">765000</SimpleData>
	</SchemaData></ExtendedData>
      <LineString><coordinates>70.5918252,23.4034345 70.5878878,23.404744 70.584299,23.4059107 70.5809623,23.4070036 70.5776095,23.4081064 70.5739295,23.4079439 70.5700082,23.4077962 70.5658078,23.4075698 70.5616826,23.4073975 70.5580723,23.406595 70.5543172,23.4057089 70.5504709,23.4048228 70.5468339,23.4041237 70.5429232,23.4033705 70.5389911,23.4024843 70.5351716,23.4016178 70.5316096,23.4009778 70.5279672,23.400131 70.5244482,23.3993728 70.5204785,23.3985703 70.5169809,23.3998602 70.5130702,23.4017212 70.5089879,23.4034689 70.5050987,23.4028683 70.5008125,23.4032178 70.4975188,23.4034985 70.4938656,23.4033065 70.4901159,23.4032326 70.4860121,23.4031194 70.4840916,23.4034935 70.4816186,23.4032425 70.4779065,23.4027108 70.4737544,23.4020904 70.4710346,23.4017803 70.4696453,23.3998012 70.465697,23.3990479 70.4616469,23.398334 70.4578006,23.3976005 70.4533535,23.3968226 70.449577,23.3961678 70.4460472,23.3961727 70.4420239,23.3960988 70.4379308,23.3961382 70.4339021,23.3961628 70.4299271,23.3961924 70.4258341,23.3961579 70.4217464,23.3953554 70.4178097,23.3945709 70.4141999,23.3938515 70.4103031,23.3930749 70.406556,23.3923282 70.4026047,23.3915407 70.3987541,23.3907733 70.3948126,23.3899878 70.3913201,23.3892918 70.3876338,23.3885571 70.3841203,23.3878569 70.3803277,23.3870839 70.3772539,23.386493 70.373987,23.385848 70.369674,23.3849666 70.3655058,23.3841838 70.3620458,23.3834797 70.3586501,23.3827952 70.3556836,23.3822044 70.3516334,23.3814215 70.3478676,23.3806977 70.3441125,23.3799246 70.3402984,23.3791515 70.3365272,23.3784277 70.3328204,23.377694 70.3292102,23.3769899 70.3253317,23.3761626 70.3214425,23.3754339 70.3173816,23.3752172 70.3134763,23.3750449 70.3094959,23.3748725 70.3056174,23.3746657 70.3016156,23.3745032 70.2978605,23.3743309 70.2939391,23.3741831 70.2900177,23.3739763 70.2860802,23.3738089 70.2822125,23.3736267 70.2783984,23.3734839 70.2742785,23.3733756 70.2722669,23.3744687 70.2672565,23.3738138 70.2633566,23.3732672 70.2594781,23.3727945 70.2554387,23.3722282 70.2517962,23.3717604 70.2477193,23.3712286 70.2435297,23.3707165 70.2396351,23.3702191 70.235467,23.3696676 70.231508,23.3698744 70.2276456,23.3700862 70.223617,23.3703471 70.2196634,23.3705195 70.2156132,23.369771 70.2114558,23.3690077 70.2073896,23.3682444 70.2031356,23.3674861 70.1992035,23.366777 70.1950729,23.3659497 70.1910174,23.3652159 70.1867688,23.3644526 70.1827186,23.3636991 70.1786846,23.3629161 70.1745754,23.3621528 70.1705521,23.3614387 70.1665235,23.3606951 70.1622856,23.3598875 70.1585305,23.3607197 70.1548129,23.3614683 70.1509559,23.3622464 70.1470721,23.3629999 70.1435155,23.3637681 70.1392668,23.3646644 70.1375234,23.366058 70.1334947,23.3667819 70.1298255,23.3674812 70.1259255,23.3682395 70.1221383,23.3689339 70.1183027,23.3696774 70.1146603,23.3703718 70.1107442,23.3710956 70.1066565,23.3719081 70.1028746,23.3726172 70.0990927,23.3732968 70.0952518,23.3739763 70.0913143,23.3747248 70.087409,23.375488 70.08367,23.3761429 70.0799203,23.374971 70.0760579,23.3737744 70.0721419,23.3725828 70.0690842,23.3716225 70.0653291,23.3714157 70.0609571,23.3711055 70.0569767,23.3708199 70.0529265,23.3705589 70.049032,23.371982 70.0451052,23.3733214 70.0413179,23.3744884 70.0372893,23.3759115 70.0337112,23.3771228 70.0297201,23.3785508 70.0258738,23.3799148 70.0219738,23.3812245 70.0182348,23.3825589 70.0144851,23.3837406 70.0108534,23.3851242 70.0071573,23.3863798 70.0037885,23.3867786 70.0001728,23.3872562 69.9967664,23.3876993 69.9927646,23.3882114 69.9889237,23.3887136 69.9852061,23.3891961 69.981215,23.3896983 69.9773687,23.3901168 69.9732596,23.3905747 69.9690431,23.3909981 69.964993,23.3914166 69.9609858,23.391845 69.9567103,23.3922536 69.9525636,23.3926968 69.9485457,23.3931497 69.9442863,23.3935633 69.9403113,23.3939769 69.9363524,23.3943609 69.9325812,23.3947252 69.9297541,23.3962958 69.9262834,23.3981026 69.9231076,23.399811 69.9202001,23.4013963 69.9168742,23.4031243 69.9138594,23.4046997 69.9098843,23.4068412 69.9065477,23.4086331 69.9022722,23.4087907 69.8981631,23.4089728 69.8942202,23.4090368 69.890154,23.409022 69.8860556,23.409027 69.8820054,23.4090614 69.87773,23.4090565 69.8735726,23.4090762 69.8695815,23.4090959 69.8659122,23.4091156 69.8618567,23.4091107 69.857651,23.4091303 69.8534989,23.4093962 69.8494542,23.4096472 69.8454255,23.4098835 69.8414129,23.4101445 69.837352,23.4104004 69.8336399,23.410622 69.8297828,23.4109223 69.8259366,23.411129 69.8220688,23.4113949 69.8182172,23.4116262 69.814344,23.4118477 69.8104656,23.412089 69.806866,23.4130883 69.8031002,23.4141221 69.7993451,23.4151214 69.7955793,23.41616 69.7918087,23.4171924 69.7882893,23.418156 69.7846261,23.419159 69.7807817,23.4202116 69.7769693,23.4212554 69.7739904,23.422071 69.7734243,23.4222246 69.7722334,23.4252567 69.7709727,23.4287564 69.7696638,23.4320837 69.7682047,23.4356226 69.7669601,23.4391122 69.7656673,23.4423458 69.7644013,23.4456826 69.7631782,23.4490095 69.76188,23.4524594 69.7605228,23.4559239 69.75923,23.4592456 69.7579586,23.4625771 69.7566014,23.466125 69.7567356,23.4698746 69.7568482,23.4735896 69.7569984,23.4773439 69.7571218,23.4811521 69.7572398,23.4848472 69.7573739,23.4886405 69.7574866,23.4923894 69.7575885,23.4961235 69.7577548,23.4999214 69.757905,23.5036847 69.7580123,23.5074431 69.7581303,23.5112062 69.758302,23.5149692 69.7583878,23.5187076 69.7585219,23.5224704 69.7586507,23.5262577 69.7587955,23.5298138 69.758935,23.53335 69.7590262,23.5369944 69.759171,23.5407714 69.7592729,23.5445336 69.7594231,23.5482318 69.7595358,23.5520528 69.7596914,23.5558147 69.7598094,23.5595813 69.7598952,23.5633282 69.7600722,23.5670701 69.7602224,23.5708512 69.7603244,23.574588 69.7604853,23.5783295 69.7605711,23.5821349 69.7606784,23.5859205 69.760834,23.5896175 69.7609627,23.5933881 69.7611129,23.5971832 69.7611719,23.6009782 69.7613329,23.6046895 69.7614348,23.6084892 69.7616118,23.6122298 69.761703,23.615985 69.7618586,23.6197205 69.7619712,23.6234706 69.7621053,23.627255 69.7622448,23.6310196 69.7623575,23.6347743 69.7624916,23.6385387 69.7626042,23.6423178 69.7627705,23.6460918 69.7628993,23.6498411 69.7630387,23.6535756 69.7631568,23.6573444 69.7632587,23.6611131 69.7634089,23.6648718 69.7635913,23.6686256 69.763661,23.6724037 69.7637844,23.6761425 69.7639185,23.6798959 69.7641063,23.6835755 69.7642511,23.6873778 69.764353,23.6910965</coordinates></LineString>
  </Placemark>
  <Placemark>
	<Style><LineStyle><color>ff0000ff</color></LineStyle><PolyStyle><fill>0</fill></PolyStyle></Style>
	<ExtendedData><SchemaData schemaUrl="#765000_voltage_line">
		<SimpleData name="full_id">w1455340077</SimpleData>
		<SimpleData name="osm_id">1455340077</SimpleData>
		<SimpleData name="osm_type">way</SimpleData>
		<SimpleData name="power">line</SimpleData>
		<SimpleData name="frequency">50</SimpleData>
		<SimpleData name="circuits">2</SimpleData>
		<SimpleData name="cables">6</SimpleData>
		<SimpleData name="voltage">765000</SimpleData>
	</SchemaData></ExtendedData>
      <LineString><coordinates>69.6930277,23.9914477 69.6959728,23.990051 69.6996099,23.9879778 69.7033864,23.9857331 69.70734,23.9834932 69.7110146,23.9813366 69.7181332,23.9795035 69.7197533,23.9762489 69.7217381,23.9723031 69.7236586,23.9684111 69.7255629,23.9646661 69.7274888,23.9608572 69.7293448,23.9571413 69.732306,23.9558275 69.7330731,23.9524301 69.7340709,23.9483905 69.7349667,23.9447674 69.7359484,23.9408157 69.7353208,23.9374817 69.7347575,23.9343192 69.7341889,23.9311174 69.7336471,23.9276067 69.73288,23.9235172 69.732188,23.9195697 69.7314048,23.9156418 69.7308093,23.9117579 69.7302461,23.9078641 69.7285992,23.9069568 69.7283202,23.9034356 69.7280949,23.899772 69.7278053,23.8962211 69.7275478,23.8922042 69.7273278,23.8889278 69.7287601,23.8874514 69.7290122,23.8841504 69.7293073,23.8801969 69.7295594,23.8766307 69.7297794,23.8733049 69.7300583,23.8698612 69.7303373,23.8664714 69.7305679,23.8630619 69.730863,23.8590439 69.7340977,23.8575329 69.7373432,23.8559531 69.7412163,23.8540986 69.7445744,23.8525237 69.7473854,23.8511647 69.7486943,23.849315 69.7490108,23.8452328 69.7493595,23.8419209 69.749676,23.8377551 69.7500622,23.8343645 69.7503519,23.8305125 69.7505879,23.8269548 69.7509259,23.8233676 69.7511351,23.8205458 69.7524226,23.8173952 69.7537476,23.8137488 69.7549707,23.8106177 69.7563708,23.8069416 69.7577763,23.8032557 69.7589672,23.799874 69.7593963,23.7959866 69.7597665,23.7924034 69.7601902,23.7885747 69.7607213,23.7847018 69.7611612,23.7811576 69.7616386,23.7775543 69.7621643,23.7738234 69.7628456,23.7700432 69.7634304,23.7662924 69.7641063,23.7628508 69.7649109,23.7588396 69.7649217,23.7550296 69.7649914,23.7513127 69.7649753,23.7475614 69.7650236,23.7437952</coordinates></LineString>
  </Placemark>
  <Placemark>
	<Style><LineStyle><color>ff0000ff</color></LineStyle><PolyStyle><fill>0</fill></PolyStyle></Style>
	<ExtendedData><SchemaData schemaUrl="#765000_voltage_line">
		<SimpleData name="full_id">w1455340078</SimpleData>
		<SimpleData name="osm_id">1455340078</SimpleData>
		<SimpleData name="osm_type">way</SimpleData>
		<SimpleData name="power">line</SimpleData>
		<SimpleData name="frequency">50</SimpleData>
		<SimpleData name="circuits">2</SimpleData>
		<SimpleData name="cables">6</SimpleData>
		<SimpleData name="voltage">765000</SimpleData>
	</SchemaData></ExtendedData>
      <LineString><coordinates>69.6930492,23.9913889 69.6960264,23.9900019 69.699583,23.9880121 69.7034293,23.9857674 69.7074097,23.9834638 69.7111434,23.9813366</coordinates></LineString>
  </Placemark>
  <Placemark>
	<Style><LineStyle><color>ff0000ff</color></LineStyle><PolyStyle><fill>0</fill></PolyStyle></Style>
	<ExtendedData><SchemaData schemaUrl="#765000_voltage_line">
		<SimpleData name="full_id">w1455340079</SimpleData>
		<SimpleData name="osm_id">1455340079</SimpleData>
		<SimpleData name="osm_type">way</SimpleData>
		<SimpleData name="power">line</SimpleData>
		<SimpleData name="frequency">50</SimpleData>
		<SimpleData name="circuits">2</SimpleData>
		<SimpleData name="cables">6</SimpleData>
		<SimpleData name="voltage">765000</SimpleData>
	</SchemaData></ExtendedData>
      <LineString><coordinates>69.6889695,23.9914477 69.6858287,23.9945157 69.6822318,23.9971499</coordinates></LineString>
  </Placemark>
  <Placemark>
	<Style><LineStyle><color>ff0000ff</color></LineStyle><PolyStyle><fill>0</fill></PolyStyle></Style>
	<ExtendedData><SchemaData schemaUrl="#765000_voltage_line">
		<SimpleData name="full_id">w1474337047</SimpleData>
		<SimpleData name="osm_id">1474337047</SimpleData>
		<SimpleData name="osm_type">way</SimpleData>
		<SimpleData name="power">line</SimpleData>
		<SimpleData name="frequency">50</SimpleData>
		<SimpleData name="circuits">2</SimpleData>
		<SimpleData name="cables">6</SimpleData>
		<SimpleData name="voltage">765000</SimpleData>
	</SchemaData></ExtendedData>
      <LineString><coordinates>69.6889695,23.9914477 69.6903798,23.991546 69.6912462,23.9917028 69.6930492,23.9913889</coordinates></LineString>
  </Placemark>
  <Placemark>
	<Style><LineStyle><color>ff0000ff</color></LineStyle><PolyStyle><fill>0</fill></PolyStyle></Style>
	<ExtendedData><SchemaData schemaUrl="#765000_voltage_line">
		<SimpleData name="full_id">w1161376927</SimpleData>
		<SimpleData name="osm_id">1161376927</SimpleData>
		<SimpleData name="osm_type">way</SimpleData>
		<SimpleData name="power">line</SimpleData>
		<SimpleData name="frequency">50</SimpleData>
		<SimpleData name="circuits">1</SimpleData>
		<SimpleData name="cables">3</SimpleData>
		<SimpleData name="voltage">765000</SimpleData>
	</SchemaData></ExtendedData>
      <LineString><coordinates>71.9954038,24.1452924 71.9958544,24.1467046 71.9952267,24.1478917 71.9943604,24.1482001 71.9927162,24.1472749</coordinates></LineString>
  </Placemark>
  <Placemark>
	<Style><LineStyle><color>ff0000ff</color></LineStyle><PolyStyle><fill>0</fill></PolyStyle></Style>
	<ExtendedData><SchemaData schemaUrl="#765000_voltage_line">
		<SimpleData name="full_id">w1161376928</SimpleData>
		<SimpleData name="osm_id">1161376928</SimpleData>
		<SimpleData name="osm_type">way</SimpleData>
		<SimpleData name="power">line</SimpleData>
		<SimpleData name="frequency">50</SimpleData>
		<SimpleData name="circuits">2</SimpleData>
		<SimpleData name="cables">6</SimpleData>
		<SimpleData name="voltage">765000</SimpleData>
	</SchemaData></ExtendedData>
      <LineString><coordinates>71.9954038,24.1452924 71.9957256,24.1431949</coordinates></LineString>
  </Placemark>
  <Placemark>
	<Style><LineStyle><color>ff0000ff</color></LineStyle><PolyStyle><fill>0</fill></PolyStyle></Style>
	<ExtendedData><SchemaData schemaUrl="#765000_voltage_line">
		<SimpleData name="full_id">w1161376929</SimpleData>
		<SimpleData name="osm_id">1161376929</SimpleData>
		<SimpleData name="osm_type">way</SimpleData>
		<SimpleData name="power">line</SimpleData>
		<SimpleData name="frequency">50</SimpleData>
		<SimpleData name="circuits">1</SimpleData>
		<SimpleData name="cables">3</SimpleData>
		<SimpleData name="voltage">765000</SimpleData>
	</SchemaData></ExtendedData>
      <LineString><coordinates>71.9927162,24.1472749 71.9939205,24.1473361 71.9947788,24.1470106 71.9954038,24.1452924</coordinates></LineString>
  </Placemark>
  <Placemark>
	<Style><LineStyle><color>ff0000ff</color></LineStyle><PolyStyle><fill>0</fill></PolyStyle></Style>
	<ExtendedData><SchemaData schemaUrl="#765000_voltage_line">
		<SimpleData name="full_id">w655683223</SimpleData>
		<SimpleData name="osm_id">655683223</SimpleData>
		<SimpleData name="osm_type">way</SimpleData>
		<SimpleData name="power">line</SimpleData>
		<SimpleData name="frequency">50</SimpleData>
		<SimpleData name="circuits">2</SimpleData>
		<SimpleData name="cables">6</SimpleData>
		<SimpleData name="voltage">765000</SimpleData>
	</SchemaData></ExtendedData>
      <LineString><coordinates>73.3649178440893,23.8462031371999 73.3640706,23.8457235 73.3620858,23.8433634 73.3591676,23.8423281 73.3574241,23.8427452 73.3546239,23.8406648 73.3525157,23.8390407 73.3495814,23.8376226 73.3462608,23.8360475 73.343026,23.8344577 73.3405369,23.8318766 73.3379513,23.8291777 73.3353925,23.8265377 73.331337,23.8253599 73.328113,23.8234706 73.3248782,23.8216892 73.3227217,23.8180577 73.3195674,23.8159327 73.3174914,23.8131697 73.3152544,23.8100582 73.3133018,23.8074619 73.3116442,23.8052189 73.3082056,23.803668 73.3049118,23.80383 73.3012801,23.8039821 73.2973266,23.8041392 73.2936895,23.804684 73.2910448,23.8062005 73.2892585,23.8064459 73.2863295,23.8075993 73.2836688,23.8086938 73.2806218,23.8103625 73.2774943,23.8121096 73.2746673,23.8136507 73.2718939,23.8152309 73.2683963,23.8170713 73.2663256,23.8182344 73.2629728,23.8193042 73.2595289,23.8209335 73.2561278,23.8225971 73.2515949,23.8244864 73.2468259,23.8264444 73.2441598,23.8287115 73.2416654,23.8304732 73.2384413,23.8299972 73.2352871,23.8309639 73.2317573,23.8329758 73.2283241,23.8317736 73.2250732,23.8306253 73.2218063,23.8286036 73.2183945,23.8297764 73.2150793,23.8309296 73.2115388,23.8326568 73.2089209,23.8340602 73.2057774,23.8356501 73.2029986,23.8369749 73.1987178,23.8365922 73.1945121,23.83618 73.1911755,23.8354832 73.1877637,23.8348257 73.1843626,23.8340897 73.1807792,23.8328629 73.1772709,23.8315773 73.1738269,23.8303898 73.1703293,23.8291139 73.167116,23.8301395 73.1634682,23.8313025 73.1599277,23.8324507 73.1587422,23.8354391 73.1576264,23.8383586 73.1563389,23.841705 73.155309,23.8443938 73.1540215,23.8476517 73.1528842,23.8505269 73.1512535,23.8537552 73.1498909,23.8565124 73.148067,23.8600546 73.1446445,23.8618305 73.1411683,23.8635279 73.1377458,23.8651665 73.1341517,23.8661574 73.1307292,23.8670993 73.1273925,23.8688948 73.1240344,23.8706314 73.1211483,23.8721619 73.1181443,23.8737317 73.1143999,23.8756742 73.11131,23.8787743 73.1091964,23.8809915 73.1073081,23.8829241 73.105216,23.8850529 73.1033277,23.8869266 73.1032097,23.8895654 73.1030702,23.8916156 73.1027484,23.8937149 73.1001949,23.8958925 73.0974913,23.8981486 73.0933499,23.8991786 73.0899489,23.9009245 73.0866659,23.9025528 73.0833292,23.9028569 73.0800784,23.9031609 73.0764413,23.9034846 73.0730027,23.9037936 73.0694997,23.9041222 73.0664366,23.9043919 73.062821,23.904745 73.0603319,23.9049314 73.0565768,23.9049608 73.0527574,23.904951 73.0505204,23.9044311 73.0469155,23.9052796 73.043316,23.9060937 73.0397379,23.9069176 73.0370235,23.9080602 73.0349851,23.9083888 73.0316269,23.9075502 73.0278557,23.9065939 73.0240631,23.9056719 73.0204368,23.9048039 73.0173469,23.9067312 73.0140156,23.9087517 73.0110329,23.9105613 73.0077338,23.9126504 73.004719,23.9144551 73.0016291,23.9155241 72.9982281,23.916652 72.9951489,23.9176818 72.9922092,23.9186724 72.9890495,23.9197414 72.9856807,23.9209035 72.9818237,23.9209526 72.9783904,23.9210752 72.9744637,23.9211781 72.9707086,23.9212958 72.9672915,23.9217519 72.9640192,23.9221736 72.9604196,23.9226541 72.956686,23.9231641 72.9527378,23.9236986 72.9491597,23.9242037 72.945689,23.9246204 72.9423523,23.9250569 72.9392087,23.9241448 72.9364139,23.9233357 72.9336458,23.9225217 72.9298103,23.9213449 72.9263288,23.9203053 72.9220533,23.9190696 72.9180676,23.9178632 72.9146397,23.9168187 72.911405,23.9166177 72.9076284,23.9162989 72.9037607,23.9159802 72.9000378,23.9156712 72.8963739,23.9166226 72.8922218,23.9169168 72.8886652,23.9171081 72.8850067,23.9173385 72.8809029,23.9176181 72.8771585,23.9161567 72.8737146,23.9148621 72.8704852,23.9136361 72.8667837,23.9151956 72.8639728,23.9163627 72.8612745,23.9175347 72.8575677,23.919099 72.853936,23.921541 72.8505403,23.9203004 72.8472519,23.9192118 72.8439581,23.9181379 72.8412759,23.917162 72.8383577,23.9162058 72.8351229,23.917059 72.8315556,23.9180643 72.8280955,23.9189372 72.8245819,23.919864 72.8225434,23.9225217 72.8187936,23.927386 72.8166103,23.9300828 72.8139389,23.9321373 72.8101891,23.9320245 72.8065681,23.9319314 72.802813,23.9317401 72.7987146,23.9317303 72.7953941,23.9317794 72.7924597,23.932206 72.7887529,23.9302446 72.7863014,23.9288325 72.7836567,23.9273713 72.7806956,23.9283961 72.7775574,23.9294503 72.7746499,23.9304653 72.77237,23.9296023 72.7692962,23.9284598 72.7654445,23.9292689 72.7617377,23.9299995 72.7579343,23.9307644 72.7543455,23.9314214 72.7515399,23.9313283 72.7476668,23.931191 72.7446198,23.9310439 72.7406931,23.929617 72.7377266,23.9299308 72.7346474,23.930328 72.7318418,23.933672 72.7278587,23.9333876 72.7243262,23.9329905 72.7210647,23.9327159 72.7173579,23.932456 72.7137637,23.9321177 72.7105343,23.933064 72.7075303,23.9338926 72.7043652,23.9348291 72.7013129,23.935697 72.6977509,23.9357754 72.6938081,23.9358784 72.6911205,23.9370551 72.6886046,23.9368688 72.6870489,23.938678 72.6840368,23.9389526 72.6815879,23.9413992 72.6799303,23.9427769 72.6775378,23.9431299 72.6742333,23.9436103 72.6719427,23.9432917 72.6696306,23.9426249 72.665838,23.9411001 72.6631504,23.9400312 72.6597923,23.9386927 72.6566327,23.9379132 72.6527756,23.9388545 72.6494121,23.9396439 72.6458716,23.9404382 72.6423472,23.9412472 72.6393968,23.9419483 72.6360655,23.942718 72.6326376,23.9435123 72.6290166,23.9443507 72.6255566,23.9451694 72.6220053,23.9459636 72.6184058,23.9468216 72.6157075,23.9464294 72.6127893,23.9460225 72.608884,23.9462284 72.606867,23.9458803 72.6029456,23.9455126 72.5991222,23.9451989 72.5951779,23.9448752 72.5912726,23.9445909 72.5877804,23.9461009 72.5842828,23.9476257 72.5809246,23.9490915 72.5773573,23.9505966 72.5744498,23.9536214 72.5710165,23.9555775 72.5674653,23.9555873 72.563619,23.9556216 72.5598317,23.9571119 72.5563985,23.9585041 72.5527775,23.9599307 72.549178,23.961367 72.5448114,23.9607346 72.5413942,23.9602689 72.5376016,23.9597542 72.5337124,23.9592051 72.5298768,23.9586414 72.5275969,23.9579208 72.5233269,23.9589208 72.5207734,23.9611366 72.5183916,23.9631661 72.5179303,23.9658131 72.5173831,23.9689896 72.5144756,23.9705973 72.5113428,23.9722835 72.508049,23.9740187 72.5048196,23.9776067 72.5021589,23.9804887 72.5000882,23.9827531 72.4975777,23.9854292 72.4949276,23.9883013 72.4920845,23.9898206 72.4889839,23.9915752 72.4857223,23.9933199 72.4825573,23.9951038 72.4797571,23.9966133 72.4768495,23.9982403 72.4741673,23.9996811 72.4705517,24.0016609 72.4679983,24.0041112 72.4651337,24.0068555 72.4626017,24.0093056 72.4599731,24.0118733 72.4570441,24.0137844 72.454083,24.015715 72.4510682,24.0177436 72.4481285,24.0197134 72.4457681,24.0212716 72.4430859,24.0229767 72.4402535,24.0248484 72.4376678,24.0265731 72.4344814,24.0286113 72.4313378,24.0307965 72.4312091,24.03452 72.4310481,24.0379299 72.4308979,24.0413985 72.4307477,24.044818 72.4293315,24.0479826 72.4278724,24.0512256 72.4264884,24.0544783 72.4230015,24.0555756 72.419225,24.0567316 72.4157596,24.0578191 72.4120259,24.0589947 72.4096656,24.060043 72.4063074,24.0600136 72.4030888,24.0599842 72.3990226,24.0582012 72.3960185,24.056859 72.3928535,24.0554776 72.3895597,24.0563006 72.3859119,24.0558303 72.3826933,24.0577603 72.3796248,24.0595335 72.3760414,24.0598372 72.373724,24.0600332 72.3701298,24.0610716 72.3663533,24.0621688 72.3626196,24.0631877 72.3588645,24.0642653 72.3555601,24.0662245 72.3525023,24.0680662 72.3492944,24.0697511 72.3460543,24.071436 72.342664,24.073258 72.3391771,24.0747861 72.3356259,24.0763142 72.332139,24.0778227 72.3296606,24.0777346 72.3269248,24.0775289 72.3247898,24.0769803 72.3207128,24.0775093 72.3170006,24.0780578 72.3131168,24.078528 72.3089003,24.0791843 72.3053062,24.0797034 72.3016477,24.0802324 72.2982252,24.0806927 72.2946525,24.0811825 72.2920239,24.0816722 72.2892451,24.0822208 72.2868633,24.0822697 72.2837841,24.0826224 72.28019,24.0812609 72.2768533,24.0799581 72.2737741,24.0787631 72.2709739,24.079008 72.2677231,24.0793214 72.2640216,24.0796251 72.261951,24.0793116 72.2578096,24.0801148 72.254076,24.0804381 72.250278,24.0807809 72.2465444,24.0811139 72.2427893,24.0814666 72.2390342,24.0817408 72.2356009,24.0820347 72.231524,24.0823775 72.2277152,24.0828281 72.2238314,24.083357 72.2199047,24.0838271 72.216289,24.0846401 72.2124803,24.0855608 72.2087252,24.084503 72.2051203,24.0842875 72.2016013,24.0841112 72.1980715,24.0839055 72.1941125,24.0836214 72.1904433,24.0848948 72.1867204,24.0861289 72.1837914,24.0870986 72.1802509,24.0883425 72.1765602,24.0895178 72.1728372,24.0907128 72.169168,24.0919566 72.1666038,24.0928969 72.1640932,24.0938861 72.160939,24.0938665 72.1576452,24.0942681 72.155478,24.09608 72.1529245,24.0983325 72.1494591,24.0996449 72.1459079,24.1010846 72.1424639,24.1025046 72.1402323,24.1017114 72.1366274,24.1014861 72.1338057,24.1012119 72.1301687,24.1014371 72.1262741,24.1017211 72.1224117,24.1019562 72.1185923,24.1021912 72.1161032,24.1018778 72.112509,24.102583 72.1089363,24.1033371 72.105782,24.1053937 72.1025526,24.1074698 72.098701,24.1082728 72.0949888,24.1089681 72.0911693,24.1097614 72.0873928,24.1105252 72.0840025,24.1121019 72.0806229,24.1136883 72.0772111,24.1152747 72.0744216,24.1183788 72.0718789,24.1219725 72.0706987,24.1237351 72.0678556,24.126183 72.0650875,24.1286113 72.0632422,24.1315291 72.0617509,24.1338301 72.059648,24.1370121 72.0541441,24.1388724 72.0489085,24.1407424 72.0435977,24.1425144 72.0412588,24.1440711 72.0376217,24.1444725 72.0338774,24.1448935 72.0315599,24.1434445 72.0280087,24.1432683 72.0242107,24.1430627 72.0206916,24.1444823 72.0170975,24.1458235 72.0123124,24.1462054 72.0101774,24.1463228 72.0062613,24.1474193 72.0057785,24.148692 72.0044535,24.1504248 72.0005912,24.1525247 71.9961762,24.1511542 71.9945615,24.1476249 71.9932043,24.1445361 71.9944328,24.1427396</coordinates></LineString>
  </Placemark>
  <Placemark>
	<Style><LineStyle><color>ff0000ff</color></LineStyle><PolyStyle><fill>0</fill></PolyStyle></Style>
	<ExtendedData><SchemaData schemaUrl="#765000_voltage_line">
		<SimpleData name="full_id">w1433426351</SimpleData>
		<SimpleData name="osm_id">1433426351</SimpleData>
		<SimpleData name="osm_type">way</SimpleData>
		<SimpleData name="power">line</SimpleData>
		<SimpleData name="cables">3</SimpleData>
		<SimpleData name="voltage">765000</SimpleData>
	</SchemaData></ExtendedData>
      <LineString><coordinates>69.3411838,24.0976812 69.3411838,24.0975891 69.3411838,24.0975525 69.3425946,24.09755 69.3425946,24.0973052 69.3422835,24.096092 69.3420099,24.0972954 69.3420045,24.0975182 69.3411462,24.0975304 69.3411462,24.0975894 69.3411436,24.0976816</coordinates></LineString>
  </Placemark>
  <Placemark>
	<Style><LineStyle><color>ff0000ff</color></LineStyle><PolyStyle><fill>0</fill></PolyStyle></Style>
	<ExtendedData><SchemaData schemaUrl="#765000_voltage_line">
		<SimpleData name="full_id">w1078426596</SimpleData>
		<SimpleData name="osm_id">1078426596</SimpleData>
		<SimpleData name="osm_type">way</SimpleData>
		<SimpleData name="power">line</SimpleData>
		<SimpleData name="frequency">50</SimpleData>
		<SimpleData name="circuits">2</SimpleData>
		<SimpleData name="cables">6</SimpleData>
		<SimpleData name="voltage">765000</SimpleData>
	</SchemaData></ExtendedData>
      <LineString><coordinates>69.2423415,23.3228928 69.2456138,23.3218534 69.2493936,23.3206261 69.2531098,23.3194102 69.2566992,23.3182475 69.260087,23.3171538 69.2641264,23.3164502 69.2673558,23.3158877 69.2714918,23.315134 69.2745441,23.3145823 69.2763519,23.3147892 69.2797154,23.3150503 69.2832559,23.315267 69.2868125,23.3154936 69.2903638,23.315804 69.2941725,23.3160947 69.2982441,23.3163311 69.3006098,23.3165577 69.3036354,23.317676 69.3069828,23.318681 69.3095845,23.3196613 69.3131196,23.3207992 69.3152386,23.3222032 69.318468,23.3232918 69.3214613,23.3244002 69.3233925,23.3255135 69.3278825,23.3280454 69.3297762,23.3290257 69.3340355,23.3300896 69.3376833,23.3310108 69.3417335,23.3320796 69.3452901,23.332986 69.3489969,23.3339859 69.3526286,23.3348479 69.356727,23.3352764 69.3609327,23.3356409 69.3645859,23.3363699 69.3677133,23.3369166 69.371404,23.3376998 69.3751806,23.3383992 69.3792146,23.3391627 69.381355,23.3397488 69.3857324,23.3401379 69.3881464,23.3426351 69.3906194,23.345408 69.3929154,23.3478411 69.3965417,23.3488852 69.4000715,23.3499737 69.4034779,23.3510079 69.407115,23.3521801 69.4107842,23.3532636 69.4143891,23.3543717 69.418112,23.3555044 69.4215882,23.3565091 69.4259441,23.3578585 69.4304395,23.3591931 69.4329125,23.3605178 69.4357073,23.3619017 69.4392157,23.3637582 69.4425952,23.3655508 69.4458675,23.3672054 69.4493169,23.3689733 69.4528466,23.3709134 69.4565695,23.3726566 69.4585812,23.3761725 69.4604105,23.3792303 69.4623363,23.3825343 69.4642246,23.3857594 69.4661879,23.3883295 69.4680655,23.3908603 69.4701147,23.3936667 69.4724697,23.3968521 69.4742989,23.3993778 69.4765359,23.4024597 69.4784993,23.4050738 69.4807309,23.4080916 69.4827479,23.4108041 69.4847381,23.4135412 69.4858539,23.4150327 69.4919801,23.4175777 69.4958639,23.419276 69.5002627,23.4211466 69.5025212,23.421496 69.5054126,23.4253552 69.508068,23.4288253 69.5120752,23.4291994 69.5156962,23.4294947 69.5191026,23.4297359 69.5225733,23.4300263 69.5263392,23.4303856 69.5290321,23.4305973 69.5325887,23.4308237 69.5359361,23.4323594 69.5397609,23.4341264 69.5423949,23.4353224 69.5462036,23.4370549 69.550522,23.4371976 69.5543468,23.4373748 69.5586115,23.4374979 69.5625544,23.4376554 69.566009,23.4371435 69.5694369,23.4366907 69.5727897,23.4362034 69.5766306,23.4356768 69.5781648,23.4367694 69.5807451,23.4369958 69.5835453,23.4381623 69.5867747,23.4394469 69.5901972,23.4407462 69.5936304,23.4421735 69.5969564,23.4434433 69.6004003,23.4448361 69.6020579,23.4465439 69.6038443,23.4495656 69.6057916,23.4529121 69.6063334,23.453793 69.6090209,23.4528678 69.6127921,23.4515489 69.6150559,23.4530942 69.6160778,23.4551365 69.61909,23.4561158 69.621858,23.4568737 69.62542,23.4555548 69.6290624,23.454231 69.6324742,23.4530007 69.6357948,23.4517901 69.6391958,23.450545 69.6427149,23.4492949 69.6462339,23.4480695 69.6500641,23.4466029 69.6534598,23.4453972 69.6569574,23.4441225 69.6604577,23.4428945 69.6626249,23.4428822 69.6664846,23.4418831 69.6704382,23.440884 69.6744186,23.43988 69.6786296,23.4387825 69.6823912,23.4385938 69.6863812,23.4383936 69.6900397,23.4365332 69.6939719,23.4344807 69.6974611,23.4326758 69.7007847,23.4309566 69.7042608,23.4290665 69.7077058,23.4291812 69.7106391,23.4297753 69.713493,23.4304349 69.7171622,23.4284955 69.7208154,23.4265267 69.7241533,23.4246679 69.7280869,23.4224584 69.7304767,23.4211466 69.7336256,23.4194483 69.7364613,23.4171705 69.738997,23.4151335 69.7412916,23.4132903 69.7438288,23.4112521 69.7480383,23.4107101 69.7521576,23.4101797 69.7559319,23.4096937 69.7601121,23.4091554 69.7641307,23.4086379 69.7683816,23.4080906 69.772464,23.4075649 69.7764069,23.4070233 69.7798677,23.4066255 69.7836435,23.4061914 69.7873986,23.405704 69.7912073,23.4052855 69.7951448,23.4047834 69.8028374,23.4037692 69.8066997,23.4032277 69.8107552,23.403336 69.814682,23.4034345 69.8185658,23.4035231 69.8227501,23.4035723 69.8270631,23.4036018 69.8312151,23.4037003 69.8350882,23.4037298 69.8384464,23.4038086 69.8417401,23.403848 69.8455167,23.4039858 69.8494542,23.4037988 69.8531878,23.4036806 69.8573935,23.4035034 69.8614705,23.4033754 69.8656225,23.4032277 69.8700321,23.4030308 69.8739159,23.4028535 69.878186,23.4027255 69.8821342,23.402568 69.8864257,23.4023908 69.8904598,23.4022726 69.893496,23.4021348 69.9009526,23.3992104 69.9039352,23.3980583 69.9072182,23.3967093 69.9112522,23.3951634 69.914825,23.3944938 69.9191379,23.3938045 69.9224639,23.3931842 69.9263048,23.392485 69.9302316,23.3918548 69.9343514,23.3911163 69.9384177,23.3903778 69.9424732,23.3897279 69.9464214,23.389009 69.9504661,23.3882508 69.9542856,23.3876402 69.9617529,23.3863404 69.9648106,23.3857495 69.9682237,23.3851732 69.9716341,23.3845974 69.9752176,23.3839179 69.9789512,23.3832876 69.9829101,23.3825983 69.9862928,23.382016 69.9903395,23.3813194 69.9937426,23.3807337 69.9974064,23.380103 70.001009,23.3794828 70.0049046,23.3788123 70.0083053,23.3770244 70.0114274,23.3754683 70.0148177,23.3737252 70.0180364,23.3720313 70.0216305,23.3702979 70.0250423,23.3685547 70.0284111,23.3668311 70.031544,23.3652061 70.0348592,23.3635416 70.0379705,23.3618869 70.041039,23.3603307 70.0443864,23.358607 70.0474441,23.3570311 70.050652,23.3553764 70.0521541,23.3548346 70.0541711,23.3559378 70.0574863,23.3554059 70.0603616,23.3550218 70.0624108,23.3557605 70.0664395,23.3567356 70.0683707,23.3584642 70.0712836,23.3591586 70.0738585,23.359789 70.0777209,23.35972 70.0819802,23.3596215 70.0858641,23.3595624 70.0882941,23.3590946 70.088462,23.3590542 70.0923228,23.3581244 70.0962925,23.3571493 70.1000476,23.3563416 70.1036739,23.3555734 70.1074397,23.3547164 70.1111841,23.3539186 70.1154005,23.3529927 70.119853,23.3520274 70.1216984,23.35054 70.1249492,23.3499884 70.1281786,23.3495452 70.1313436,23.3490822 70.1344442,23.3507962 70.1375019,23.352451 70.1408172,23.3542929 70.1441941,23.3561249 70.1475119,23.3579668 70.1508057,23.3597594 70.1548719,23.3592079 70.1589807,23.3587277 70.1630473,23.3582525 70.1670492,23.3578683 70.1710296,23.3574153 70.174967,23.3569129 70.1783788,23.3565091 70.1818657,23.3561348 70.1866937,23.3556325 70.1888823,23.3545194 70.1941931,23.3542042 70.1980662,23.354086 70.2022719,23.3539186 70.2062523,23.3537216 70.2104044,23.3535344 70.2143741,23.3532981 70.2178717,23.3531109 70.2217448,23.3537807 70.225575,23.3543717 70.2290833,23.3549331 70.2329457,23.3555438 70.236851,23.3561052 70.2405202,23.3566667 70.2443397,23.3572675 70.2480948,23.3577994 70.2518177,23.3583805 70.2554655,23.3588631 70.259403,23.359267 70.2632224,23.3596708 70.2670848,23.360114 70.2711725,23.3605769 70.2752495,23.3610694 70.2792406,23.3614437 70.2833176,23.3619755 70.2873087,23.3624188 70.2912998,23.362862 70.2954733,23.3633052 70.2995288,23.3637681 70.3036594,23.3642212 70.3076827,23.3646939 70.3115773,23.3650682 70.3148496,23.3645462 70.316019,23.3628521 70.3191599,23.3617835 70.3232717,23.3626354 70.327177,23.3634283 70.3307015,23.3641867 70.3341347,23.3649057 70.3375733,23.3655705 70.3411031,23.366319 70.3447455,23.3670724 70.3482807,23.3675895 70.3511675,23.3679733 70.3545034,23.3684168 70.3577113,23.3689092 70.3617464,23.3694793 70.3658165,23.3700543 70.3693775,23.3705574 70.373265,23.3711067 70.3766144,23.3715799 70.3801803,23.3720837 70.3839698,23.372619 70.3878235,23.3731635 70.3915554,23.3736907 70.3955766,23.3742238 70.3993825,23.3747522 70.4033518,23.3753305 70.4073268,23.3759115 70.411216,23.3763547 70.4152286,23.376916 70.4193056,23.3775168 70.4233289,23.3780486 70.4274058,23.3786198 70.4314721,23.3792205 70.4355061,23.3797917 70.439626,23.3803628 70.4436171,23.380934 70.4480588,23.3808257 70.4516101,23.3807568 70.454936,23.3807469 70.4585194,23.3807174 70.4616308,23.3805795 70.4650319,23.3796242 70.4683578,23.3786001 70.4722309,23.3773789 70.4758036,23.3762464 70.478636,23.3754191 70.4817366,23.3744244 70.485245,23.3732623 70.4892146,23.372179 70.4929697,23.3709479 70.4966068,23.3697956 70.4995572,23.3698449 70.5035376,23.3698153 70.5077112,23.3697858 70.5113375,23.369707 70.5158758,23.369835 70.5185473,23.3698449 70.5217874,23.3721199 70.5248237,23.3741093 70.5278594,23.3761961 70.5306118,23.378088 70.5338698,23.3794984 70.536949,23.3808315 70.5403853,23.3823192 70.543844,23.3838164 70.5470091,23.3851867 70.5503471,23.3866317 70.5536484,23.3880608 70.556817,23.3894325 70.5601778,23.3915018 70.5636175,23.3936198 70.5670202,23.3957148 70.5704538,23.3978289 70.573833,23.3999095 70.576981,23.3997892 70.5802649,23.3993384 70.5829243,23.3988817 70.5857098,23.3962958 70.5891913,23.3952373 70.5916911,23.3936076 70.5935982,23.3938168</coordinates></LineString>
  </Placemark>
  <Placemark>
	<Style><LineStyle><color>ff0000ff</color></LineStyle><PolyStyle><fill>0</fill></PolyStyle></Style>
	<ExtendedData><SchemaData schemaUrl="#765000_voltage_line">
		<SimpleData name="full_id">w353881207</SimpleData>
		<SimpleData name="osm_id">353881207</SimpleData>
		<SimpleData name="osm_type">way</SimpleData>
		<SimpleData name="power">line</SimpleData>
		<SimpleData name="frequency">50</SimpleData>
		<SimpleData name="circuits">2</SimpleData>
		<SimpleData name="cables">6</SimpleData>
		<SimpleData name="voltage">765000</SimpleData>
	</SchemaData></ExtendedData>
      <LineString><coordinates>74.104195,22.6779232 74.1075862,22.678568 74.1108697,22.679618 74.113234,22.6825194 74.1152941,22.6849744 74.1171866,22.6872754 74.1194654,22.6899022 74.1231732,22.6909712 74.1259155,22.6912155 74.1286246,22.6914497 74.1318634,22.6932721 74.1342415,22.6946414 74.1367073,22.6959876 74.1394657,22.6968011 74.1423528,22.6976253 74.1455013,22.6985252 74.1493287,22.6996337 74.1527855,22.70062 74.1558053,22.701509 74.158343,22.7022578 74.1615091,22.7057738 74.1646615,22.7084372 74.165714,22.7098264 74.1703819,22.7114551 74.1737035,22.7116994 74.1766996,22.7113482 74.1796736,22.7109869 74.1831276,22.7119997 74.1864878,22.7109665 74.190019,22.7098366 74.1918564,22.7096737 74.1949297,22.7093938 74.1980637,22.7072916 74.2012915,22.7052098 74.2041386,22.7033469 74.2071953,22.70183 74.2110576,22.6997634 74.2159242,22.6999772 74.2186443,22.6983789 74.2213314,22.6967653 74.223704,22.6946884 74.2238805,22.6936041 74.2259,22.6918887 74.2272242,22.6885696 74.2283553,22.687246 74.2306874,22.6873532 74.233741,22.6875378</coordinates></LineString>
  </Placemark>
  <Placemark>
	<Style><LineStyle><color>ff0000ff</color></LineStyle><PolyStyle><fill>0</fill></PolyStyle></Style>
	<ExtendedData><SchemaData schemaUrl="#765000_voltage_line">
		<SimpleData name="full_id">w1465626845</SimpleData>
		<SimpleData name="osm_id">1465626845</SimpleData>
		<SimpleData name="osm_type">way</SimpleData>
		<SimpleData name="power">line</SimpleData>
		<SimpleData name="frequency">50</SimpleData>
		<SimpleData name="circuits">2</SimpleData>
		<SimpleData name="cables">6</SimpleData>
		<SimpleData name="voltage">765000</SimpleData>
	</SchemaData></ExtendedData>
      <LineString><coordinates>73.1474797966006,20.3168502504222 73.1476808,20.3190333 73.145417,20.3257138 73.1440383,20.3277209 73.1434482,20.3296375 73.1425953,20.332223 73.1381106,20.3353467 73.138116,20.3382491 73.1360346,20.3395317 73.1353372,20.3416594 73.1348169,20.3445817 73.1328642,20.3460705 73.130123,20.3482131 73.1276876,20.350235 73.1276822,20.352106 73.1261963,20.3543743 73.1243616,20.3572109 73.1260836,20.360832 73.1275588,20.3634925 73.127076,20.3671587 73.1275374,20.3697386 73.1285995,20.3756022 73.1300747,20.3786044 73.1288141,20.3817171 73.1277305,20.3842716 73.1267971,20.3866651 73.1256866,20.3910448 73.1233317,20.3933276 73.1203061,20.3962942 73.1165886,20.3965356 73.1156069,20.3977624 73.1142873,20.3992105 73.1121254,20.4014228 73.110559,20.4051887 73.1077588,20.4060736 73.1062835,20.4092058 73.1049156,20.4120113 73.1019115,20.4142686 73.1021315,20.4180945 73.1026465,20.4212064 73.1032848,20.4248009 73.1012088,20.4270329 73.0982423,20.4297224 73.0954206,20.4324118 73.0945355,20.4357949 73.0964291,20.4379765 73.0967295,20.4415002 73.0969173,20.4436214 73.0973411,20.4477884 73.0978078,20.451156 73.0963379,20.4534832 73.094455,20.4562375 73.0908555,20.4570819 73.086977,20.4580469 73.084901,20.460957 73.0830717,20.4636157 73.0820149,20.4654854 73.0779701,20.4677671 73.0756044,20.4710287 73.0714953,20.4725515 73.0693817,20.4747477 73.069092,20.4784816 73.0673754,20.4818436 73.0685663,20.4845522 73.0705619,20.4857783 73.0706209,20.4884869 73.0704278,20.492434 73.0703822,20.4959012 73.0729946,20.4990216 73.0753872,20.5019183 73.0749044,20.5052295 73.0744967,20.507689 73.0758458,20.5096736 73.074832,20.5118542 73.0723107,20.5134745 73.0705807,20.5148889 73.0680809,20.5172177 73.0670294,20.5181973 73.0658891,20.5213196 73.0647415,20.5244622 73.0631,20.5286295 73.0624884,20.5325605 73.0620486,20.5355897 73.0613753,20.539606 73.0609864,20.5421855 73.060407,20.5456917 73.0599403,20.5488915 73.0592322,20.5520811 73.0586851,20.5550396 73.0578536,20.5593542 73.0551982,20.5604693 73.052752,20.5614939 73.0495548,20.5629103 73.04827,20.5656853 73.0466232,20.5692763 73.0450916,20.5725032 73.0439892,20.5748863 73.0443084,20.5771287 73.044861,20.5806643 73.0445471,20.5834665 73.0449441,20.5856812 73.0464193,20.5893095 73.0478945,20.5930733 73.0478194,20.5962695 73.0474225,20.5993075 73.0470979,20.6021069 73.0467492,20.605082 73.0462986,20.6087475 73.0469289,20.6120413 73.0476746,20.615802 73.0482244,20.618797 73.0489728,20.622673 73.0496675,20.626205 73.0503166,20.6295336 73.0479455,20.6323048 73.0486402,20.6348551 73.0494824,20.6379777 73.0483264,20.6408567 73.0472267,20.64356 73.0461377,20.646193 73.0450809,20.6489614 73.044523,20.6516595 73.0413902,20.6541292 73.038075,20.656772 73.0355698,20.6570406 73.0324075,20.6573618 73.0305675,20.6585565 73.0272067,20.6594048 73.0241865,20.6601853 73.0206567,20.6611515 73.0171859,20.6620575 73.0153432,20.6620801 73.012661,20.6647127 73.0103168,20.6670141 73.0080557,20.6691547 73.0060655,20.6716718 73.0036408,20.6746958 73.0014226,20.6774612 73.0024284,20.6808489 73.0034181,20.6841035 73.0044508,20.6874534 73.0054405,20.6907129 73.0044588,20.6940325 73.003445,20.6972894 73.0009934,20.7001924 72.9985419,20.703138 72.9970533,20.7033563 72.9946822,20.7035896 72.993679,20.7028143 72.9912704,20.7027641 72.9902136,20.7042294 72.9878157,20.7049144 72.9867697,20.7086201 72.9836047,20.7097691 72.9792085,20.7106999 72.9760194,20.7121576 72.9728463,20.7135901 72.9694775,20.7150628 72.9662132,20.7165857 72.9626539,20.7181712 72.9607174,20.718964 72.9588988,20.7228274 72.9573351,20.7252407 72.9556453,20.727807 72.9552269,20.7317103 72.9541084,20.7345801 72.9528505,20.7377056 72.9543659,20.7405702 72.9555944,20.7429231 72.9535559,20.7466931 72.9523247,20.7499864 72.950959,20.7537803 72.9498625,20.7568262 72.9457667,20.7639967 72.9433539,20.7664428 72.9410514,20.7687769 72.9381565,20.7716836 72.936945,20.7749161 72.9356441,20.7783869 72.9343593,20.7816896 72.933391,20.7842625 72.9321438,20.7876001 72.9308872,20.7909941 72.9296064,20.7942276 72.9299766,20.7978835 72.9303387,20.8015192 72.93069,20.8052902 72.9310468,20.8088481 72.9314062,20.8128446 72.9318166,20.8164448 72.9307491,20.8195035 72.9297191,20.8225395 72.9286462,20.8256808 72.9275653,20.8288521 72.9264629,20.8320208 72.9262564,20.8356682 72.9261249,20.8391903 72.9258996,20.8427072 72.9257119,20.8464521 72.9255161,20.8503273 72.9253927,20.8530996 72.9220104,20.8563329 72.9189903,20.8593406 72.9164153,20.8618345 72.9133281,20.8648572 72.9101229,20.8663434 72.9067808,20.8679374 72.9059735,20.871 72.9051983,20.8738771 72.9043964,20.8768394 72.9037338,20.8793906 72.9020736,20.8822826 72.9027736,20.8843575 72.9019448,20.8869086 72.901234,20.8890487 72.900534,20.89174 72.8994986,20.8954286 72.8986283,20.8990031 72.8976439,20.9006782 72.8943354,20.9014174 72.8918409,20.9050857 72.8904945,20.9081601 72.8892392,20.9111968 72.8879169,20.9142886 72.8868145,20.9168367 72.8842583,20.9211961 72.8825229,20.9243679 72.8826678,20.9278377 72.8828448,20.9315705 72.8830245,20.9353784 72.8832203,20.9390985 72.8834134,20.9427083 72.8835636,20.9463205 72.8865436,20.948377 72.8882897,20.9520893 72.8895155,20.9554232 72.8904086,20.9590777 72.8911972,20.9622937 72.8906313,20.9654396 72.8899929,20.9693443 72.8894028,20.9729808 72.8887376,20.9768428 72.8881663,20.980384 72.8875494,20.9842056 72.8868306,20.9883828 72.8864551,20.9906266 72.8830701,20.9925298 72.879492,20.9945431 72.876268,20.9963461 72.8729796,20.9981691 72.8698415,20.999927 72.8664565,21.00183 72.8646648,21.0035328 72.8630072,21.0050602 72.860325,21.0046295 72.8582758,21.0061068 72.8562695,21.007449 72.8533781,21.0090715 72.8503579,21.0107691 72.8470963,21.012602 72.844044,21.0143546 72.841115,21.0159421 72.8380787,21.0176046 72.8356218,21.0189866 72.831738,21.0186762 72.8283691,21.0183958 72.8246409,21.0181203 72.8212479,21.0178049 72.8165969,21.0170713 72.8122893,21.0163301 72.8087997,21.0157367 72.8048113,21.0150908 72.8023222,21.014923 72.7990714,21.0130151 72.7967378,21.011628 72.7941656,21.0113575 72.7908424,21.011012 72.7875486,21.010664 72.7843004,21.0103084 72.7804542,21.0108993 72.7767849,21.0114527 72.7726999,21.0121037 72.76939,21.0126045 72.7667159,21.0130552 72.7629715,21.0118258 72.7625263,21.0104562</coordinates></LineString>
  </Placemark>
  <Placemark>
	<Style><LineStyle><color>ff0000ff</color></LineStyle><PolyStyle><fill>0</fill></PolyStyle></Style>
	<ExtendedData><SchemaData schemaUrl="#765000_voltage_line">
		<SimpleData name="full_id">w1465626846</SimpleData>
		<SimpleData name="osm_id">1465626846</SimpleData>
		<SimpleData name="osm_type">way</SimpleData>
		<SimpleData name="power">line</SimpleData>
		<SimpleData name="frequency">50</SimpleData>
		<SimpleData name="circuits">2</SimpleData>
		<SimpleData name="cables">6</SimpleData>
		<SimpleData name="voltage">765000</SimpleData>
	</SchemaData></ExtendedData>
      <MultiGeometry><LineString><coordinates>72.7608633,21.0101732 72.7613112,21.0117431 72.7646559,21.0136686 72.7680919,21.0144949 72.7717745,21.0153512 72.7752104,21.0161674 72.7787992,21.0164754 72.7819481,21.0166957 72.7855208,21.0170062 72.7894664,21.0173016 72.7929559,21.017542 72.7966306,21.0178474 72.7999404,21.0180628 72.803515,21.0183575 72.8082955,21.0187112 72.8151298,21.019217 72.8190082,21.0195675 72.823171,21.019913 72.8267813,21.0202736 72.8302145,21.020569 72.8348118,21.0210247 72.8381753,21.0203286 72.841292,21.0196977 72.8445053,21.0190617 72.8479117,21.0184308 72.8512913,21.0177197 72.8546333,21.0170487 72.8572512,21.017209 72.8600675,21.015912 72.862696,21.0146601 72.8656572,21.013298 72.8689563,21.0117907 72.8719926,21.0103134 72.8752434,21.0088361 72.8786766,21.0072086 72.8815681,21.0058815 72.8855807,21.0065175 72.8894538,21.0070734 72.8932357,21.0076042 72.8960413,21.0082252 72.8996462,21.0098627 72.9021513,21.0109494 72.9051554,21.0122965 72.9085028,21.0137938 72.9119253,21.0171489 72.9152888,21.0187813 72.9190224,21.0206291 72.921887,21.0220362 72.9237163,21.0231278 72.9266882,21.0259969 72.9288447,21.0269834 72.9319829,21.0270935 72.9353571,21.0272538 72.9371756,21.0286407 72.9402977,21.0294269 72.9426259,21.030233 72.9469657,21.0313396 72.9502809,21.0321257 72.953183,21.0328767 72.9558545,21.0335577 72.9594058,21.034484 72.9614389,21.0361913 72.9643464,21.0386447 72.9672432,21.041068 72.9703063,21.0436414 72.9725915,21.0455539 72.9754132,21.0450233 72.9778111,21.0451334 72.9805121,21.0460746 72.9827517,21.0461072 72.9867589,21.0464001 72.990042,21.0465553 72.9916701,21.0491486 72.9934806,21.0517945 72.9953581,21.054578 72.9969218,21.0568934 72.9979062,21.0595592 72.9989952,21.0628006 73.0002665,21.06651 73.0014119,21.0697288 73.002238,21.072084 73.0030748,21.0744016 73.0044267,21.0784836 73.0073369,21.0817346 73.0091527,21.0839245 73.0116713,21.0865848 73.0141738,21.0894477 73.016569,21.0920879 73.0158931,21.094165 73.0167112,21.0971404 73.01732,21.0993975 73.0207482,21.1012847 73.0248249,21.1035289 73.0271146,21.1041481 73.030782,21.1053181 73.0335742,21.1061839 73.0363905,21.1070421 73.0393195,21.107988 73.0415511,21.1087862 73.0432972,21.109682 73.0453384,21.1108155 73.0490828,21.1130349 73.0514994,21.1144611 73.0542916,21.11609 73.0571347,21.117819 73.0596641,21.1193077 73.0622148,21.1207864 73.0658331,21.1229456 73.0669892,21.1252249 73.0677885,21.1278745 73.0673996,21.1308317 73.065412,21.1328657 73.0636096,21.1332435 73.0623329,21.1368285 73.0626574,21.1389175 73.0620807,21.1418545 73.0615041,21.1449915 73.0609515,21.1482386 73.0602756,21.1515106 73.0595675,21.1557106 73.0587548,21.1605558 73.0584866,21.1623092 73.0575585,21.1642277 73.0562845,21.1678395 73.0566519,21.1701432 73.0572367,21.1738824 73.0557856,21.1755381 73.0552331,21.1784619 73.0545974,21.1819083 73.0540448,21.1849045 73.0534065,21.187898 73.0537659,21.1895236 73.0542943,21.1929923 73.0531731,21.1947928 73.050853,21.1977787 73.0490506,21.2001494 73.0494019,21.2022975 73.0479106,21.2057158 73.0467546,21.2092891 73.048431,21.2120147 73.0503353,21.2151603 73.0523041,21.2185008 73.0533448,21.2253067 73.0531704,21.229017 73.0530792,21.2310171 73.0535004,21.2352149 73.0537176,21.2374499 73.0516711,21.2403149 73.0496031,21.2432074 73.0472025,21.2434349 73.0450702,21.2454324 73.0426025,21.2476573 73.0401751,21.2499946 73.0380267,21.2528869 73.0359513,21.2556808 73.0337566,21.2585164 73.0326006,21.2602636 73.0313534,21.2635956 73.0303395,21.2661477 73.0304494,21.2698995 73.0283493,21.2731238 73.0285773,21.2770579 73.0286953,21.2797122 73.0288294,21.2826239 73.0295992,21.2843409 73.028647,21.2880598 73.02755,21.2920734 73.0286829,21.298996 73.0295348,21.3024719 73.0303824,21.3068975 73.0313963,21.3087042 73.0329064,21.3100685 73.0336386,21.3136918 73.0343011,21.3169726 73.0349582,21.3202059 73.0345023,21.3229944 73.0339605,21.3261501 73.033475,21.3292232 73.0329707,21.3323938 73.0323592,21.3357966 73.0341268,21.3373056 73.035484,21.3404635 73.0368331,21.3437363 73.038336,21.347382 73.039628,21.3502016 73.0410629,21.3535366 73.0425677,21.3570788 73.0440563,21.3605535 73.0455424,21.3640505 73.0470657,21.367635 73.0485302,21.3710421 73.0472428,21.3746138 73.0447295,21.3770291 73.043485,21.3796891 73.0424094,21.3821118 73.0405506,21.3849715 73.0391532,21.3872143 73.0374312,21.390009 73.0351326,21.3935478 73.0322868,21.3949988 73.0302724,21.3986349 73.0286121,21.4016042 73.0273569,21.403135 73.0252567,21.4063464 73.0236044,21.4089085 73.0219817,21.4113482 73.0197662,21.4147891 73.0169874,21.4172911 73.0145413,21.420722 73.0125672,21.4234336 73.008973,21.425516 73.0053306,21.4276333 73.0030829,21.4277831 73.0006581,21.4309041 72.9984158,21.4315533 72.9971874,21.4338952 72.9955941,21.4368463 72.9938883,21.4400919 72.9925096,21.4425785 72.9906857,21.4460586 72.9883146,21.4467926 72.9870057,21.4488297 72.9877138,21.4512113 72.9877406,21.454866 72.9861635,21.4564387 72.9845595,21.4588302 72.9828215,21.4612715 72.9810297,21.4637777 72.9811585,21.4663887 72.9813623,21.4698433 72.9827356,21.4715057 72.9835832,21.4750601 72.9841304,21.4774612 72.985096,21.4813948 72.985096,21.4838957 72.9821026,21.4867309 72.9817378,21.4902799 72.9814321,21.4931849 72.9810888,21.49603 72.9798791,21.498729 72.9785635,21.501534 72.9768616,21.5051737 72.9759872,21.5071302 72.972672,21.5075594 72.9701829,21.5081883 72.968823,21.5117591 72.9701132,21.5164928 72.9687935,21.5199213 72.9674578,21.5236691 72.9661596,21.5269826 72.9648989,21.5302512 72.9641747,21.5332303 72.9633701,21.5366434 72.9626512,21.5399866 72.9619431,21.5434295 72.961235,21.5466927 72.9605591,21.549876 72.9598188,21.5532887 72.9591215,21.5565816 72.9589498,21.5597747 72.9589391,21.5627781 72.9587459,21.5661406 72.9585314,21.5694332 72.9585206,21.5729652 72.9582524,21.5763375 72.9582631,21.5797596 72.9565894,21.5829921 72.9540253,21.5835956 72.9520673,21.5846781 72.9515254,21.5884192 72.9510105,21.5915617 72.9505997,21.5949994 72.9502031,21.598295 72.9498292,21.6014021 72.9493728,21.6051941 72.9488969,21.6091483 72.9488432,21.6126694 72.9460001,21.6160806 72.945807,21.6199107 72.9455924,21.6230425 72.9454422,21.6265433 72.9445195,21.6295354 72.9436397,21.633026 72.9426312,21.6364866 72.9417086,21.640007 72.9393911,21.6405555 72.9384363,21.6437467 72.9375994,21.6466686 72.9364622,21.6499793 72.9354,21.6536191 72.9342735,21.6572288 72.9331362,21.6608583 72.9321786,21.6643008 72.9317225,21.6680888 72.9311378,21.6735828 72.9305484,21.6791209 72.9282331,21.6818462 72.9257977,21.6849368 72.9240596,21.6873295 72.9220104,21.689782 72.9202616,21.6922543 72.9182928,21.6948911 72.9178959,21.6985246 72.9166031,21.7021133 72.9151118,21.705662 72.9139209,21.7092804 72.9116678,21.7126196 72.9098439,21.7152411 72.9073119,21.718929 72.9053271,21.7216002 72.9065609,21.7257763 72.9074836,21.7290254 72.9088247,21.7313675 72.9103482,21.734188 72.9119146,21.7369685 72.9134381,21.7401675 72.9153478,21.7431572 72.9170108,21.7462266 72.9188132,21.7496546 72.9205513,21.7529231 72.9203582,21.7562413 72.9204864,21.7603391 72.9204118,21.7629175 72.9201865,21.7668632 72.9201865,21.7705399 72.9199719,21.7744057 72.9198539,21.7778928 72.9196286,21.7808718 72.9207927,21.7837759 72.9198325,21.7876663 72.9209268,21.7916512 72.9204547,21.7951678 72.9201436,21.7988288 72.9197144,21.8023801 72.919178,21.8063347 72.9187274,21.8098908 72.9185075,21.813397 72.9180835,21.8173801 72.9176974,21.8210067 72.9173755,21.8242337 72.9170322,21.8278192 72.9167533,21.831325 72.9165816,21.8347908 72.9166889,21.8385852 72.9171288,21.8424492 72.9174399,21.8461936 72.9151332,21.8492508 72.9153156,21.8528755 72.9156911,21.8567988 72.9133737,21.8602242 72.9132879,21.8624945 72.9140282,21.8656708 72.9148328,21.868847 72.9155195,21.8722821 72.916367,21.8755976 72.9185772,21.8763941 72.9205942,21.880496 72.9215598,21.8839308 72.9223537,21.8871166 72.9231262,21.8907702 72.9234052,21.8940554 72.9236305,21.8977486 72.9238665,21.9016708 72.9232871,21.9056824 72.9226971,21.9089672 72.9223323,21.9114159 72.9219568,21.9149395 72.9213345,21.9186222 72.9207659,21.9223547 72.9203045,21.9260373 72.919811,21.9295306 72.9192853,21.9331633 72.9187596,21.9370546 72.9182339,21.9405875 72.9177296,21.9439213 72.9172039,21.9474839 72.9167104,21.9514345 72.9143071,21.9546088 72.9146182,21.9584299 72.9148006,21.9614349 72.9150474,21.9644996 72.9153156,21.9682208 72.9156804,21.971942 72.9158628,21.9750861 72.916131,21.9785484 72.9163456,21.9816127 72.9164851,21.9849256 72.9166675,21.9884275 72.9167855,21.9917204 72.9170108,21.9950928 72.917161,21.9981965 72.9173005,22.0017677 72.9185235,22.0055974 72.9176867,22.0086313 72.9177752,22.0113446 72.9178798,22.0145496 72.9179335,22.0182199 72.9181158,22.0213231 72.9181909,22.0246152 72.9183411,22.0280962 72.9183626,22.0318358 72.9185128,22.0356895 72.9176545,22.0376388 72.9178745,22.0420891 72.9180139,22.0452564 72.9182017,22.049075 72.9182875,22.0526499 72.9184538,22.0560407 72.9186469,22.0594812 72.9189366,22.0629514 72.9191565,22.0663072 72.9193389,22.0696579 72.9196286,22.0731179 72.9198593,22.0764337 72.9204333,22.0795406 72.9209429,22.0820857 72.9214096,22.0848794 72.9220426,22.087827 72.9234695,22.0895071 72.9234159,22.0934438 72.9233569,22.0971269 72.9233676,22.1008944 72.9232657,22.1046618 72.9232925,22.1079322 72.9230404,22.1116795 72.9228473,22.1151931 72.9225898,22.1185725 72.9213613,22.1211965 72.9198915,22.1229656 72.91906,22.1266281 72.9180783,22.1304097 72.9172307,22.1339428 72.9162008,22.1377093 72.9156053,22.1407403 72.9147738,22.1439899 72.9161256,22.1472295 72.9176062,22.1508466 72.9205406,22.1530625 72.9228419,22.1559044 72.9213345,22.159884 72.9235312,22.1627357 72.9265433,22.1650409 72.9299176,22.1675646 72.9301643,22.1705701 72.9319668,22.1749616 72.9339409,22.1764916 72.93437,22.1798099 72.9347455,22.1826662 72.935105,22.1857012 72.9354376,22.1887859 72.9374438,22.1907678 72.9402333,22.1908522 72.9426366,22.1941255 72.9421806,22.1970311 72.9416603,22.2001205 72.9421431,22.2023306 72.9439938,22.203468 72.945587,22.206443 72.9448307,22.2090355 72.9471964,22.2116677 72.9469979,22.2147517 72.945689,22.2172597 72.9436237,22.2196335 72.9424328,22.2219203 72.9432803,22.224294 72.9441842,22.2266752 72.9427814,22.2299997 72.9412338,22.2335874 72.94011,22.2363706 72.9394314,22.2394243 72.9384953,22.2433394 72.9377174,22.2468275 72.9368538,22.2504544 72.9359794,22.2541384 72.9336029,22.2571371 72.9311675,22.2568889 72.9273158,22.2565711 72.9209321,22.2576761 72.9184722900391,22.258101912483</coordinates></LineString><LineString><coordinates>72.9095764160159,22.2596531324059 72.9079342,22.2599571 72.9056114,22.2618982 72.9030204,22.263894 72.9003596,22.265989 72.8977364,22.2680541 72.8955209,22.269876 72.8929996,22.2718022 72.8913367,22.2740758 72.8883594,22.2774712 72.8854144,22.2801964 72.8815252,22.2810701 72.8779578,22.2819139 72.8738916,22.2817005 72.8707159,22.2815466 72.8679049,22.2825691 72.8650618,22.2835619 72.8617305,22.284788 72.8578573,22.2861877 72.8541452,22.2874485 72.8500226,22.2897814 72.8459054,22.2909181 72.8420109,22.292829 72.8375316,22.2954497 72.8362334,22.2976484 72.8367403,22.3001053 72.8362173,22.3029094 72.8367591,22.3059319 72.8350961,22.3082596 72.8333044,22.310736 72.8318721,22.3122596 72.8299195,22.3149544 72.8279185,22.3177186 72.8253919,22.3184977 72.8235519,22.3219218 72.8214598,22.3237033 72.8195661,22.3256436 72.8175974,22.3263085 72.8151351,22.32874 72.8107095,22.3291767 72.8065199,22.3305264 72.8044438,22.3312062 72.8018904,22.3314295 72.7988112,22.3312062 72.7977329,22.3323177 72.7951205,22.3325063 72.7923524,22.3342479 72.7894047,22.3360615 72.7857166,22.3362824 72.7820527,22.3365255 72.7794939,22.337106 72.776463,22.3378801 72.773577,22.3371209 72.7695858,22.3374385 72.7666569,22.3392297 72.7639157,22.3409763 72.7615499,22.3424201 72.7583688,22.344375 72.7562982,22.3473371 72.752763,22.3488801 72.7497107,22.3501701 72.7474898,22.3523184 72.7452582,22.3543773 72.7431446,22.3564759 72.7393734,22.3574285 72.7357739,22.3583066 72.73211,22.3588672 72.7282423,22.3594675 72.7238542,22.3610401 72.7210271,22.3613825 72.7176154,22.3618587 72.7143967,22.362325 72.7121115,22.3650139 72.7103412,22.3670677 72.7083564,22.369429 72.7074927,22.3712843 72.7055186,22.3741119 72.703582,22.376855 72.7016884,22.379613 72.6987165,22.381746 72.6957285,22.383869 72.6925957,22.3861804 72.6895595,22.3883778 72.6863033,22.3908032 72.6839805,22.3932137 72.6818454,22.3954804 72.6793617,22.3981835 72.6772696,22.4005095 72.6751506,22.4028257 72.6732087,22.404011 72.670607,22.406823 72.6679408,22.4098036 72.6653069,22.4126155 72.6631826,22.4127147 72.6615196,22.4157249 72.6598084,22.4187895 72.6580489,22.4219186 72.6563698,22.4248295 72.6545674,22.4279584 72.6528293,22.4310426 72.6510698,22.4341367 72.6481193,22.4364474 72.6452762,22.4386836 72.6423204,22.4409842 72.6406708,22.4447796 72.6393056,22.4480197 72.63834,22.4502606 72.6360333,22.4527742 72.6336569,22.4554266 72.6313662,22.4579401 72.6289523,22.4605329 72.6267207,22.4629621 72.6244301,22.4654606 72.6221609,22.4679442 72.6198006,22.4704773 72.617526,22.4729905 72.6152998,22.4753996 72.6150638,22.4788744 72.611711,22.4807035 72.6080418,22.4825672 72.6047748,22.4843318 72.601524,22.486017 72.5983322,22.4876973 72.5970286,22.4904928 72.5948399,22.4932386 72.5926566,22.4960488 72.5905108,22.4987449 72.5899851,22.5003904 72.5902319,22.5020903 72.5883758,22.5055247 72.5872922,22.50774 72.585817,22.510545 72.5846475,22.5132706 72.5835639,22.5159168 72.5815362,22.5183995 72.5798839,22.5204015 72.5774592,22.5233895 72.5750452,22.526323 72.5726634,22.5292663 72.5703406,22.5320758 72.5680768,22.5348109 72.5660115,22.5373998 72.5638041,22.5398697 72.5618461,22.5422479 72.559298,22.5452478 72.556892,22.5480743 72.5545746,22.5507843 72.5520265,22.5537965 72.5495696,22.5567788 72.5497949,22.5586886 72.5479978,22.562144 72.5462866,22.5655274 72.5447041,22.568569 72.5431699,22.5716154 72.5401175,22.5777576 72.5322908,22.5839094 72.521857,22.5936765 72.5195384,22.5964017 72.5098958,22.6060935 72.507593,22.6081674 72.5040901,22.6113071 72.502116,22.6150409 72.500512,22.6181012 72.4986961,22.6215204 72.4968883,22.6249939 72.4951503,22.6283016 72.4933934,22.6315744 72.4915722,22.6348868 72.491017,22.6367163 72.4897456,22.6400558 72.4886164,22.6430289 72.4856016,22.6448013 72.4807422,22.6475591 72.4803928,22.6531631 72.4771821,22.6553091 72.4741432,22.6573537 72.4711177,22.6594353 72.4678481,22.6615763 72.464844,22.6636431 72.4618667,22.6656454 72.4588868,22.6676378 72.4561617,22.6694693 72.4532729,22.6714171 72.4505773,22.6732362 72.4508375,22.6770426 72.4492416,22.6808612 72.4471065,22.6830786 72.4443278,22.6859716 72.4404761,22.6876593 72.4370724,22.689196 72.4336231,22.6920666 72.4314693,22.6932346 72.429066,22.6963352 72.4266949,22.6993293 72.4243426,22.7023258 72.4220252,22.7053297 72.4184364,22.7059681 72.4147591,22.7066733 72.4117416,22.7090412 72.4087134,22.7114993 72.4071765,22.7131534 72.4068439,22.7155583 72.4051219,22.7169042 72.4030673,22.7192051 72.4006453,22.7220132 72.3983628,22.7246777 72.3969841,22.7262314 72.3949857,22.7285569 72.3925558,22.7313845 72.3912495,22.7330841 72.3881421,22.7341279 72.385692,22.7378981 72.3834494,22.7404509 72.3816955,22.742608 72.3813093,22.7465807 72.3811041,22.7486121 72.3808345,22.7512805 72.3805046,22.7547161 72.3801908,22.7581814 72.379877,22.7612335 72.3795685,22.7644636 72.3799968,22.7668852 72.3767388,22.7705873 72.3748538,22.7748642 72.3741826,22.7787065 72.3719805,22.7807986 72.3697838,22.7815059 72.3670891,22.783987 72.3643621,22.7864978 72.361874,22.7887886 72.3594385,22.7909795 72.3567992,22.7935809 72.3542163,22.7960462 72.3514363,22.7987809 72.348648,22.801538 72.347036,22.8031402 72.3445833,22.8054869 72.3425111,22.806127 72.3390548,22.8078292 72.3356634,22.8094995 72.3336792,22.811846 72.3315114,22.8144097 72.3288366,22.8175146 72.3265908,22.8201214 72.3240602,22.8231319 72.3215818,22.8260738 72.3192805,22.8282938 72.316609,22.8309192 72.3139429,22.8334851 72.3111829,22.8362167 72.3084444,22.8364243 72.3063362,22.8386071 72.3038417,22.8412174 72.3034206,22.8445025 72.3003495,22.8472956 72.2976136,22.8498391 72.2951031,22.8521229 72.2924557,22.8545674 72.2897789,22.8570612 72.2870907,22.8595298 72.2843744,22.8620242 72.28165,22.864526 72.2787845,22.8671573 72.2763437,22.8694681 72.2742355,22.8721767 72.2722077,22.8749495 72.2702068,22.8776481 72.2681737,22.8803515 72.266103,22.8829611 72.2641396,22.8857262 72.2620395,22.8885803 72.2628683,22.891118 72.2612992,22.8940905 72.2598964,22.8969494 72.2585151,22.8995586 72.2563344,22.9018836 72.2539043,22.9045742 72.2514233,22.9072698 72.2491783,22.909738 72.2469629,22.9127849 72.2448599,22.9157069 72.2426498,22.9187777 72.2404772,22.9219078 72.2383556,22.9248006 72.2359496,22.9281182 72.2334659,22.9297338 72.2295526,22.9322609 72.2258055,22.9346891 72.2237644,22.9359316 72.2204947,22.9383325 72.2181344,22.9401011 72.2153985,22.9421513 72.2120244,22.9446628 72.2090471,22.9468789 72.2058767,22.9492525 72.2026104,22.9516687 72.1994269,22.9540237 72.1962342,22.9563854 72.1943968,22.9577166 72.191425,22.9600431 72.1891317,22.9597517 72.185626,22.9616336 72.1823698,22.9633475 72.1789339,22.965101 72.1780327,22.9684572 72.1771046,22.9719343 72.1761444,22.9755644 72.175152,22.9792956 72.1741113,22.9829107 72.1748543,22.9847701 72.1781856,22.9856714 72.1784002,22.984901</coordinates></LineString></MultiGeometry>
  </Placemark>
  <Placemark>
	<Style><LineStyle><color>ff0000ff</color></LineStyle><PolyStyle><fill>0</fill></PolyStyle></Style>
	<ExtendedData><SchemaData schemaUrl="#765000_voltage_line">
		<SimpleData name="full_id">w1435769858</SimpleData>
		<SimpleData name="osm_id">1435769858</SimpleData>
		<SimpleData name="osm_type">way</SimpleData>
		<SimpleData name="power">line</SimpleData>
		<SimpleData name="cables">3</SimpleData>
		<SimpleData name="voltage">765000</SimpleData>
	</SchemaData></ExtendedData>
      <LineString><coordinates>71.9985915,24.1402977 71.9995156,24.1396091</coordinates></LineString>
  </Placemark>
  <Placemark>
	<Style><LineStyle><color>ff0000ff</color></LineStyle><PolyStyle><fill>0</fill></PolyStyle></Style>
	<ExtendedData><SchemaData schemaUrl="#765000_voltage_line">
		<SimpleData name="full_id">w1379142199</SimpleData>
		<SimpleData name="osm_id">1379142199</SimpleData>
		<SimpleData name="osm_type">way</SimpleData>
		<SimpleData name="power">line</SimpleData>
		<SimpleData name="cables">3</SimpleData>
		<SimpleData name="voltage">765000</SimpleData>
	</SchemaData></ExtendedData>
      <LineString><coordinates>69.5919525,23.4528753 69.591646,23.4520313</coordinates></LineString>
  </Placemark>
  <Placemark>
	<Style><LineStyle><color>ff0000ff</color></LineStyle><PolyStyle><fill>0</fill></PolyStyle></Style>
	<ExtendedData><SchemaData schemaUrl="#765000_voltage_line">
		<SimpleData name="full_id">w353881184</SimpleData>
		<SimpleData name="osm_id">353881184</SimpleData>
		<SimpleData name="osm_type">way</SimpleData>
		<SimpleData name="power">line</SimpleData>
		<SimpleData name="circuits">1</SimpleData>
		<SimpleData name="cables">3</SimpleData>
		<SimpleData name="voltage">765000</SimpleData>
	</SchemaData></ExtendedData>
      <LineString><coordinates>74.0684661,22.631695 74.0698547,22.6334871 74.0720786,22.6362674 74.0741261,22.6389282 74.0759147,22.64116 74.0779092,22.6436253 74.0777151,22.6455258 74.078074,22.6478715 74.0785153,22.6501358 74.0794096,22.6528452 74.0804039,22.6554948 74.0827985,22.6582313 74.08454,22.6595941 74.0857461,22.6617604 74.0879937,22.6631449 74.0891645,22.6649745 74.089747,22.6677651 74.0927754,22.6705703 74.0953757,22.6730596 74.0972252,22.6748545 74.1017843,22.6775833 74.104195,22.6779232</coordinates></LineString>
  </Placemark>
  <Placemark>
	<Style><LineStyle><color>ff0000ff</color></LineStyle><PolyStyle><fill>0</fill></PolyStyle></Style>
	<ExtendedData><SchemaData schemaUrl="#765000_voltage_line">
		<SimpleData name="full_id">w1435769859</SimpleData>
		<SimpleData name="osm_id">1435769859</SimpleData>
		<SimpleData name="osm_type">way</SimpleData>
		<SimpleData name="power">line</SimpleData>
		<SimpleData name="cables">3</SimpleData>
		<SimpleData name="voltage">765000</SimpleData>
	</SchemaData></ExtendedData>
      <LineString><coordinates>71.9995156,24.1396091 71.9990329,24.1406389 71.9977626,24.1420073</coordinates></LineString>
  </Placemark>
  <Placemark>
	<Style><LineStyle><color>ff0000ff</color></LineStyle><PolyStyle><fill>0</fill></PolyStyle></Style>
	<ExtendedData><SchemaData schemaUrl="#765000_voltage_line">
		<SimpleData name="full_id">w1379142200</SimpleData>
		<SimpleData name="osm_id">1379142200</SimpleData>
		<SimpleData name="osm_type">way</SimpleData>
		<SimpleData name="power">line</SimpleData>
		<SimpleData name="cables">3</SimpleData>
		<SimpleData name="voltage">765000</SimpleData>
	</SchemaData></ExtendedData>
      <LineString><coordinates>69.591131,23.4521937 69.5914395,23.4530122</coordinates></LineString>
  </Placemark>
  <Placemark>
	<Style><LineStyle><color>ff0000ff</color></LineStyle><PolyStyle><fill>0</fill></PolyStyle></Style>
	<ExtendedData><SchemaData schemaUrl="#765000_voltage_line">
		<SimpleData name="full_id">w1435769860</SimpleData>
		<SimpleData name="osm_id">1435769860</SimpleData>
		<SimpleData name="osm_type">way</SimpleData>
		<SimpleData name="power">line</SimpleData>
		<SimpleData name="frequency">50</SimpleData>
		<SimpleData name="circuits">2</SimpleData>
		<SimpleData name="cables">6</SimpleData>
		<SimpleData name="voltage">765000</SimpleData>
	</SchemaData></ExtendedData>
      <LineString><coordinates>71.9995156,24.1396091 72.0018893,24.141413 72.0034128,24.142583 72.0052797,24.1422403 72.0065296,24.1394451 72.0066744,24.1361554 72.007978,24.1331251 72.0074683,24.1297226 72.0085949,24.1267852 72.0074093,24.1209444 72.0080423,24.1178598 72.0086646,24.1148732 72.0091957,24.1122243 72.0091045,24.1101433 72.0103705,24.1066913 72.0117921,24.1029453 72.0130205,24.0994931 72.0128703,24.0961191 72.012763,24.0933817 72.0125967,24.0900369 72.012468,24.0868586 72.0123124,24.0834304 72.01213,24.0799532 72.0118189,24.0738213 72.0111644,24.0707111 72.010451,24.0675568 72.0097053,24.0641477 72.0098501,24.060283 72.0100647,24.0562565 72.0108265,24.0554531 72.0212817,24.0470225 72.0238405,24.0439215 72.0258361,24.0415944 72.0282286,24.0387432 72.0287651,24.0355293 72.0292801,24.0323496 72.028234,24.0310659 72.0265228,24.0313746 72.0248759,24.0296941 72.0242,24.0289641 72.0250797,24.0258822 72.026732,24.0223544 72.0280731,24.0196693 72.0292211,24.0173957 72.0286524,24.0151956 72.027263,24.0116479 72.0279658,24.0087764 72.0286632,24.0061008 72.0293391,24.0033369 72.0279926,24.0002986 72.0266998,23.9974807 72.0253694,23.9944667 72.0253426,23.9905754 72.0253962,23.9869094 72.0253962,23.9838216 72.0253748,23.9810426 72.0254445,23.9782586 72.0237386,23.9767979 72.0239478,23.9733766 72.0257288,23.9694307 72.0269197,23.9669063 72.028175,23.9641367 72.0297307,23.961867 72.0309216,23.9595532 72.0310986,23.9558667 72.0312703,23.9536263 72.0318496,23.9504691 72.0323271,23.94791 72.0342797,23.9455567 72.0346338,23.9408255 72.0349503,23.9365722 72.0361838,23.920335 72.0358319,23.9169601 72.0350897,23.9098404 72.0347357,23.9062114 72.036345,23.9031364 72.0381689,23.8998701 72.0398587,23.8967753 72.0427904,23.8911055 72.0433483,23.8874195 72.0427458,23.8849761 72.0458829,23.8775137 72.0472616,23.8743595 72.0504212,23.8706412 72.0508665,23.866334 72.0514673,23.8605108 72.0509952,23.8583718 72.0515209,23.8549179 72.0520306,23.8512285 72.0525509,23.8476517 72.0530283,23.8442712 72.053495,23.8406893 72.0539832,23.8371614 72.0544928,23.8340308 72.0549327,23.8304192 72.05504,23.8256887 72.0550883,23.821223 72.0550883,23.8176308 72.0560378,23.8144261 72.0569068,23.8113636 72.0577705,23.808257 72.0591384,23.8056459 72.0605171,23.802976 72.0594227,23.7996826 72.0583552,23.7962762 72.0581353,23.7930121 72.0578563,23.7898019 72.0576417,23.7868714 72.0584035,23.7833077 72.0591974,23.7795818 72.0598787,23.7759392 72.0605251,23.77279 72.0611984,23.769324 72.0618957,23.7658727 72.0625046,23.7629417 72.0631269,23.7595466 72.0638296,23.756149 72.0645887,23.7521695 72.0652002,23.7491645 72.0666969,23.7457863 72.0682177,23.7424375 72.0695829,23.7393021 72.0710582,23.7360636 72.0715168,23.7331491 72.0721015,23.7294144 72.0727077,23.7256821 72.0733595,23.721876 72.0739388,23.7182122 72.0744807,23.7147988 72.0751137,23.7110734 72.075685,23.7075616 72.0761356,23.704725 72.0795768,23.7016846 72.0816556,23.6997837 72.0816743,23.6968733 72.0824522,23.6950435 72.0837235,23.6927863 72.083855,23.6894361 72.0840223,23.6859769 72.0841902,23.6825045 72.0843726,23.6791148 72.0845067,23.6757151 72.0846636,23.6728219 72.0848769,23.668886 72.084834,23.66554 72.0868403,23.664066 72.0869918,23.6606979 72.0870978,23.6574329 72.0862931,23.6542636 72.0854348,23.6508583 72.0846623,23.6476888 72.0838952,23.644593 72.0844799,23.6414234 72.0848608,23.6384552 72.0853543,23.6351478 72.0858532,23.6318502 72.0863575,23.6286704 72.0868885,23.6253087 72.087425,23.6218929 72.0880043,23.6183246 72.0885354,23.6148447 72.0895225,23.6115072 72.0903379,23.6086809 72.0915395,23.6046354 72.092489,23.6014648 72.093755,23.5973061 72.0944416,23.5948629 72.0955199,23.5912201 72.096523,23.587887 72.0974189,23.5846472 72.0984542,23.5813139 72.0980841,23.5775281 72.0978159,23.5738406 72.0975047,23.5702514 72.0972955,23.5674241 72.096979,23.5636921 72.0966786,23.5604025 72.0963138,23.5562179 72.0960349,23.5528101 72.0957667,23.5491858 72.0953965,23.5456352 72.0950264,23.5417895 72.0946509,23.5381747 72.0942539,23.5343681 72.0939374,23.531004 72.0934975,23.5270447 72.0931005,23.5233312 72.0927626,23.5197848 72.0923495,23.5158251 72.0928484,23.5125442 72.0932937,23.5095337 72.093755,23.5059919 72.0943183,23.5024204 72.0948064,23.4991047 72.0953107,23.4957348 72.0958364,23.4923008 72.0962816,23.4889062 72.0956433,23.4868742 72.0963997,23.4845323 72.0977139,23.4802714 72.0986688,23.4772012 72.0998973,23.4732599 72.1009165,23.4699435 72.1020538,23.4663071 72.1031481,23.4628182 72.1042961,23.4591521 72.1049291,23.4557959 72.1055835,23.4525086 72.1062863,23.4489505 72.1070319,23.4452347 72.1076757,23.4415878 72.1084213,23.4378325 72.1093386,23.4331567 72.1078741,23.4309615 72.1083248,23.4271862 72.1087915,23.4232878 72.1092045,23.4196255 72.109006,23.4160419 72.1087915,23.4124532 72.108593,23.4088301 72.1084213,23.4052314 72.1082014,23.4016178 72.1080136,23.3979845 72.1078312,23.3944101 72.1076113,23.3907766 72.1074128,23.3871725 72.1072304,23.3835831 72.1086895,23.3799837 72.1098804,23.3771819 72.1112537,23.3739172 72.1126002,23.3706278 72.1140808,23.3671167 72.1155345,23.3637435 72.1169347,23.3604046 72.1184313,23.3568095 72.119236,23.3532439 72.1205074,23.3499441 72.1216392,23.3469743 72.123034,23.3434675 72.1243858,23.3398818 72.1255392,23.3369265 72.1266764,23.3339563 72.1279103,23.3306807 72.1292943,23.3271144 72.1306622,23.3235874 72.1319979,23.3201539 72.1333659,23.3165528 72.1347016,23.3130304 72.1361178,23.3094341 72.1374643,23.3058721 72.1395403,23.3048671 72.1401679,23.3024579 72.1409404,23.2993342 72.141729,23.2961809 72.1426248,23.2926087 72.1448672,23.2909926 72.1473938,23.2886374 72.1476942,23.2851832 72.1479839,23.2823696 72.1482521,23.2788513 72.148574,23.2757862 72.1489388,23.2727753 72.1492392,23.2696953 72.1494859,23.2673889 72.1505481,23.2636583 72.1515673,23.2600852 72.1526831,23.2563987 72.1537238,23.2527368 72.154727,23.2492324 72.1557784,23.2455851 72.1568298,23.241913 72.1579295,23.2382407 72.158879,23.2348839 72.1597803,23.2318375 72.1606225,23.2288995 72.1615988,23.2254883 72.1614969,23.221929 72.1614003,23.2180196 72.161293,23.2148101 72.1611965,23.211783 72.1611053,23.2085685 72.1610194,23.205418 72.1608639,23.2021737 72.1607673,23.198959 72.1622211,23.1970508 72.1619207,23.1933773 72.1615988,23.1896002 72.1613467,23.1859167 72.1610516,23.1822726 72.1607244,23.1785889 72.1604723,23.1749001 72.1601987,23.1713493 72.159909,23.1676555 72.1608961,23.165224 72.1617919,23.1618506 72.1627253,23.1583044 72.1635461,23.1550787 72.1645063,23.1513795 72.1654075,23.147907 72.1663034,23.1443605 72.1673065,23.140503 72.1672797,23.138377 72.1668023,23.1348154 72.1662658,23.1316927 72.1657562,23.1282395 72.1651769,23.124574 72.1646297,23.1207802 72.1640879,23.1173859 72.163589,23.1141641 72.1629721,23.1103256 72.1626127,23.1081596 72.1630311,23.1058258 72.1651876,23.102135 72.1668988,23.0991153 72.1687871,23.0957944 72.1706539,23.0926363 72.1724188,23.0895818 72.1741033,23.0865962 72.1781427,23.0854514 72.1795857,23.0825595 72.1793443,23.0799094 72.1777457,23.0778712 72.177971,23.0746042 72.1757716,23.0721809 72.1758789,23.0688051 72.175954,23.0661745 72.1784967,23.0647629 72.179178,23.0610513 72.1785825,23.0578924 72.1806425,23.0560661 72.1814096,23.0525862 72.1822089,23.0490421 72.1830296,23.0453153 72.1837699,23.0419141 72.184537,23.0383006 72.1853685,23.034687 72.1861142,23.0311177 72.1867955,23.0279383 72.187466,23.0247391 72.1882814,23.0213276 72.1872675,23.0176345 72.1862483,23.0139561 72.1852666,23.0102727 72.1843493,23.0066633 72.1834642,23.0032957 72.1824449,22.9994047 72.1820587,22.9960813 72.1815866,22.9923925 72.181077,22.9887875 72.1806747,22.9855183</coordinates></LineString>
  </Placemark>
  <Placemark>
	<Style><LineStyle><color>ff0000ff</color></LineStyle><PolyStyle><fill>0</fill></PolyStyle></Style>
	<ExtendedData><SchemaData schemaUrl="#765000_voltage_line">
		<SimpleData name="full_id">w1379142201</SimpleData>
		<SimpleData name="osm_id">1379142201</SimpleData>
		<SimpleData name="osm_type">way</SimpleData>
		<SimpleData name="power">line</SimpleData>
		<SimpleData name="cables">3</SimpleData>
		<SimpleData name="voltage">765000</SimpleData>
	</SchemaData></ExtendedData>
      <LineString><coordinates>69.5909115,23.4531531 69.5903924,23.4532926 69.5898952,23.4534263 69.5904399,23.4551324 69.590929,23.455001 69.5914527,23.4548603</coordinates></LineString>
  </Placemark>
  <Placemark>
	<Style><LineStyle><color>ff0000ff</color></LineStyle><PolyStyle><fill>0</fill></PolyStyle></Style>
	<ExtendedData><SchemaData schemaUrl="#765000_voltage_line">
		<SimpleData name="full_id">w1379142202</SimpleData>
		<SimpleData name="osm_id">1379142202</SimpleData>
		<SimpleData name="osm_type">way</SimpleData>
		<SimpleData name="power">line</SimpleData>
		<SimpleData name="cables">3</SimpleData>
		<SimpleData name="voltage">765000</SimpleData>
	</SchemaData></ExtendedData>
      <LineString><coordinates>69.590929,23.455001 69.5903924,23.4532926 69.5902925,23.4529868 69.5898925,23.4526201 69.5898258,23.4531443 69.5898952,23.4534263</coordinates></LineString>
  </Placemark>
  <Placemark>
	<Style><LineStyle><color>ff0000ff</color></LineStyle><PolyStyle><fill>0</fill></PolyStyle></Style>
	<ExtendedData><SchemaData schemaUrl="#765000_voltage_line">
		<SimpleData name="full_id">w1349322979</SimpleData>
		<SimpleData name="osm_id">1349322979</SimpleData>
		<SimpleData name="osm_type">way</SimpleData>
		<SimpleData name="power">line</SimpleData>
		<SimpleData name="cables">3</SimpleData>
		<SimpleData name="voltage">765000</SimpleData>
	</SchemaData></ExtendedData>
      <LineString><coordinates>69.5925051,23.4527278 69.5930404,23.4544368 69.5934431,23.4556287 69.5940435,23.4562339 69.5939366,23.4554761 69.5935478,23.4543014</coordinates></LineString>
  </Placemark>
  <Placemark>
	<Style><LineStyle><color>ff0000ff</color></LineStyle><PolyStyle><fill>0</fill></PolyStyle></Style>
	<ExtendedData><SchemaData schemaUrl="#765000_voltage_line">
		<SimpleData name="full_id">w1349322980</SimpleData>
		<SimpleData name="osm_id">1349322980</SimpleData>
		<SimpleData name="osm_type">way</SimpleData>
		<SimpleData name="power">line</SimpleData>
		<SimpleData name="cables">3</SimpleData>
		<SimpleData name="voltage">765000</SimpleData>
	</SchemaData></ExtendedData>
      <LineString><coordinates>69.5930065,23.452594 69.5928637,23.4517016</coordinates></LineString>
  </Placemark>
  <Placemark>
	<Style><LineStyle><color>ff0000ff</color></LineStyle><PolyStyle><fill>0</fill></PolyStyle></Style>
	<ExtendedData><SchemaData schemaUrl="#765000_voltage_line">
		<SimpleData name="full_id">w688672707</SimpleData>
		<SimpleData name="osm_id">688672707</SimpleData>
		<SimpleData name="osm_type">way</SimpleData>
		<SimpleData name="power">line</SimpleData>
		<SimpleData name="frequency">50</SimpleData>
		<SimpleData name="circuits">2</SimpleData>
		<SimpleData name="cables">6</SimpleData>
		<SimpleData name="voltage">765000</SimpleData>
	</SchemaData></ExtendedData>
      <LineString><coordinates>69.5928472,23.4568737 69.5935339,23.4582909 69.5964628,23.4586256 69.5993006,23.4590242 69.6029431,23.4579661 69.6066391,23.4568441 69.6102977,23.4557172 69.6139777,23.4545804 69.6177274,23.4534731 69.6210802,23.4530794 69.6246046,23.4526956 69.6280163,23.4510174 69.6312779,23.4494574 69.6347916,23.4477398 69.6381283,23.446032 69.6415669,23.4443932 69.6449143,23.4427346 69.6484119,23.441076 69.6505147,23.4382115 69.65258,23.4353372 69.6546882,23.4324086 69.6567643,23.4295981 69.6589208,23.4266546 69.6609163,23.4238932 69.6643978,23.4226184 69.6678632,23.4213878 69.671275,23.4201473 69.6747983,23.4188948 69.6780878,23.4177254 69.6815854,23.4164603 69.6850884,23.41521 69.6888435,23.4146537 69.6925825,23.4142353 69.6963751,23.4137873 69.6999532,23.413364 69.7036439,23.4129554 69.7075009,23.4125369 69.7113687,23.4120594 69.7153276,23.4116558 69.7191364,23.411193 69.7230631,23.4107697 69.7268343,23.4102725 69.7307074,23.4098737 69.7345698,23.4095488 69.7383732,23.4092583 69.7422463,23.4089285 69.7462159,23.4086233 69.7500569,23.4082885 69.7539407,23.4079882 69.757449,23.4077224 69.7612685,23.4072301 69.764809,23.4067427 69.7683817,23.4062652 69.7722065,23.4057434 69.7759348,23.4052363 69.7796684,23.4047735 69.7835255,23.4042911 69.7872055,23.4038628 69.7911215,23.4034886 69.7949034,23.4031194 69.7987926,23.4027551 69.8026979,23.4023464 69.8065066,23.4019969 69.8104441,23.4016178 69.8143548,23.401224 69.8182225,23.4008597 69.822455,23.4006824 69.8259956,23.400515 69.8299491,23.4003624 69.8338062,23.4002196 69.8377812,23.4000178 69.8413485,23.3999045 69.8453665,23.3997322 69.849261,23.3995747 69.853102,23.3996141 69.8570502,23.3996288 69.861052,23.3996732 69.8650056,23.3997027 69.8688304,23.399747 69.8727465,23.3997962 69.8766518,23.3998209 69.8806536,23.3998356 69.8845428,23.3998701 69.8883408,23.3998701 69.89223,23.3998947 69.8961246,23.3999292 69.8997295,23.3985556 69.9032485,23.3971918 69.9070036,23.3957788 69.9105763,23.3943757 69.9141544,23.3929823 69.9177808,23.3916087 69.9210691,23.3902645 69.9249691,23.3887087 69.9286491,23.3873547 69.9318623,23.3861287 69.9357408,23.3857003 69.93963,23.3852867 69.9434227,23.3848829 69.947328,23.3844546 69.9512708,23.3840213 69.9550956,23.3835929 69.9590224,23.3831498 69.9627882,23.3827017 69.9667472,23.3822782 69.9706525,23.3818252 69.9745041,23.3813772 69.9784523,23.3809242 69.982186,23.3805007 69.9862093,23.3800723 69.9896479,23.3796883 69.9934781,23.3792549 69.9967825,23.3788906 70.0003123,23.377305 70.0038636,23.3756604 70.0074094,23.3740748 70.0108963,23.37244 70.0146353,23.3707657 70.017972,23.3692441 70.0217807,23.3675304 70.0248706,23.3661269 70.0281912,23.3646003 70.0318015,23.3629949 70.0353634,23.3613698 70.0389093,23.3597693 70.0422352,23.3582968 70.0458938,23.3566371 70.049445,23.3550316 70.0529373,23.3534064 70.0565636,23.3517713 70.0583339,23.3526726 70.0613165,23.3516285 70.0651091,23.3501805 70.0678235,23.3497865 70.0707096,23.3493432 70.0736546,23.3488852 70.0759292,23.349363 70.0793838,23.3482646 70.0831121,23.3471269 70.0866795,23.3460729 70.0903594,23.3449697 70.093959,23.3438911 70.0976658,23.3427385 70.1014799,23.3437285 70.1052135,23.3447185 70.1089847,23.345738 70.1127344,23.3467625 70.1164037,23.347713 70.119397,23.3500623 70.1223099,23.3524214 70.1253194,23.3548543 70.1281679,23.3571001 70.1308018,23.3592719 70.1338863,23.3616998 70.1367509,23.3640291 70.1397389,23.366383 70.1426893,23.3687566 70.1446742,23.3716422 70.146777,23.3746312 70.1488101,23.37763 70.150913,23.3806287 70.1530427,23.3836914 70.1566744,23.3843955 70.1603436,23.3851094 70.1638949,23.3841247 70.1675266,23.3830611 70.1710135,23.3820813 70.1745808,23.3810522 70.178175,23.3800428 70.1819247,23.378994 70.1856208,23.3778959 70.189451,23.377305 70.193308,23.3767289 70.1971435,23.3760888 70.2010757,23.3754339 70.2048737,23.3748528 70.2087468,23.3742373 70.2125931,23.3735922 70.216434,23.3729669 70.2202856,23.3723415 70.2241641,23.3717161 70.2279299,23.3711006 70.2313095,23.372568 70.2348983,23.3741782 70.2382028,23.375621 70.2414536,23.3770982 70.2450371,23.3786247 70.2485132,23.3802102 70.2520323,23.3817612 70.2555352,23.3832285 70.2590811,23.3848534 70.2626538,23.3864782 70.2661782,23.3880587 70.2696705,23.3896442 70.2731627,23.3912394 70.2763867,23.3927115 70.2798092,23.394292 70.2833658,23.3958773 70.2866971,23.3974528 70.2902538,23.3990971 70.2937674,23.4006233 70.2972919,23.4022283 70.3014547,23.4041237 70.3044802,23.4064867 70.3073287,23.4087267 70.3102952,23.4110552 70.3127199,23.4130046 70.31515,23.41489 70.3176016,23.4168738 70.320273,23.4190102 70.324232,23.4186804 70.3283894,23.4183604 70.3320211,23.4180848 70.3359693,23.4177303 70.3399926,23.417435 70.3437209,23.4171642 70.3477174,23.4168492 70.3515851,23.4164948 70.3553832,23.4162093 70.3592563,23.4158893 70.3631991,23.4155496 70.3671849,23.4152838 70.3710097,23.4149589 70.3748774,23.4146488 70.3787988,23.4143436 70.3828275,23.4140433 70.3866148,23.4136987 70.3904825,23.4133689 70.39442,23.4130784 70.3981966,23.4127585 70.4020053,23.4124582 70.4059052,23.4121382 70.4098481,23.4118428 70.4133886,23.4103758 70.4169559,23.4089876 70.420534,23.407555 70.4241282,23.4061421 70.4277116,23.4054283 70.4309785,23.4047588 70.4344332,23.4040794 70.4379523,23.4020904 70.4416591,23.4026664 70.4456395,23.4031834 70.4496252,23.4037003 70.4538953,23.4042714 70.4575217,23.4047932 70.4604936,23.4051181 70.4640824,23.4056892 70.4670328,23.4061914 70.4705787,23.4067477 70.4731697,23.4086824 70.4763079,23.4109567 70.4791886,23.4131129 70.4821068,23.4152641 70.4850197,23.4174153 70.4878896,23.4195418 70.4907596,23.4216585 70.4936993,23.423844 70.4966766,23.4260197 70.4997075,23.4282544 70.502733,23.4304939 70.5058336,23.4327531 70.5086446,23.4348597 70.5117238,23.4371386 70.5145476,23.4392094 70.5175763,23.4414303 70.5206233,23.4437041 70.5227154,23.4445999 70.5261433,23.4460862 70.5294102,23.4474248 70.5326021,23.4488323 70.5352789,23.4499347 70.539431,23.4517704 70.54259,23.4527615 70.5458951,23.4538275 70.5487382,23.455604 70.5511844,23.4565882 70.5548483,23.4581531 70.5575895,23.4593391 70.561012,23.4607859 70.5642736,23.4621539 70.5673045,23.4634579 70.5708879,23.4649735 70.574466,23.4664301 70.5776042,23.4673454 70.5804527,23.4682311 70.5843687,23.469412 70.5879199,23.4701354 70.5916053,23.470903 70.5941534,23.4722217 70.5973452,23.4739291 70.6005424,23.4756316 70.6036806,23.4772897 70.6066096,23.4788101 70.6096727,23.4804436 70.6132024,23.4810291 70.6174135,23.4817032 70.6213081,23.482333 70.6250095,23.4829775 70.6289524,23.4836221 70.6320476,23.4841141 70.6357491,23.4853785 70.6406468,23.4857623 70.6441927,23.4867955 70.6473845,23.4877254 70.6506354,23.4887143 70.6545567,23.4887094 70.6580543,23.4902198 70.6614876,23.49174 70.6647223,23.4931864 70.6681234,23.4946968 70.6714064,23.4960989 70.6747645,23.4976092 70.6781012,23.4990604 70.6814164,23.500615 70.6847477,23.5020515 70.6878215,23.503365 70.6912333,23.5048801 70.6945646,23.5063116 70.6980461,23.5077874 70.7015973,23.5093714 70.7053095,23.5109455 70.7084316,23.5123474 70.7118541,23.5138133 70.7151103,23.5152152 70.7185006,23.5167007 70.7215905,23.5180583 70.725131,23.5196372 70.7289988,23.5213047 70.7327861,23.521772 70.7363158,23.5221556 70.7405108,23.5226622 70.7444805,23.5231492 70.7479727,23.5236017 70.7513255,23.5240099 70.7557189,23.5246198 70.7596832,23.5251068 70.7635617,23.525574 70.7673812,23.5260265 70.7711148,23.5265135 70.7747519,23.5269217 70.7780403,23.5280923 70.7814896,23.5293121 70.7848477,23.5305417 70.7883668,23.5317319 70.7919931,23.5330107 70.7955712,23.5343042 70.7992083,23.5356124 70.8023089,23.5366796 70.8062893,23.5381059 70.8099586,23.5393551 70.8134669,23.5407911 70.8163583,23.5425026 70.8194536,23.54445 70.8225864,23.5464122 70.8258641,23.5484039 70.8291149,23.55043 70.8324355,23.5524364 70.835461,23.5543296 70.8387977,23.55639 70.8418339,23.558175 70.8454871,23.5604763 70.848754,23.5625022 70.8516401,23.5642477 70.8541936,23.5664309 70.8566344,23.5685157 70.8592093,23.5707676 70.8618969,23.573049 70.8645093,23.5752714 70.8670306,23.577479 70.8686078,23.5784279 70.8716977,23.581073 70.8745998,23.5836098 70.8774483,23.5860532 70.8800501,23.5883049 70.8829254,23.5907777 70.8858597,23.5933684 70.8886117,23.5957527 70.8914655,23.598186 70.8940887,23.6004866 70.8971411,23.6031657 70.8999681,23.6056579 70.9028059,23.6081353 70.9056652,23.6106815 70.908578,23.6132767 70.9109759,23.615346 70.9142053,23.6182509 70.9166193,23.6204332 70.9207445,23.6215341 70.9246123,23.6226351 70.927906,23.6235492 70.931527,23.6245617 70.9351158,23.6255446 70.938651,23.6265129 70.9424221,23.6275941 70.9456193,23.628464 70.9491438,23.6294568 70.9525073,23.6303758 70.956316,23.6314275 70.9596688,23.6323662 70.9629571,23.6333049 70.9671789,23.6344893 70.9706175,23.6354476 70.9741956,23.6364354 70.978294,23.637546 70.9818238,23.6385485 70.9855735,23.6396248 70.9890282,23.6390645 70.9930623,23.6396002 70.9965545,23.640126 70.9998429,23.640588 71.0029542,23.6409811 71.0066289,23.642244 71.0102928,23.6435021 71.0139728,23.6447552 71.0176474,23.6459984 71.0213166,23.6472367 71.025002,23.6485045 71.0286874,23.649733 71.0323566,23.6509811 71.0360205,23.6522489 71.0396898,23.6535265 71.043359,23.6547844 71.0471249,23.6560669 71.0489863,23.6594376 71.0507566,23.6626215 71.0525322,23.665825 71.0543561,23.6690481 71.0561424,23.6722858 71.0579663,23.6754252 71.0597581,23.6786824 71.0615498,23.6818806 71.063379,23.6850984 71.0652137,23.6882424 71.0669571,23.6915091 71.0688132,23.6946775 71.0687542,23.6983665 71.0686415,23.7020014 71.0685611,23.7056116 71.0684967,23.7093151 71.0684591,23.7130037 71.0670751,23.7161765 71.0657555,23.719359 71.0643071,23.7227379 71.0643232,23.7264605 71.0643554,23.730129 71.0660559,23.7334143 71.0679281,23.7369991 71.0693926,23.739695 71.071195,23.7431912 71.0728043,23.7462012 71.0744673,23.7493732 71.0762912,23.7528397 71.0792255,23.7552652 71.0822618,23.7578086 71.0850888,23.7600621 71.0877603,23.7622813 71.0907108,23.7646821 71.0936934,23.7671909 71.0966545,23.7696063 71.0993797,23.7718253 71.1025554,23.7743978 71.1044919,23.7781042 71.1048996,23.7804948 71.107716,23.7821001 71.1117768,23.7824535 71.1154997,23.7827726 71.1189544,23.7838673 71.1225218,23.7849128 71.1252898,23.7857424 71.1290878,23.786896 71.1329234,23.7880544 71.1362493,23.7895123 71.1395109,23.7909063 71.1427939,23.7923298 71.1460608,23.793714 71.1497354,23.7953043 71.1522889,23.796129 71.1554754,23.7972088 71.1573851,23.7958246 71.1593646,23.7943914 71.1636561,23.7941067 71.1675936,23.7938564 71.1711448,23.7936257 71.1751467,23.793341 71.1790949,23.7930759 71.1829734,23.7928845 71.1868411,23.7925998 71.1906552,23.7923642 71.1945498,23.7921237 71.1983371,23.7918758 71.2023497,23.7913923 71.2064426,23.7908761 71.2104446,23.7903713 71.2142587,23.7899246 71.2179279,23.7894976 71.2216401,23.7890411 71.2253845,23.7885797 71.2291288,23.7880888 71.2326372,23.7895368 71.2361938,23.7910241 71.2397933,23.7924624 71.2433767,23.7939938 71.2460053,23.7966002 71.2490094,23.7996973 71.2513751,23.8019551 71.2540573,23.8045171 71.2567341,23.807187 71.2594217,23.809852 71.2620556,23.8124777 71.2647164,23.8150395 71.26845,23.8157021 71.2720442,23.8150935 71.2757617,23.8144555 71.2795705,23.8148972 71.2830412,23.8152358 71.2865817,23.8155696 71.2901437,23.8159622 71.2937325,23.8171547 71.2971765,23.8184061 71.3008887,23.8196772 71.3048959,23.8191717 71.3066661,23.8201483 71.3093376,23.8217825 71.312744,23.8235148 71.3161021,23.8252618 71.3193315,23.8269057 71.3227111,23.828633 71.325978,23.8303358 71.3292932,23.8320238 71.3325226,23.8337118 71.3358593,23.8354391 71.3391477,23.8370927 71.3419747,23.8395706 71.3449413,23.8420043 71.3478166,23.844438 71.3506436,23.846852 71.353299,23.8490746 71.3561475,23.8514983 71.3589585,23.8539367 71.3622361,23.8559384 71.3655031,23.8579499 71.368711,23.8599565 71.3719457,23.8619384 71.375159,23.8639744 71.3788015,23.8647299 71.3826156,23.8655786 71.386376,23.8663291 71.3900667,23.8671729 71.3939077,23.8680461 71.3976788,23.8688359 71.4015412,23.8696748 71.4053929,23.8705186 71.4091426,23.8713329 71.4128977,23.8718921 71.4165777,23.8724513 71.4203489,23.8729958 71.4240932,23.8735796 71.4280951,23.8741584 71.4317107,23.8747176 71.4355034,23.8752621 71.43803,23.8774156 71.4421016,23.8778276 71.4457387,23.8782348 71.4492899,23.8786223 71.4529163,23.8789951 71.4567143,23.879412 71.4604425,23.8798143 71.4643639,23.8802361 71.4682531,23.8806678 71.4720887,23.8810356 71.4760208,23.8814231 71.4794218,23.8817567 71.4834022,23.8821442 71.4875168,23.8827721 71.4912021,23.883395 71.4954346,23.8841111 71.4975589,23.8838217 71.5016627,23.8830909 71.5053964,23.8824385 71.5090924,23.8818058 71.5131158,23.8810749 71.5153152,23.8811436 71.5190864,23.8815213 71.5226108,23.8818842 71.5265161,23.8822865 71.5306252,23.882674 71.5347075,23.8830909 71.5383983,23.8837727 71.5422821,23.8844986 71.546182,23.8851755 71.5499371,23.8858328 71.5535527,23.8861173 71.5572649,23.8864312 71.5608591,23.8867059 71.5644425,23.8869609 71.5682781,23.8874073 71.5720171,23.8878487 71.5760082,23.8883098 71.5799886,23.8887463 71.5839583,23.8892123 71.5878582,23.8896537 71.5902024,23.8895507 71.5938717,23.8907083 71.597439,23.8917677 71.6009152,23.8931802 71.6047776,23.8947645 71.6084897,23.8962849 71.6118693,23.8976827 71.615265,23.8990854 71.6187411,23.9005273 71.6223353,23.901979 71.6255701,23.9032933 71.6276085,23.9036955 71.6310579,23.9061231 71.6334772,23.9062506 71.6366959,23.9059858 71.6405046,23.9056523 71.6440022,23.9053629 71.6474622,23.9059858 71.6511798,23.9065449 71.6550207,23.9072069 71.6582286,23.9088694 71.6615117,23.9106594 71.6650522,23.9125131 71.6691399,23.9127387 71.6729754,23.9130035 71.6767412,23.9132585 71.6807377,23.9135086 71.6846269,23.9137587 71.6886181,23.914053 71.6924268,23.9142933 71.6958868,23.914563 71.6995454,23.9150043 71.7033863,23.9155192 71.707356,23.9160685 71.7107892,23.9165294 71.7145175,23.9178338 71.7177898,23.9190058 71.7214698,23.9202268 71.7250425,23.9189126 71.7284167,23.9176328 71.7321557,23.9176573 71.7356318,23.9176524 71.7398858,23.9181182 71.7438394,23.9187704 71.7476052,23.9193736 71.7513925,23.9200258 71.7550081,23.9205897 71.7584413,23.9221638 71.7620462,23.9238359 71.7656296,23.9255129 71.7692238,23.9271653 71.7729896,23.928906 71.7759508,23.9303133 71.7793518,23.9318431 71.78271,23.9334219 71.7861324,23.9350253 71.789968,23.9347654 71.7939538,23.9344467 71.79618,23.9335592 71.7997152,23.9350939 71.8034917,23.9367315 71.8058038,23.9376778 71.8096125,23.9386339 71.8131047,23.9394919 71.8164951,23.9403401 71.8199068,23.9411589 71.8231308,23.9428749 71.8264085,23.9445026 71.8289512,23.9451449 71.8313116,23.9463166 71.8335861,23.9491504 71.8357962,23.9519203 71.8380332,23.9546901 71.8404365,23.957656 71.8426788,23.9605336 71.8449908,23.9633866 71.8467021,23.9664406 71.850425,23.9669504 71.8542123,23.9674455 71.8579942,23.9679406 71.8616098,23.9697248 71.8650162,23.9713669 71.8667757,23.9739795 71.8688786,23.9772636 71.8692326,23.9805377 71.8695331,23.983753 71.8725586,23.9869878 71.8732077,23.9904626 71.873846,23.9939178 71.8761152,23.9969318 71.8794894,23.9985294 71.880734,24.0016903 71.8820965,24.0051158 71.8834591,24.0084432 71.8863505,24.0098446 71.8896764,24.0114764 71.8916506,24.0140882 71.8935764,24.0165774 71.8963337,24.0179494 71.898914,24.0199829 71.9012207,24.0218546 71.9052976,24.021203 71.9089884,24.0225063 71.9126415,24.0236969 71.916241,24.0249072 71.919964,24.026088 71.9235152,24.0268033 71.9271415,24.0275481 71.9305533,24.0282487 71.9342869,24.0289984 71.9379938,24.029748 71.9415611,24.0299097 71.945225,24.0299979 71.9464374,24.0318351 71.9474083,24.0341869 71.9501442,24.0365336 71.9529015,24.0389685 71.9557124,24.0414524 71.9555354,24.0443771 71.9555891,24.0476936 71.9563562,24.0508288 71.9594675,24.0530626 71.9624877,24.0553062 71.9655883,24.0575546 71.9670582,24.0606356 71.9684851,24.063653 71.9699871,24.0668025 71.9696546,24.0701772 71.9693273,24.0736449 71.9690055,24.0771077 71.9710922,24.079963 71.9727123,24.0822991 71.9747829,24.0830729 71.9760704,24.0852278 71.9775617,24.0877059 71.9784093,24.0912025 71.9792998,24.0945815 71.9778943,24.0978233 71.9780445,24.1010454 71.9781625,24.1042087 71.9782913,24.1078126 71.9783986,24.1112205 71.9784629,24.1144815 71.9809171,24.1160248 71.9834304,24.1176052 71.9847822,24.1204254 71.9861394,24.123172 71.9875556,24.1260949 71.9883388,24.1295121 71.9891059,24.1329293 71.989916,24.1365911 71.9913965,24.1403654 71.9935906,24.1421179</coordinates></LineString>
  </Placemark>
  <Placemark>
	<name>Dhule_Vadodara_BDTS_765KV line</name>
	<Style><LineStyle><color>ff0000ff</color></LineStyle><PolyStyle><fill>0</fill></PolyStyle></Style>
	<ExtendedData><SchemaData schemaUrl="#765000_voltage_line">
		<SimpleData name="full_id">w331275941</SimpleData>
		<SimpleData name="osm_id">331275941</SimpleData>
		<SimpleData name="osm_type">way</SimpleData>
		<SimpleData name="power">line</SimpleData>
		<SimpleData name="circuits">1</SimpleData>
		<SimpleData name="cables">3</SimpleData>
		<SimpleData name="voltage">765000</SimpleData>
	</SchemaData></ExtendedData>
      <MultiGeometry><LineString><coordinates>73.3783758,22.3190849 73.3782994,22.3197602 73.3785667,22.3209827 73.380148,22.3216223 73.3828293,22.3198592 73.3827567,22.3158664 73.3804039,22.3135768 73.3772299,22.3114885 73.3740101,22.3093754 73.3707406,22.307287 73.3677079,22.3052905 73.3645091,22.3032019 73.3613411,22.3011255 73.3588132,22.2987491 73.3560125,22.2960804 73.354527,22.2926069 73.3532334,22.2894822 73.354473,22.2861195 73.355213,22.2841003 73.35645,22.2807615 73.3578029,22.277106 73.357971,22.2747167 73.3576845,22.271161 73.3573751,22.2677395 73.3570657,22.2642755 73.3567411,22.2608503 73.3564661,22.2576265 73.3562025,22.2545405 73.3558664,22.2509631 73.3556067,22.2475588 73.355282,22.2439847 73.3549879,22.2405201 73.3546824,22.2368539 73.3543463,22.2331382 73.3540292,22.2292632 73.3537466,22.2256957 73.3535136,22.2228424 73.3521157,22.2219337 73.3518483,22.2180619 73.3515733,22.215021 73.3512296,22.2113329 73.3508744,22.207712 73.350649,22.204296 73.3502938,22.2006713 73.3499539,22.1969333 73.3496585,22.1934905 73.3493339,22.1901803 73.3490818,22.1870822 73.34878,22.1837435 73.3485241,22.1805923 73.3482491,22.1774091 73.3470727,22.1756335 73.3474699,22.1717994 73.3478481,22.1682552 73.3482224,22.1646225 73.3485356,22.1615522 73.3488411,22.1586268 73.3489328,22.1561223 73.3490665,22.1524822 73.3492307,22.1489234 73.3493568,22.1454034 73.3494866,22.1418727 73.3496165,22.138264 73.3497769,22.1347933 73.3498839,22.1312058 73.3500137,22.1275544 73.3501627,22.1238959 73.3502773,22.1202125 73.3504186,22.1165573 73.3505255,22.1134612 73.3517019,22.1117626 73.3509087,22.1084865 73.350053,22.1050267 73.3492586,22.1016471 73.3483534,22.0977296 73.3475627,22.0939712 73.3468752,22.0902623 73.3461227,22.0865029 73.3454196,22.08299 73.3446804,22.0792967 73.3439463,22.0756289 73.3432038,22.071919 73.3424723,22.0682522 73.3417341,22.0645521 73.3409767,22.060755 73.3402464,22.057094 73.3394902,22.0533033 73.338731,22.0497572 73.3381253,22.0461463 73.3373999,22.0424882 73.3367022,22.0389696 73.3359345,22.0352203 73.3351973,22.0315629 73.3345442,22.0279125 73.3346435,22.0243931 73.3348039,22.0211674 73.3348726,22.0176053 73.3350331,22.0137102 73.3351166,22.0101534 73.3352192,22.0066979 73.3353921,22.0031472 73.3354785,21.9995663 73.3356054,21.9960154 73.3357189,21.9924169 73.3358377,21.9891012 73.33597,21.9856377 73.3361051,21.9824846 73.3362563,21.9786778 73.3363832,21.9749561 73.3365075,21.9712493 73.3361402,21.9677202 73.3357324,21.9640959 73.3352948,21.9602159 73.334887,21.9567066 73.334501,21.9529326 73.3342102,21.9503037 73.3338534,21.9468728 73.3334424,21.9432872 73.3330818,21.939759 73.3326553,21.9360401 73.332256,21.9323859 73.3307554,21.9314292 73.3304801,21.9282208 73.3301506,21.9241311 73.3299125,21.9209237 73.3296644,21.9176324 73.3293852,21.9142043 73.3308159,21.9104524 73.3320838,21.9072651 73.3329756,21.903808 73.3337938,21.9007969 73.3346468,21.8975735 73.3355463,21.8941665 73.3373532,21.8936125 73.3392143,21.8909465 73.3426458,21.8905903 73.3501795,21.8897988 73.3520639,21.8895866 73.354053,21.8865572 73.3541538,21.8826318 73.3521531,21.8786272 73.3515133,21.8761589 73.3488728,21.8743238 73.3467403,21.8708479 73.3443673,21.8672783 73.342448,21.8639822 73.3404977,21.8607867 73.3385086,21.8574652 73.3366359,21.8543092 73.3345847,21.8508868 73.3326228,21.8476406 73.3307927,21.8445888 73.3289277,21.8415152 73.3270743,21.8384596 73.3252985,21.8353787 73.3232279,21.8320639 73.3212815,21.8288461 73.3194785,21.825729 73.3176329,21.8227379 73.3157253,21.8195559 73.3146435,21.8159058 73.3135578,21.8123493 73.3116075,21.8114782 73.3106265,21.8079791 73.309696,21.804642 73.3088933,21.8016216 73.3080248,21.7982879 73.3088778,21.7958758 73.309599,21.7920704 73.3101961,21.7883261 73.3107196,21.7853197 73.3094633,21.7821369 73.3087925,21.7782627 73.3082071,21.7747881 73.307672,21.7718535 73.3070749,21.768177 73.3064622,21.7644249 73.3059272,21.761364 73.304667,21.760525 73.3031626,21.7595094 73.3032673,21.7560199 73.3033902,21.752327 73.3035492,21.7493163 73.3024984,21.7460499 73.3014709,21.7426789 73.3003775,21.7391386 73.299447,21.7361276 73.2983691,21.7327132 73.2971167,21.7286647 73.296159,21.7255563 73.2951625,21.7223685 73.293216,21.7217418 73.2919675,21.7181361 73.2907345,21.7148653 73.2912851,21.7112054 73.2918435,21.7072861 73.2922392,21.7039538 73.2927382,21.7007492 73.2932293,21.6972578 73.293745,21.6936912 73.2941793,21.6904487 73.2946988,21.6867449 73.2951525,21.6834878 73.2954859,21.6809189 73.2943654,21.6791174 73.2945748,21.6752296 73.294788,21.6721812 73.2950129,21.6684193 73.2951486,21.6658141 73.2968934,21.6623872 73.2983823,21.6592196 73.3019573,21.6566178 73.3054624,21.6559692 73.3082433,21.6533625 73.3110104,21.6508419 73.3130926,21.6488664 73.3169263,21.6483725 73.3205987,21.6478054 73.3245191,21.6472566 73.3272665,21.6472713 73.3305886,21.6449774 73.3334855,21.6428042 73.3365978,21.6406074 73.3396849,21.6384284 73.3422727,21.6364919 73.3451207,21.6343488 73.3484587,21.6317765 73.351221,21.6318848 73.3538289,21.6291139 73.3570841,21.6268856 73.360107,21.6248072 73.3629056,21.6230106 73.3659758,21.6209835 73.3690459,21.6189014 73.3720413,21.6167644 73.3759971,21.6151287 73.3792916,21.6136576 73.3832828,21.6119487 73.3862979,21.6106423 73.389431,21.6093542 73.3928672,21.6078501 73.396272,21.6064339 73.3998065,21.6049641 73.4027901,21.6037015 73.4062066,21.6022779 73.4100128,21.6006896 73.4117408,21.6015643 73.4155194,21.6019668 73.4187431,21.6022925 73.4223368,21.6026731 73.4259108,21.6030098 73.4295989,21.6033941 73.4328659,21.6038991 73.4354322,21.600986 73.4375656,21.5986621 73.4400611,21.5958551 73.442777,21.5928577 73.4456228,21.5912583 73.4490944,21.589249 73.4525385,21.5873165 73.4555772,21.5855963 73.4583364,21.5839895 73.4620521,21.5818593 73.4655592,21.5798243 73.4687277,21.5781149 73.471731,21.5764349 73.4748995,21.574645 73.4776351,21.5731406 73.4801267,21.571691 73.4842793,21.570333 73.4876289,21.5675767 73.4891955,21.5644103 73.4906558,21.5614269 73.492183,21.5584397 73.4936905,21.5553244 73.4950563,21.552641 73.4965245,21.5497122 73.4980911,21.5466516 73.500067,21.5426391 73.5019524,21.5388937 73.5034048,21.5358328 73.506723,21.534577 73.5105174,21.5331344 73.5140402,21.5317248 73.5177205,21.5302748 73.5208851,21.5289823 73.524711,21.5275617 73.5275922,21.52639 73.5305364,21.5242809 73.534071,21.52178 73.5364996,21.5200444 73.5393336,21.5180121 73.5425026,21.5157219 73.5453287,21.5136493 73.5486862,21.5112068 73.5512486,21.5093685 73.5543109,21.5092147 73.5577707,21.5090645 73.5614234,21.5087643 73.5653266,21.5085263 73.5690516,21.5082992 73.5730746,21.5080258 73.5771052,21.5077654 73.5803282,21.5075571 73.5832257,21.5073699 73.5879006,21.5070678 73.5919863,21.5068261 73.5959539,21.5066246 73.5993074,21.50583 73.6031609,21.5048998 73.6068923,21.5039879 73.6108087,21.5030028 73.6146346,21.502091 73.6182952,21.5011864 73.6220581,21.5002965 73.6259477,21.4993687 73.6299343,21.4984177 73.6336854,21.4975974 73.6375703,21.496788 73.6413254,21.495986 73.6452536,21.4951217 73.6491976,21.4942976 73.6527891,21.4935315 73.6564597,21.4927485 73.6603334,21.4919379 73.6643836,21.4921027 73.6684221,21.4922639 73.6725235,21.4923811 73.6765541,21.4925459 73.6803859,21.4927355 73.6843633,21.491672 73.6882045,21.4905837 73.6907383,21.4912013 73.694589,21.492015 73.6984397,21.4928874 73.7033598,21.493956 73.7063572,21.4943873 73.7092491,21.494799 73.7132526,21.4954019 73.7171472,21.4959741 73.720846,21.4964697 73.7236955,21.4968995 73.7277742,21.497551 73.731581,21.4979981 73.7354027,21.4986046 73.7391983,21.4991349 73.7433366,21.4997102 73.747095,21.5003063 73.7513376,21.5009093 73.7557324,21.5026749 73.7593635,21.5041277 73.7628073,21.5056303 73.7667111,21.507098 73.7704486,21.5085255 73.7737724,21.5098658 73.7773557,21.5112819 73.7804997,21.5112304 73.7843856,21.5111648 73.7886562,21.5110659 73.7925845,21.5109963 73.7954342,21.5109157 73.7988311,21.5111025 73.8025546,21.5113076 73.8060893,21.5115273 73.809923,21.5116262 73.81356,21.5116188 73.8174292,21.5116591 73.8212826,21.5121352 73.8251046,21.5126368 73.8290761,21.5131532 73.8330162,21.5136915 73.837153,21.5142151 73.8411102,21.5147202 73.8451794,21.5152489 73.8477841200173,21.5155720381297</coordinates></LineString><LineString><coordinates>73.9619362110613,21.5285809090717 73.9638218,21.5287071 73.967511,21.5289546 73.9713089,21.5292078 73.9736632921578,21.5293743756204</coordinates></LineString><LineString><coordinates>73.984647251915,21.5300885137679 73.9859324,21.5301811 73.9894313,21.5303982 73.9930911,21.5307171 73.9965607,21.5312901 73.9993749,21.5318525 74.0025506,21.5323624 74.005992,21.5329932 74.0094164,21.5336082 74.0125639,21.5341286 74.0154515,21.5346437 74.019215,21.5353165 74.023075,21.53604 74.0271694,21.5368074 74.0302668,21.5384917 74.0343345,21.5386589 74.0382863,21.538789 74.042332,21.538431 74.0462323,21.5378839 74.0499538,21.5373618 74.0534236,21.5368838 74.0571302,21.5363731 74.0608628,21.5358599 74.0644986,21.535363 74.0680708,21.5349319 74.0715551,21.5344413 74.075423,21.5339135 74.0788633,21.532174 74.0821958,21.5304605 74.0855522,21.5287767 74.0889006,21.5271152 74.0921252,21.5254574 74.0956814,21.5236323 74.0991177,21.521915 74.1021425,21.5203575 74.1056788,21.5185807 74.1087435,21.5170603 74.1117323,21.5155251 74.1145653,21.5141199 74.1177299,21.5125103 74.1184599,21.5102568 74.1201034,21.5051832 74.1213806,21.5013801 74.1244096,21.5000383 74.1253341,21.4996256 74.1292759,21.4978659 74.132333,21.4965252 74.1367237,21.4947218 74.1405945,21.4928658 74.1439399,21.4912572 74.1472643,21.4896587 74.1507445,21.4880302 74.1541073,21.4864413 74.1574877,21.4847905 74.1612038,21.4830169 74.1649078,21.4813103 74.1679965,21.4799346 74.1702421,21.4774061 74.1736385,21.4760304 74.1770509,21.4747624 74.1807989,21.4733085 74.1841154,21.4720071 74.187399,21.4707644 74.1906129,21.4692373 74.1942686,21.4675003 74.1979806,21.4657303 74.2014045,21.4641104 74.2046017,21.4625883 74.2083917,21.460784 74.2096856214093,21.4601618142417</coordinates></LineString></MultiGeometry>
  </Placemark>
  <Placemark>
	<Style><LineStyle><color>ff0000ff</color></LineStyle><PolyStyle><fill>0</fill></PolyStyle></Style>
	<ExtendedData><SchemaData schemaUrl="#765000_voltage_line">
		<SimpleData name="full_id">w1435769856</SimpleData>
		<SimpleData name="osm_id">1435769856</SimpleData>
		<SimpleData name="osm_type">way</SimpleData>
		<SimpleData name="power">line</SimpleData>
		<SimpleData name="cables">3</SimpleData>
		<SimpleData name="voltage">765000</SimpleData>
	</SchemaData></ExtendedData>
      <LineString><coordinates>71.9951905,24.1400185 71.9964605,24.1386505</coordinates></LineString>
  </Placemark>
  <Placemark>
	<Style><LineStyle><color>ff0000ff</color></LineStyle><PolyStyle><fill>0</fill></PolyStyle></Style>
	<ExtendedData><SchemaData schemaUrl="#765000_voltage_line">
		<SimpleData name="full_id">w1435769857</SimpleData>
		<SimpleData name="osm_id">1435769857</SimpleData>
		<SimpleData name="osm_type">way</SimpleData>
		<SimpleData name="power">line</SimpleData>
		<SimpleData name="cables">3</SimpleData>
		<SimpleData name="voltage">765000</SimpleData>
	</SchemaData></ExtendedData>
      <LineString><coordinates>71.9977626,24.1420073 71.9973471,24.1416861 71.9968975,24.1413384 71.9964117,24.1409628 71.9959972,24.1406423 71.9956047,24.1403388 71.9951905,24.1400185</coordinates></LineString>
  </Placemark>
  <Placemark>
	<Style><LineStyle><color>ff0000ff</color></LineStyle><PolyStyle><fill>0</fill></PolyStyle></Style>
	<ExtendedData><SchemaData schemaUrl="#765000_voltage_line">
		<SimpleData name="full_id">w1379142198</SimpleData>
		<SimpleData name="osm_id">1379142198</SimpleData>
		<SimpleData name="osm_type">way</SimpleData>
		<SimpleData name="power">line</SimpleData>
		<SimpleData name="cables">3</SimpleData>
		<SimpleData name="voltage">765000</SimpleData>
	</SchemaData></ExtendedData>
      <LineString><coordinates>69.5923273,23.4518394 69.5925051,23.4527278</coordinates></LineString>
  </Placemark>
  <Placemark>
	<Style><LineStyle><color>ff0000ff</color></LineStyle><PolyStyle><fill>0</fill></PolyStyle></Style>
	<ExtendedData><SchemaData schemaUrl="#765000_voltage_line">
		<SimpleData name="full_id">w1349322976</SimpleData>
		<SimpleData name="osm_id">1349322976</SimpleData>
		<SimpleData name="osm_type">way</SimpleData>
		<SimpleData name="power">line</SimpleData>
		<SimpleData name="cables">3</SimpleData>
		<SimpleData name="voltage">765000</SimpleData>
	</SchemaData></ExtendedData>
      <LineString><coordinates>69.5909115,23.4531531 69.5914395,23.4530122 69.5919525,23.4528753 69.5925051,23.4527278 69.5930065,23.452594 69.5935478,23.4543014 69.5930404,23.4544368 69.5924963,23.4545819 69.5919776,23.4547203 69.5914527,23.4548603 69.5909115,23.4531531</coordinates></LineString>
  </Placemark>
  <Placemark>
	<Style><LineStyle><color>ff0000ff</color></LineStyle><PolyStyle><fill>0</fill></PolyStyle></Style>
	<ExtendedData><SchemaData schemaUrl="#765000_voltage_line">
		<SimpleData name="full_id">w1349322977</SimpleData>
		<SimpleData name="osm_id">1349322977</SimpleData>
		<SimpleData name="osm_type">way</SimpleData>
		<SimpleData name="power">line</SimpleData>
		<SimpleData name="cables">3</SimpleData>
		<SimpleData name="voltage">765000</SimpleData>
	</SchemaData></ExtendedData>
      <LineString><coordinates>69.5914395,23.4530122 69.5919776,23.4547203 69.5923702,23.4559535 69.5928472,23.4568737</coordinates></LineString>
  </Placemark>
  <Placemark>
	<Style><LineStyle><color>ff0000ff</color></LineStyle><PolyStyle><fill>0</fill></PolyStyle></Style>
	<ExtendedData><SchemaData schemaUrl="#765000_voltage_line">
		<SimpleData name="full_id">w1349322978</SimpleData>
		<SimpleData name="osm_id">1349322978</SimpleData>
		<SimpleData name="osm_type">way</SimpleData>
		<SimpleData name="power">line</SimpleData>
		<SimpleData name="cables">3</SimpleData>
		<SimpleData name="voltage">765000</SimpleData>
	</SchemaData></ExtendedData>
      <LineString><coordinates>69.5928472,23.4568737 69.5928959,23.4557714 69.5924963,23.4545819 69.5919525,23.4528753</coordinates></LineString>
  </Placemark>
  <Placemark>
	<Style><LineStyle><color>ff0000ff</color></LineStyle><PolyStyle><fill>0</fill></PolyStyle></Style>
	<ExtendedData><SchemaData schemaUrl="#765000_voltage_line">
		<SimpleData name="full_id">w1349292469</SimpleData>
		<SimpleData name="osm_id">1349292469</SimpleData>
		<SimpleData name="osm_type">way</SimpleData>
		<SimpleData name="power">line</SimpleData>
		<SimpleData name="cables">3</SimpleData>
		<SimpleData name="voltage">765000</SimpleData>
	</SchemaData></ExtendedData>
      <LineString><coordinates>71.9951905,24.1400185 71.994352,24.140948 71.9935906,24.1421179 71.9947382,24.1412564 71.9956047,24.1403388 71.9968763,24.1389719 71.9974955,24.1382751</coordinates></LineString>
  </Placemark>
  <Placemark>
	<Style><LineStyle><color>ff0000ff</color></LineStyle><PolyStyle><fill>0</fill></PolyStyle></Style>
	<ExtendedData><SchemaData schemaUrl="#765000_voltage_line">
		<SimpleData name="full_id">w1349292470</SimpleData>
		<SimpleData name="osm_id">1349292470</SimpleData>
		<SimpleData name="osm_type">way</SimpleData>
		<SimpleData name="power">line</SimpleData>
		<SimpleData name="cables">3</SimpleData>
		<SimpleData name="voltage">765000</SimpleData>
	</SchemaData></ExtendedData>
      <LineString><coordinates>71.9979032,24.138608 71.9972719,24.1392777 71.9959972,24.1406423 71.9951352,24.141555 71.9944328,24.1427396</coordinates></LineString>
  </Placemark>
  <Placemark>
	<Style><LineStyle><color>ff0000ff</color></LineStyle><PolyStyle><fill>0</fill></PolyStyle></Style>
	<ExtendedData><SchemaData schemaUrl="#765000_voltage_line">
		<SimpleData name="full_id">w1349292471</SimpleData>
		<SimpleData name="osm_id">1349292471</SimpleData>
		<SimpleData name="osm_type">way</SimpleData>
		<SimpleData name="power">line</SimpleData>
		<SimpleData name="cables">3</SimpleData>
		<SimpleData name="voltage">765000</SimpleData>
	</SchemaData></ExtendedData>
      <LineString><coordinates>71.9944328,24.1427396 71.9955482,24.1418634 71.9964117,24.1409628 71.9976808,24.1395938 71.9983431,24.138936</coordinates></LineString>
  </Placemark>
  <Placemark>
	<Style><LineStyle><color>ff0000ff</color></LineStyle><PolyStyle><fill>0</fill></PolyStyle></Style>
	<ExtendedData><SchemaData schemaUrl="#765000_voltage_line">
		<SimpleData name="full_id">w316447839</SimpleData>
		<SimpleData name="osm_id">316447839</SimpleData>
		<SimpleData name="osm_type">way</SimpleData>
		<SimpleData name="power">line</SimpleData>
		<SimpleData name="circuits">1</SimpleData>
		<SimpleData name="cables">3</SimpleData>
		<SimpleData name="voltage">765000</SimpleData>
	</SchemaData></ExtendedData>
      <LineString><coordinates>74.0151009,22.6338215 74.0124091,22.6342323 74.008382,22.633641 74.004587,22.6331712 74.0010569,22.6326716 73.9972149,22.6321448 73.9934083,22.6316561 73.9897075,22.6298423 73.9866363,22.6284195 73.9836945,22.6268554 73.9806174,22.6254706 73.9775735,22.6239483 73.9746053,22.6224459 73.9715341,22.6210067 73.9680452,22.6204581 73.9643621,22.6196815 73.9605907,22.618894 73.9575607,22.6182803 73.9541894,22.6188126 73.952948,22.6220874 73.9506298,22.6242163 73.947488,22.6258292 73.9450934,22.6248734 73.9418104,22.6240045 73.9401571,22.6234451 73.9373448,22.6234777 73.9339264,22.6229944 73.9304316,22.622511 73.926978,22.622044 73.9234008,22.6215172 73.9195941,22.6216638 73.9162699,22.6217453 73.9123338,22.6218865 73.9082447,22.6220005 73.9040909,22.6221526 73.9003783,22.6222716 73.8969794,22.6223868 73.8949076,22.6199828 73.8930396,22.6178975 73.8895408,22.616081 73.8881762,22.6138305 73.8868074,22.6115531 73.8850999,22.6086977 73.8858766,22.6067749 73.8844292,22.6022287 73.881811,22.5994259 73.8804755,22.5980191 73.8771745,22.5974353 73.8737794,22.5968349 73.8707148,22.5962929 73.86754,22.5957039 73.8662044,22.5939258 73.8633957,22.5921953 73.8600552,22.5899541 73.8568705,22.5877823 73.8537449,22.5857047 73.849615,22.5848964 73.8466881,22.5834832 73.8434819,22.5819311 73.8405013,22.5804386 73.8373918,22.578941 73.8339708,22.5772699 73.8310546,22.5758367 73.8279451,22.574354 73.8253028,22.5730498 73.8218657,22.5708777 73.8184286,22.5686708 73.8153359,22.568366 73.8123123,22.5681131 73.8093586,22.5677659 73.8060396,22.56605 73.8031503,22.5644333 73.7996917,22.5625438 73.7959431,22.5620379 73.7928014,22.5602128 73.7904056,22.5580311 73.7878726,22.5573858 73.7850435,22.5562776 73.7816295,22.5549344 73.7794948,22.5513419 73.7750263,22.551005 73.7721452,22.5500554 73.769809,22.548148 73.7669873,22.5457154 73.7644285,22.5435206 73.7606761,22.5425381 73.7577438,22.5407078 73.7549679,22.5390084 73.7535097,22.5380719 73.7511097,22.5367285 73.7496552,22.5358622 73.7473198,22.5335016 73.7459511,22.532133 73.743646,22.5313052 73.7415385,22.5313964 73.7388885,22.5315797 73.7358254,22.531763 73.732183,22.5295581 73.7293667,22.5278188 73.7259495,22.5256782 73.7235731,22.5244642 73.72073,22.5229628 73.7188685,22.5220857 73.7159395,22.520946 73.7120986,22.5196279 73.7080968,22.5182007 73.704486,22.5179934 73.7006085,22.5176461 73.6969029,22.517408 73.6927834,22.5170453 73.6887429,22.5168489 73.6857353,22.5187327 73.6825492,22.5210198 73.6777932,22.5218726 73.6746001,22.5225506 73.6699367,22.5201757 73.6667127,22.5186428 73.6631278,22.5164959 73.6601012,22.5147068 73.6563645,22.5126124 73.653729,22.5118266 73.6506264,22.5108478 73.6475095,22.5101976 73.6435411,22.5093837 73.6398993,22.5087171 73.6364094,22.5069244 73.6326498,22.5059667 73.6287187,22.5060514 73.6266189,22.5042603 73.6259207,22.5007028 73.625287,22.4971056 73.6235362,22.4942017 73.6221387,22.4917001 73.619583,22.4904194 73.6167577,22.4890405 73.6140728,22.4876651 73.6111449,22.4867984 73.6083386,22.4858931 73.6053348,22.485037 73.6028056,22.4824685 73.5994448,22.4808685 73.5957802,22.4791315 73.5924596,22.4775733 73.5916057,22.4743278 73.5908699,22.4715041 73.5893984,22.4685165 73.5881041,22.4657025 73.5865789,22.4625659 73.5846563,22.4598859 73.5842159,22.4565903 73.5852041,22.4550716 73.5856337,22.4532401 73.5878195,22.4521382 73.5898047,22.4487741 73.5892237,22.4452994 73.5894478,22.4435199 73.5913351,22.4427161 73.5925086,22.4395361 73.5936972,22.4362402 73.59372,22.4334883 73.5916617,22.4316525 73.589987,22.4302133 73.586706,22.4290971 73.5835399,22.4285299 73.5805736,22.4279984 73.5787887,22.4256282 73.5768331,22.4230313 73.5738763,22.4209898 73.5712963,22.4192085 73.5685314,22.4172867 73.5656475,22.4152785 73.5618461,22.4146643 73.5606423,22.4134566 73.5599473,22.4100934 73.559222,22.4066739 73.5558498,22.4045569 73.5552992,22.4015726 73.5527624,22.4006492 73.5492308,22.4007967 73.5459915,22.4022467 73.5430674,22.4036019 73.5397332,22.4017692 73.5364673,22.4000559 73.5347737,22.3991325 73.5321382,22.3980862 73.5291457,22.3968574 73.5258797,22.3955833 73.5233019,22.3926338 73.5215135,22.3905135 73.5198917,22.3886812 73.5176199,22.3860593 73.5153643,22.383482 73.5115567,22.3823548 73.5079853,22.3812474 73.5044193,22.3800555 73.500719,22.3787892 73.497631,22.3768673 73.4945859,22.3749355 73.4914227,22.3729788 73.4882112,22.3709625 73.4868954,22.3677096 73.4857193,22.3648241 73.483222,22.3628027 73.4801662,22.3603392 73.4770996,22.3578559 73.4737377,22.3560827 73.4704402,22.3543096 73.4670891,22.3525215 73.4636627,22.3507185 73.4605102,22.3490048 73.4575054,22.3474286 73.4542616,22.3456405 73.4511575,22.3439615 73.4479245,22.342223 73.4445411,22.3404149 73.441206,22.3385968 73.4379246,22.337802 73.4347184,22.3370221 73.4314459,22.3362212 73.4285408,22.3354835 73.4249104,22.3345632 73.4220546,22.3355187 73.4188609,22.3365479 73.4148052,22.3360701 73.4111292,22.3356557 73.4080077,22.3340307 73.4047836,22.3323025 73.4015672,22.3306635 73.398662,22.3291832 73.3962361,22.3278623</coordinates></LineString>
  </Placemark>
  <Placemark>
	<Style><LineStyle><color>ff0000ff</color></LineStyle><PolyStyle><fill>0</fill></PolyStyle></Style>
	<ExtendedData><SchemaData schemaUrl="#765000_voltage_line">
		<SimpleData name="full_id">w1349292472</SimpleData>
		<SimpleData name="osm_id">1349292472</SimpleData>
		<SimpleData name="osm_type">way</SimpleData>
		<SimpleData name="power">line</SimpleData>
		<SimpleData name="cables">3</SimpleData>
		<SimpleData name="voltage">765000</SimpleData>
	</SchemaData></ExtendedData>
      <LineString><coordinates>71.9981661,24.1399689 71.9968975,24.1413384 71.9960418,24.1422599 71.9957256,24.1431949</coordinates></LineString>
  </Placemark>
  <Placemark>
	<Style><LineStyle><color>ff0000ff</color></LineStyle><PolyStyle><fill>0</fill></PolyStyle></Style>
	<ExtendedData><SchemaData schemaUrl="#765000_voltage_line">
		<SimpleData name="full_id">w1349292473</SimpleData>
		<SimpleData name="osm_id">1349292473</SimpleData>
		<SimpleData name="osm_type">way</SimpleData>
		<SimpleData name="power">line</SimpleData>
		<SimpleData name="cables">3</SimpleData>
		<SimpleData name="voltage">765000</SimpleData>
	</SchemaData></ExtendedData>
      <LineString><coordinates>71.9957256,24.1431949 71.996487,24.1426123 71.9973471,24.1416861 71.9985915,24.1402977</coordinates></LineString>
  </Placemark>
  <Placemark>
	<Style><LineStyle><color>ff0000ff</color></LineStyle><PolyStyle><fill>0</fill></PolyStyle></Style>
	<ExtendedData><SchemaData schemaUrl="#765000_voltage_line">
		<SimpleData name="full_id">w1031648493</SimpleData>
		<SimpleData name="osm_id">1031648493</SimpleData>
		<SimpleData name="osm_type">way</SimpleData>
		<SimpleData name="power">line</SimpleData>
		<SimpleData name="frequency">50</SimpleData>
		<SimpleData name="circuits">2</SimpleData>
		<SimpleData name="cables">6</SimpleData>
		<SimpleData name="voltage">765000</SimpleData>
	</SchemaData></ExtendedData>
      <LineString><coordinates>70.599888,23.3941541 70.6017923,23.394479 70.6037128,23.3943954 70.6062502,23.3952471 70.6103432,23.3965912 70.6132293,23.3975069 70.6170595,23.3986885 70.6208146,23.3998701 70.6244194,23.4011009 70.6280994,23.4022431 70.6313181,23.4039071 70.6349444,23.405768 70.6383991,23.4075304 70.6416714,23.4092042 70.6452119,23.4109961 70.6487954,23.4128421 70.6494552,23.4155152 70.6502867,23.4187444 70.6512737,23.4227709 70.6521535,23.4259803 70.6530547,23.4296818 70.6539452,23.4334422 70.6547606,23.4365135 70.6558978,23.4407561 70.6586873,23.4429905 70.6616056,23.4452643 70.6641483,23.4471935 70.666734,23.449231 70.6689548,23.4508846 70.6719911,23.4532172 70.6751614,23.4556253 70.6779875,23.4577719 70.6811049,23.4601397 70.6840056,23.4623429 70.6859302,23.4638047 70.6877088,23.4651556 70.6895393,23.4647247 70.6916543,23.4642281 70.6949723,23.4655296 70.6983762,23.466852 70.7018119,23.4681868 70.7033408,23.4710604 70.702858,23.4730188 70.7021445,23.4749033 70.7017797,23.4771913 70.7029009,23.479435 70.7023859,23.4813637 70.7043922,23.4836171 70.7066788,23.4862031 70.708673,23.4884584 70.7120241,23.4910833 70.7151584,23.4935383 70.7177959,23.4956041 70.7203395,23.4975964 70.721612,23.4985931 70.7218265,23.5005412 70.7248953,23.5021803 70.7287889,23.50426 70.7319894,23.5059694 70.7357526,23.5079793 70.7392169,23.5098453 70.7428171,23.5117844 70.7462242,23.5136195 70.749617,23.5154469 70.7527578,23.5171385 70.7562934,23.5184286 70.7594116,23.5195664 70.7635609,23.5210804 70.7670113,23.5223393 70.7704859,23.5236071 70.7736254,23.5247526 70.7775307,23.5261298 70.7792258,23.5273496 70.7793438,23.5298974 70.7820904,23.5323762 70.7844237,23.5348121 70.7867554,23.5372463 70.7890534,23.5396452 70.792748,23.5398816 70.7958896,23.5400827 70.7987743,23.5402673 70.80181,23.5404616 70.8042011,23.5430201 70.8062284,23.5453255 70.808934,23.5480843 70.8114617,23.5505129 70.8140466,23.5529965 70.8165192,23.5553721 70.8206499,23.5557006 70.8246225,23.5560166 70.8290898,23.5563719 70.8326115,23.5566519 70.8358097,23.5569063 70.8387741,23.5595634 70.8417684,23.5622473 70.8443807,23.5645888 70.8471304,23.5670534 70.8498537,23.5694942 70.8529145,23.571621 70.8561781,23.5738888 70.8592832,23.5760463 70.8622655,23.5781184 70.8650672,23.5800651 70.8669448,23.5813532 70.8695894,23.5833837 70.8735003,23.586309 70.8752865,23.5876117 70.8780706,23.590704 70.8806879,23.593802 70.8832392,23.5968219 70.8851623,23.5970751 70.8883267,23.5996974 70.8912587,23.6021271 70.8944136,23.6047416 70.8974388,23.6072484 70.9006387,23.6098999 70.9036351,23.6123899 70.9067879,23.6150097 70.9098532,23.6175568 70.9130788,23.6200793 70.9158307,23.6224729 70.9193337,23.6235787 70.9229096,23.6248193 70.9269833,23.6262327 70.9310388,23.6275892 70.9349634,23.6289607 70.9385673,23.6302202 70.9423357,23.6315371 70.9460372,23.6328306 70.9496831,23.6341047 70.9529108,23.6355584 70.95642,23.6371389 70.9598156,23.6386682 70.9631612,23.640175 70.9661839,23.6415363 70.9692139,23.6429009 70.9728091,23.6444843 70.9764555,23.6460902 70.9795584,23.6474567 70.9837239,23.649329 70.986778,23.650682 70.9886956,23.6515315 70.9902084,23.6549613 70.9919035,23.6589512 70.9932983,23.6623709 70.9950685,23.6663016 70.9974673,23.6692191 70.9999775,23.6722721 71.0022605,23.6750486 71.0047384,23.6780622 71.0071718,23.6810215 71.0096597,23.6840471 71.0121064,23.6870451 71.0144396,23.6899038 71.0166673,23.6926333 71.0191821,23.6957145 71.0216175,23.6986984 71.0240422,23.701669 71.0264826,23.7046588 71.0289256,23.7076075 71.0314228,23.7106216 71.0336871,23.7133545 71.0359561,23.716093 71.0383218,23.7189121 71.0404998,23.7216476 71.0433161,23.7251493 71.0456765,23.7280075 71.0480744,23.7309736 71.0503435,23.7338317 71.0525107,23.7364835 71.0546511,23.7391204 71.0570061,23.7420618 71.0597416,23.7454232 71.062113,23.7483372 71.064866,23.7509089 71.0677067,23.7535626 71.0705265,23.7561966 71.0734174,23.758897 71.0761785,23.7614761 71.0787083,23.7637907 71.0816806,23.7665101 71.0846583,23.7692344 71.0877433,23.7720569 71.0906942,23.7747565 71.0934949,23.7773187 71.0966814,23.7802985 71.0994279,23.7827971 71.1023408,23.7854724 71.1051518,23.7880593 71.1075818,23.7903664 71.1103713,23.7929188 71.1131394,23.7954614 71.1158591,23.7979352 71.1187398,23.8006446 71.1216313,23.8033441 71.1250913,23.8043306 71.1287767,23.8053662 71.1323869,23.8063625 71.1360991,23.807403 71.1397576,23.8084337 71.1430353,23.8093367 71.1465114,23.8103772 71.1502021,23.8113784 71.1539197,23.8124483 71.1578679,23.8135623 71.1617947,23.8146911 71.1661184,23.8158984 71.1700559,23.8170173 71.173811,23.8180675 71.17814,23.8193582 71.18182,23.8203642 71.1854732,23.820855 71.1885631,23.8212819 71.1914974,23.8217138 71.1953437,23.8222291 71.1986804,23.8227051 71.2002951,23.8210709 71.2035781,23.820114 71.2073117,23.8221015 71.2074566,23.8241331 71.2102622,23.8257721 71.2147307,23.8255268 71.2184697,23.8252716 71.2216455,23.8265229 71.2249553,23.8278626 71.2281418,23.8291188 71.2315369,23.830466 71.2347829,23.8317539 71.2383717,23.833226 71.2415314,23.8344773 71.2436087,23.8332695 71.2478206,23.8345832 71.2516969,23.8357924 71.2556612,23.8370289 71.2597489,23.8383439 71.2631124,23.8393645 71.2668568,23.8405912 71.2698823,23.8415431 71.2706548,23.8431377 71.2716579,23.8447078 71.2749624,23.8463957 71.2778388,23.8479015 71.2805477,23.8493195 71.2834686,23.8508486 71.2866032,23.8524894 71.290409,23.8521021 71.2942113,23.8517152 71.2982926,23.8512999 71.3027973,23.8508415 71.3068056,23.8504336 71.3103998,23.8501147 71.3141066,23.8497173 71.3171375,23.8518074 71.3200718,23.8537993 71.3230222,23.8558844 71.326434,23.8581952 71.3299745,23.8606433 71.3333219,23.8629638 71.3367605,23.865348 71.3402206,23.8677812 71.3433963,23.8698955 71.3460249,23.8717302 71.3490933,23.8738641 71.351341,23.8754289 71.3533205,23.8755074 71.3564318,23.8777933 71.3596022,23.8800742 71.362837,23.8824238 71.3662487,23.8848959 71.3678259,23.8875201 71.3705081,23.8879076 71.3745958,23.8884324 71.3781577,23.8889621 71.381709,23.8894722 71.3859147,23.8900314 71.390233,23.8906641 71.3942188,23.8912184 71.3981402,23.8917677 71.4020562,23.8922974 71.4059615,23.8928762 71.4098775,23.8934353 71.4137024,23.8939895 71.417731,23.8945388 71.4213306,23.8950538 71.4251554,23.8955492 71.4287925,23.8965595 71.4328372,23.8975895 71.4364904,23.89859 71.4409053,23.899718 71.4444566,23.9007578 71.4479856,23.9016859 71.4515054,23.9026116 71.4555073,23.9037053 71.4593804,23.9047671 71.4630952,23.9057528 71.4667618,23.9067705 71.4694226,23.9060741 71.4730704,23.9083202 71.476391,23.9104682 71.4798403,23.9126161 71.4835256,23.9149406 71.4869776,23.9170835 71.490435,23.9192363 71.4939648,23.9214724 71.4975589,23.9237574 71.5010351,23.9259052 71.504522,23.9281019 71.5079659,23.9304457 71.510734,23.9323432 71.5142316,23.9344124 71.5177721,23.9365697 71.5214252,23.9387565 71.5248182,23.9408353 71.5276989,23.9425734 71.5296999,23.9436201 71.5329427,23.9435368 71.5345144,23.9454219 71.5372556,23.9485915 71.5398011,23.9515943 71.542215,23.9543985 71.5444359,23.9570751 71.546925,23.9573962 71.5503824,23.9578963 71.5534589,23.9582884 71.5570396,23.9588081 71.5607947,23.9593081 71.5643781,23.9598522 71.5674949,23.9616905 71.5707028,23.963568 71.5739858,23.9654504 71.5773225,23.9673965 71.580745,23.9693376 71.5833843,23.9699993 71.5862113,23.970715 71.589489,23.9715924 71.5932494,23.9725531 71.5954918,23.9724404 71.5994507,23.9734403 71.6032273,23.974401 71.6072881,23.9755088 71.6111344,23.9764989 71.6149217,23.9775086 71.6170031,23.9779547 71.6208172,23.9791898 71.6243523,23.9801995 71.6278553,23.9813464 71.6316694,23.983601 71.6351938,23.9856007 71.6389865,23.9877033 71.6426504,23.9891786 71.6462338,23.9906244 71.6499942,23.9921486 71.6534972,23.9935257 71.6566247,23.9947411 71.659956,23.9960938 71.6638988,23.9972748 71.6677022,23.9984265 71.6713339,23.9999212 71.6750514,24.0014894 71.6788816,24.0030674 71.6825885,24.0046797 71.6860968,24.0061008 71.6900128,24.007762 71.6939664,24.009433 71.6952753,24.0086686 71.6971958,24.0074827 71.7009723,24.0071642 71.7028928,24.0094673 71.7042553,24.0110354 71.7073989,24.0125839 71.7103869,24.0140686 71.7131174,24.0154357 71.7163253,24.0169743 71.7196619,24.0190421 71.7232186,24.0211785 71.7264855,24.0232217 71.7291462,24.024868 71.7318928,24.0265241 71.7350793,24.026818 71.7386144,24.0270875 71.7422032,24.0274256 71.7461139,24.0283418 71.7505395,24.0294001 71.7541337,24.0303212 71.7579639,24.0320164 71.7618316,24.0337214 71.7656082,24.0344857 71.7693096,24.0353235 71.7729092,24.0365238 71.7762244,24.03768 71.7796737,24.0389048 71.783359,24.0400953 71.7872965,24.0399533 71.7902561,24.0421314 71.7936158,24.0447641 71.796872,24.047194 71.8002623,24.0478455 71.8030786,24.0484235 71.806367,24.0490996 71.8094018,24.0510027 71.8124682,24.0529257 71.8154597,24.0548016 71.8186837,24.0568639 71.8217146,24.0587743 71.8251318,24.059509 71.8291014,24.0603417 71.8327278,24.0612577 71.8365741,24.06211 71.8401414,24.0641134 71.8435639,24.0658817 71.8461335,24.0673315 71.849851,24.0670817 71.8544215,24.0669249 71.8586111,24.0677478 71.861921,24.0663893 71.8650215,24.0679487 71.8676448,24.0692711 71.8698335,24.0704271 71.8716413,24.0729005 71.8735403,24.0758245 71.8775368,24.076471 71.881544,24.0771836 71.8855593,24.0778839 71.8893546,24.0785574 71.8930855,24.0802887 71.8967736,24.0818779 71.8997264,24.0823351 71.9027039,24.0827962 71.9059752,24.0860079 71.9096026,24.088056 71.9131458,24.0900565 71.9167185,24.0921427 71.9194221,24.0936829 71.9219783,24.0939277 71.9243333,24.0967337 71.9266851,24.0995845 71.9292766,24.1024752 71.9318139,24.1053055 71.9334072,24.1059274 71.935907,24.1050411 71.9378972,24.1051048 71.9415665,24.1070242 71.9431221,24.1099132 71.9445598,24.1124642 71.9460082,24.1149907 71.948905,24.1171058 71.9518374,24.1192353 71.9547922,24.121381 71.9569516,24.1223006 71.9594943,24.1233238 71.9606182,24.1243299 71.9600978,24.1262662 71.9621369,24.128606 71.9644242,24.1312305 71.9665587,24.1336759 71.9690966,24.1358078 71.9712853,24.13594 71.9741526,24.1369607 71.9781867,24.138373 71.9818371,24.1396164 71.9842297,24.141692 71.9864559,24.1435326 71.9902888,24.1436648 71.9919544,24.1458651 71.9927162,24.1472749</coordinates></LineString>
  </Placemark>
  <Placemark>
	<Style><LineStyle><color>ff0000ff</color></LineStyle><PolyStyle><fill>0</fill></PolyStyle></Style>
	<ExtendedData><SchemaData schemaUrl="#765000_voltage_line">
		<SimpleData name="full_id">w1349323021</SimpleData>
		<SimpleData name="osm_id">1349323021</SimpleData>
		<SimpleData name="osm_type">way</SimpleData>
		<SimpleData name="power">line</SimpleData>
		<SimpleData name="cables">3</SimpleData>
		<SimpleData name="voltage">765000</SimpleData>
	</SchemaData></ExtendedData>
      <LineString><coordinates>69.5909115,23.4531531 69.5905794,23.4520423</coordinates></LineString>
  </Placemark>
  <Placemark>
	<Style><LineStyle><color>ff0000ff</color></LineStyle><PolyStyle><fill>0</fill></PolyStyle></Style>
	<ExtendedData><SchemaData schemaUrl="#765000_voltage_line">
		<SimpleData name="full_id">w922765441</SimpleData>
		<SimpleData name="osm_id">922765441</SimpleData>
		<SimpleData name="osm_type">way</SimpleData>
		<SimpleData name="power">line</SimpleData>
		<SimpleData name="frequency">50</SimpleData>
		<SimpleData name="circuits">2</SimpleData>
		<SimpleData name="cables">6</SimpleData>
		<SimpleData name="voltage">765000</SimpleData>
	</SchemaData></ExtendedData>
      <LineString><coordinates>69.5940435,23.4562339 69.5957386,23.4574494 69.5992416,23.4562733 69.6023744,23.4552103 69.6019453,23.4541031 69.600969,23.4509682 69.5998853,23.4476512 69.5994455,23.4455448 69.5962805,23.4441569 69.5928901,23.442897 69.5895696,23.441514 69.5862007,23.4401015 69.5828909,23.4387037 69.579919,23.4375618 69.5775533,23.4375225 69.5758259,23.4365036 69.5724088,23.4369565 69.5692062,23.4374831 69.5659661,23.4379605 69.5626455,23.4385068 69.5586437,23.438369 69.5544434,23.4382509 69.5504039,23.4380343 69.5462304,23.4379113 69.5423841,23.4378325 69.5390153,23.4355144 69.535743,23.433393 69.5338011,23.4320887 69.5299226,23.4320887 69.5260549,23.4321527 69.522804,23.4321674 69.5194459,23.4322265 69.5158732,23.432192 69.5123273,23.4322265 69.508937,23.4323151 69.5071667,23.4296965 69.5051175,23.4268712 69.5028001,23.4235339 69.5006543,23.4230761 69.4968027,23.4212302 69.4943136,23.4200341 69.4920176,23.4189265 69.4857573,23.4160222 69.4842231,23.4139251 69.4820988,23.4112915 69.479953,23.4083082 69.478113,23.4058861 69.4759405,23.4030701 69.4739824,23.4004166 69.4716811,23.3975365 69.4692457,23.3942575 69.4671696,23.3915594 69.4653135,23.3890041 69.4633448,23.3865029 69.4611078,23.3834255 69.4591069,23.3804909 69.4570148,23.377502 69.4549924,23.3746903 69.4515645,23.3726763 69.4482547,23.3706574 69.4446927,23.3686088 69.4419622,23.3669395 69.4384378,23.3647678 69.4358951,23.3632362 69.4333523,23.361813 69.4304341,23.3599712 69.4259655,23.3586415 69.4226128,23.3575088 69.4191688,23.3564845 69.4158804,23.3555487 69.4119698,23.3543569 69.408322,23.3531995 69.4050658,23.3522884 69.4019437,23.3511852 69.3984461,23.3501657 69.3950397,23.3490428 69.3913758,23.3480085 69.3871862,23.3473092 69.3845308,23.34627 69.3810707,23.3448121 69.3786836,23.3446348 69.3744886,23.3436546 69.3709481,23.3427829 69.3673003,23.3418914 69.3636095,23.3409999 69.3594843,23.3403596 69.3555146,23.3398276 69.3514699,23.3392119 69.3474895,23.33868 69.3439704,23.3368772 69.3403816,23.3352124 69.3366909,23.3333997 69.3334401,23.3317792 69.3294489,23.3298433 69.3273354,23.3289468 69.3240309,23.3280011 69.3216169,23.3273065 69.3194818,23.3262277 69.316864,23.3246071 69.3141389,23.3231736 69.3119019,23.3219913 69.3076211,23.3206367 69.3042362,23.3196514 69.3004382,23.3185677 69.2979169,23.3184494 69.2938077,23.3181095 69.2899521,23.3177242 69.2859703,23.3173262 69.2817002,23.3168533 69.2773282,23.3164395 69.274115,23.3160651 69.2699254,23.3166858 69.2660201,23.3172129 69.2625567,23.3177371 69.2583543,23.3192179 69.255344,23.3203326 69.2515892,23.3217585 69.2478239,23.3231884 69.244042,23.3239421 69.2398578,23.3248041 69.2359632,23.3269617 69.2330879,23.3284395 69.2295527,23.3303359 69.2263663,23.3320796 69.2230618,23.3339022 69.2198646,23.3356803 69.216544,23.3374338 69.212966,23.3393498 69.2097741,23.3411082 69.2062014,23.3430587 69.2028916,23.3448663 69.1999358,23.3467477 69.1972804,23.3483484 69.1943729,23.3501707 69.191224,23.3522589 69.1878712,23.3543618 69.1841215,23.3558836 69.1807151,23.3573118 69.1771687,23.3588137 69.1735818,23.3603327 69.1698439,23.3619156 69.1674682,23.3629217 69.1636321,23.3645462 69.1614729,23.365403 69.1587156,23.3650879</coordinates></LineString>
  </Placemark>
  <Placemark>
	<Style><LineStyle><color>ff0000ff</color></LineStyle><PolyStyle><fill>0</fill></PolyStyle></Style>
	<ExtendedData><SchemaData schemaUrl="#765000_voltage_line">
		<SimpleData name="full_id">w1455340082</SimpleData>
		<SimpleData name="osm_id">1455340082</SimpleData>
		<SimpleData name="osm_type">way</SimpleData>
		<SimpleData name="power">line</SimpleData>
		<SimpleData name="frequency">50</SimpleData>
		<SimpleData name="circuits">2</SimpleData>
		<SimpleData name="cables">6</SimpleData>
		<SimpleData name="voltage">765000</SimpleData>
	</SchemaData></ExtendedData>
      <LineString><coordinates>69.5018989,24.2033179 69.5025185,24.2001546 69.5031542,24.1967955 69.5038837,24.1930767 69.5046052,24.1893431 69.5052972,24.1856705 69.5060134,24.1819171 69.5065793,24.178538 69.5071936,24.1750609 69.5078292,24.1716155 69.5084032,24.1681651 69.5089987,24.1647391 69.5095995,24.1613204 69.5105356,24.1576177 69.5114636,24.1538977 69.5123863,24.1502168 69.5133063,24.1465382 69.514229,24.1428326 69.5151302,24.1391269 69.5160663,24.1354162 69.5169568,24.131725 69.5178741,24.1280336 69.5188183,24.1243373 69.5197248,24.1206384 69.5206583,24.1169589 69.521589,24.1132329 69.5224768,24.1097981 69.5233056,24.1064293 69.5242202,24.1028792 69.5251831,24.099285 69.5259988,24.095941 69.5269,24.0924053 69.5278278,24.0888812 69.528729,24.0853747 69.5292655,24.0834206 69.527058,24.0826958 69.5249847,24.0826126 69.5227909,24.0826597</coordinates></LineString>
  </Placemark>
  <Placemark>
	<Style><LineStyle><color>ff0000ff</color></LineStyle><PolyStyle><fill>0</fill></PolyStyle></Style>
	<ExtendedData><SchemaData schemaUrl="#765000_voltage_line">
		<SimpleData name="full_id">w1530571255</SimpleData>
		<SimpleData name="osm_id">1530571255</SimpleData>
		<SimpleData name="osm_type">way</SimpleData>
		<SimpleData name="power">line</SimpleData>
		<SimpleData name="frequency">50</SimpleData>
		<SimpleData name="circuits">2</SimpleData>
		<SimpleData name="cables">6</SimpleData>
		<SimpleData name="voltage">765000</SimpleData>
	</SchemaData></ExtendedData>
      <LineString><coordinates>73.2279324,20.1452845 73.2281256,20.1426052 73.2292092,20.1398302 73.2301158,20.13773 73.2304191320659,20.1374718850168</coordinates></LineString>
  </Placemark>
  <Placemark>
	<Style><LineStyle><color>ff0000ff</color></LineStyle><PolyStyle><fill>0</fill></PolyStyle></Style>
	<ExtendedData><SchemaData schemaUrl="#765000_voltage_line">
		<SimpleData name="full_id">w1530571256</SimpleData>
		<SimpleData name="osm_id">1530571256</SimpleData>
		<SimpleData name="osm_type">way</SimpleData>
		<SimpleData name="power">line</SimpleData>
		<SimpleData name="frequency">50</SimpleData>
		<SimpleData name="circuits">2</SimpleData>
		<SimpleData name="cables">6</SimpleData>
		<SimpleData name="voltage">765000</SimpleData>
	</SchemaData></ExtendedData>
      <LineString><coordinates>73.2056218,20.2127806 73.203755,20.2158614 73.2014805,20.2191083 73.199383,20.2209003 73.1960142,20.2215044</coordinates></LineString>
  </Placemark>
  <Placemark>
	<Style><LineStyle><color>ff0000ff</color></LineStyle><PolyStyle><fill>0</fill></PolyStyle></Style>
	<ExtendedData><SchemaData schemaUrl="#765000_voltage_line">
		<SimpleData name="full_id">w1349325415</SimpleData>
		<SimpleData name="osm_id">1349325415</SimpleData>
		<SimpleData name="osm_type">way</SimpleData>
		<SimpleData name="power">line</SimpleData>
		<SimpleData name="cables">6</SimpleData>
		<SimpleData name="voltage">765000</SimpleData>
	</SchemaData></ExtendedData>
      <LineString><coordinates>69.1586752,23.3626999 69.1584951,23.3628717 69.1583726,23.3629886 69.1583057,23.3630525 69.1579729,23.3633701 69.1579084,23.3634316 69.1577821,23.3635522 69.1577257,23.363606</coordinates></LineString>
  </Placemark>
  <Placemark>
	<Style><LineStyle><color>ff0000ff</color></LineStyle><PolyStyle><fill>0</fill></PolyStyle></Style>
	<ExtendedData><SchemaData schemaUrl="#765000_voltage_line">
		<SimpleData name="full_id">w1469657354</SimpleData>
		<SimpleData name="osm_id">1469657354</SimpleData>
		<SimpleData name="osm_type">way</SimpleData>
		<SimpleData name="power">line</SimpleData>
		<SimpleData name="cables">3</SimpleData>
		<SimpleData name="voltage">765000</SimpleData>
	</SchemaData></ExtendedData>
      <LineString><coordinates>72.1810035,22.982944 72.181161,22.9811797 72.1806407,22.9811403 72.1800993,22.9810994 72.1795756,22.9810598 72.1790533,22.9810204 72.1785261,22.9809805 72.1783687,22.9827446 72.178882,22.9827834 72.1794124,22.9828236 72.1799289,22.9828627 72.1804517,22.9829022 72.1810035,22.982944</coordinates></LineString>
  </Placemark>
  <Placemark>
	<Style><LineStyle><color>ff0000ff</color></LineStyle><PolyStyle><fill>0</fill></PolyStyle></Style>
	<ExtendedData><SchemaData schemaUrl="#765000_voltage_line">
		<SimpleData name="full_id">w1349325418</SimpleData>
		<SimpleData name="osm_id">1349325418</SimpleData>
		<SimpleData name="osm_type">way</SimpleData>
		<SimpleData name="power">line</SimpleData>
		<SimpleData name="cables">3</SimpleData>
		<SimpleData name="voltage">765000</SimpleData>
	</SchemaData></ExtendedData>
      <LineString><coordinates>69.1577821,23.3635522 69.1579697,23.3637167 69.1580529,23.3637907 69.1575031,23.3643151 69.1576238,23.3644161 69.1587156,23.3650879 69.1579429,23.3641108 69.1578705,23.3640517 69.1582273,23.3637045 69.1580985,23.3635937 69.1579084,23.3634316</coordinates></LineString>
  </Placemark>
  <Placemark>
	<Style><LineStyle><color>ff0000ff</color></LineStyle><PolyStyle><fill>0</fill></PolyStyle></Style>
	<ExtendedData><SchemaData schemaUrl="#765000_voltage_line">
		<SimpleData name="full_id">w1469657355</SimpleData>
		<SimpleData name="osm_id">1469657355</SimpleData>
		<SimpleData name="osm_type">way</SimpleData>
		<SimpleData name="power">line</SimpleData>
		<SimpleData name="cables">3</SimpleData>
		<SimpleData name="voltage">765000</SimpleData>
	</SchemaData></ExtendedData>
      <LineString><coordinates>72.178882,22.9827834 72.1790533,22.9810204</coordinates></LineString>
  </Placemark>
  <Placemark>
	<Style><LineStyle><color>ff0000ff</color></LineStyle><PolyStyle><fill>0</fill></PolyStyle></Style>
	<ExtendedData><SchemaData schemaUrl="#765000_voltage_line">
		<SimpleData name="full_id">w1469657356</SimpleData>
		<SimpleData name="osm_id">1469657356</SimpleData>
		<SimpleData name="osm_type">way</SimpleData>
		<SimpleData name="power">line</SimpleData>
		<SimpleData name="cables">3</SimpleData>
		<SimpleData name="voltage">765000</SimpleData>
	</SchemaData></ExtendedData>
      <LineString><coordinates>72.1795756,22.9810598 72.1794124,22.9828236</coordinates></LineString>
  </Placemark>
  <Placemark>
	<Style><LineStyle><color>ff0000ff</color></LineStyle><PolyStyle><fill>0</fill></PolyStyle></Style>
	<ExtendedData><SchemaData schemaUrl="#765000_voltage_line">
		<SimpleData name="full_id">w1469657357</SimpleData>
		<SimpleData name="osm_id">1469657357</SimpleData>
		<SimpleData name="osm_type">way</SimpleData>
		<SimpleData name="power">line</SimpleData>
		<SimpleData name="cables">3</SimpleData>
		<SimpleData name="voltage">765000</SimpleData>
	</SchemaData></ExtendedData>
      <LineString><coordinates>72.1799289,22.9828627 72.1800993,22.9810994</coordinates></LineString>
  </Placemark>
</Folder>
</Document></kml>
