<?xml version="1.0" encoding="utf-8" ?>
<kml xmlns="http://www.opengis.net/kml/2.2">
<Document id="root_doc">
<Schema name="Transformar" id="Transformar">
	<SimpleField name="Description" type="string"></SimpleField>
	<SimpleField name="full_id" type="string"></SimpleField>
	<SimpleField name="osm_id" type="string"></SimpleField>
	<SimpleField name="osm_type" type="string"></SimpleField>
	<SimpleField name="power" type="string"></SimpleField>
	<SimpleField name="website" type="string"></SimpleField>
	<SimpleField name="locked" type="string"></SimpleField>
	<SimpleField name="layer" type="string"></SimpleField>
	<SimpleField name="building" type="string"></SimpleField>
	<SimpleField name="line_manag" type="string"></SimpleField>
	<SimpleField name="transforme" type="string"></SimpleField>
	<SimpleField name="colour" type="string"></SimpleField>
	<SimpleField name="node" type="string"></SimpleField>
	<SimpleField name="type" type="string"></SimpleField>
	<SimpleField name="location" type="string"></SimpleField>
	<SimpleField name="motorcycle" type="string"></SimpleField>
	<SimpleField name="motorcar" type="string"></SimpleField>
	<SimpleField name="moped" type="string"></SimpleField>
	<SimpleField name="mofa" type="string"></SimpleField>
	<SimpleField name="foot" type="string"></SimpleField>
	<SimpleField name="bicycle" type="string"></SimpleField>
	<SimpleField name="substation" type="string"></SimpleField>
	<SimpleField name="start_date" type="string"></SimpleField>
	<SimpleField name="operator" type="string"></SimpleField>
	<SimpleField name="camera_dir" type="string"></SimpleField>
	<SimpleField name="generator_" type="string"></SimpleField>
	<SimpleField name="design" type="string"></SimpleField>
	<SimpleField name="surveillan" type="string"></SimpleField>
	<SimpleField name="surveill_1" type="string"></SimpleField>
	<SimpleField name="surveill_2" type="string"></SimpleField>
	<SimpleField name="man_made" type="string"></SimpleField>
	<SimpleField name="highway" type="string"></SimpleField>
	<SimpleField name="camera_typ" type="string"></SimpleField>
	<SimpleField name="camera_mou" type="string"></SimpleField>
	<SimpleField name="line_attac" type="string"></SimpleField>
	<SimpleField name="tower" type="string"></SimpleField>
	<SimpleField name="ref" type="string"></SimpleField>
	<SimpleField name="structure" type="string"></SimpleField>
	<SimpleField name="material" type="string"></SimpleField>
	<SimpleField name="barrier" type="string"></SimpleField>
	<SimpleField name="access" type="string"></SimpleField>
	<SimpleField name="cables" type="string"></SimpleField>
	<SimpleField name="generato_1" type="string"></SimpleField>
	<SimpleField name="generato_2" type="string"></SimpleField>
	<SimpleField name="generato_3" type="string"></SimpleField>
	<SimpleField name="frequency" type="string"></SimpleField>
</Schema>
<Folder><name>Transformar</name>
  <Placemark>
	<ExtendedData><SchemaData schemaUrl="#Transformar">
		<SimpleData name="full_id">n12539854189</SimpleData>
		<SimpleData name="osm_id">12539854189</SimpleData>
		<SimpleData name="osm_type">node</SimpleData>
		<SimpleData name="power">transformer</SimpleData>
	</SchemaData></ExtendedData>
      <MultiGeometry><Point><coordinates>72.5572599,22.9270338</coordinates></Point></MultiGeometry>
  </Placemark>
  <Placemark>
	<ExtendedData><SchemaData schemaUrl="#Transformar">
		<SimpleData name="full_id">n12539854190</SimpleData>
		<SimpleData name="osm_id">12539854190</SimpleData>
		<SimpleData name="osm_type">node</SimpleData>
		<SimpleData name="power">transformer</SimpleData>
	</SchemaData></ExtendedData>
      <MultiGeometry><Point><coordinates>72.5575174,22.9270536</coordinates></Point></MultiGeometry>
  </Placemark>
  <Placemark>
	<ExtendedData><SchemaData schemaUrl="#Transformar">
		<SimpleData name="full_id">n12768426079</SimpleData>
		<SimpleData name="osm_id">12768426079</SimpleData>
		<SimpleData name="osm_type">node</SimpleData>
		<SimpleData name="power">transformer</SimpleData>
	</SchemaData></ExtendedData>
      <MultiGeometry><Point><coordinates>72.97926,21.7824434</coordinates></Point></MultiGeometry>
  </Placemark>
  <Placemark>
	<ExtendedData><SchemaData schemaUrl="#Transformar">
		<SimpleData name="full_id">n12768426086</SimpleData>
		<SimpleData name="osm_id">12768426086</SimpleData>
		<SimpleData name="osm_type">node</SimpleData>
		<SimpleData name="power">transformer</SimpleData>
	</SchemaData></ExtendedData>
      <MultiGeometry><Point><coordinates>72.9794518,21.7807509</coordinates></Point></MultiGeometry>
  </Placemark>
  <Placemark>
	<ExtendedData><SchemaData schemaUrl="#Transformar">
		<SimpleData name="full_id">n12768426087</SimpleData>
		<SimpleData name="osm_id">12768426087</SimpleData>
		<SimpleData name="osm_type">node</SimpleData>
		<SimpleData name="power">transformer</SimpleData>
	</SchemaData></ExtendedData>
      <MultiGeometry><Point><coordinates>72.9791755,21.7807484</coordinates></Point></MultiGeometry>
  </Placemark>
  <Placemark>
	<ExtendedData><SchemaData schemaUrl="#Transformar">
		<SimpleData name="full_id">n12768426088</SimpleData>
		<SimpleData name="osm_id">12768426088</SimpleData>
		<SimpleData name="osm_type">node</SimpleData>
		<SimpleData name="power">transformer</SimpleData>
	</SchemaData></ExtendedData>
      <MultiGeometry><Point><coordinates>72.9789127,21.780736</coordinates></Point></MultiGeometry>
  </Placemark>
  <Placemark>
	<ExtendedData><SchemaData schemaUrl="#Transformar">
		<SimpleData name="full_id">n12766895276</SimpleData>
		<SimpleData name="osm_id">12766895276</SimpleData>
		<SimpleData name="osm_type">node</SimpleData>
		<SimpleData name="power">transformer</SimpleData>
	</SchemaData></ExtendedData>
      <MultiGeometry><Point><coordinates>72.6097334,21.7054246</coordinates></Point></MultiGeometry>
  </Placemark>
  <Placemark>
	<ExtendedData><SchemaData schemaUrl="#Transformar">
		<SimpleData name="full_id">n12766895277</SimpleData>
		<SimpleData name="osm_id">12766895277</SimpleData>
		<SimpleData name="osm_type">node</SimpleData>
		<SimpleData name="power">transformer</SimpleData>
	</SchemaData></ExtendedData>
      <MultiGeometry><Point><coordinates>72.6097388,21.7052228</coordinates></Point></MultiGeometry>
  </Placemark>
  <Placemark>
	<ExtendedData><SchemaData schemaUrl="#Transformar">
		<SimpleData name="full_id">n12766895285</SimpleData>
		<SimpleData name="osm_id">12766895285</SimpleData>
		<SimpleData name="osm_type">node</SimpleData>
		<SimpleData name="power">transformer</SimpleData>
	</SchemaData></ExtendedData>
      <MultiGeometry><Point><coordinates>72.6120386,21.7051791</coordinates></Point></MultiGeometry>
  </Placemark>
  <Placemark>
	<ExtendedData><SchemaData schemaUrl="#Transformar">
		<SimpleData name="full_id">n12766895286</SimpleData>
		<SimpleData name="osm_id">12766895286</SimpleData>
		<SimpleData name="osm_type">node</SimpleData>
		<SimpleData name="power">transformer</SimpleData>
	</SchemaData></ExtendedData>
      <MultiGeometry><Point><coordinates>72.6120386,21.7058669</coordinates></Point></MultiGeometry>
  </Placemark>
  <Placemark>
	<ExtendedData><SchemaData schemaUrl="#Transformar">
		<SimpleData name="full_id">n12766895287</SimpleData>
		<SimpleData name="osm_id">12766895287</SimpleData>
		<SimpleData name="osm_type">node</SimpleData>
		<SimpleData name="power">transformer</SimpleData>
	</SchemaData></ExtendedData>
      <MultiGeometry><Point><coordinates>72.6120547,21.7065547</coordinates></Point></MultiGeometry>
  </Placemark>
  <Placemark>
	<ExtendedData><SchemaData schemaUrl="#Transformar">
		<SimpleData name="full_id">n12540058695</SimpleData>
		<SimpleData name="osm_id">12540058695</SimpleData>
		<SimpleData name="osm_type">node</SimpleData>
		<SimpleData name="power">transformer</SimpleData>
	</SchemaData></ExtendedData>
      <MultiGeometry><Point><coordinates>72.8765666,23.2207658</coordinates></Point></MultiGeometry>
  </Placemark>
  <Placemark>
	<ExtendedData><SchemaData schemaUrl="#Transformar">
		<SimpleData name="full_id">n12540058696</SimpleData>
		<SimpleData name="osm_id">12540058696</SimpleData>
		<SimpleData name="osm_type">node</SimpleData>
		<SimpleData name="power">transformer</SimpleData>
	</SchemaData></ExtendedData>
      <MultiGeometry><Point><coordinates>72.8764121,23.2213262</coordinates></Point></MultiGeometry>
  </Placemark>
  <Placemark>
	<ExtendedData><SchemaData schemaUrl="#Transformar">
		<SimpleData name="full_id">n12540058697</SimpleData>
		<SimpleData name="osm_id">12540058697</SimpleData>
		<SimpleData name="osm_type">node</SimpleData>
		<SimpleData name="power">transformer</SimpleData>
	</SchemaData></ExtendedData>
      <MultiGeometry><Point><coordinates>72.8763351,23.2215912</coordinates></Point></MultiGeometry>
  </Placemark>
  <Placemark>
	<ExtendedData><SchemaData schemaUrl="#Transformar">
		<SimpleData name="full_id">n12768473397</SimpleData>
		<SimpleData name="osm_id">12768473397</SimpleData>
		<SimpleData name="osm_type">node</SimpleData>
		<SimpleData name="power">transformer</SimpleData>
	</SchemaData></ExtendedData>
      <MultiGeometry><Point><coordinates>71.2293165,21.6732322</coordinates></Point></MultiGeometry>
  </Placemark>
  <Placemark>
	<ExtendedData><SchemaData schemaUrl="#Transformar">
		<SimpleData name="full_id">n12768497023</SimpleData>
		<SimpleData name="osm_id">12768497023</SimpleData>
		<SimpleData name="osm_type">node</SimpleData>
		<SimpleData name="power">transformer</SimpleData>
	</SchemaData></ExtendedData>
      <MultiGeometry><Point><coordinates>71.2295015,21.6714426</coordinates></Point></MultiGeometry>
  </Placemark>
  <Placemark>
	<ExtendedData><SchemaData schemaUrl="#Transformar">
		<SimpleData name="full_id">n12768497044</SimpleData>
		<SimpleData name="osm_id">12768497044</SimpleData>
		<SimpleData name="osm_type">node</SimpleData>
		<SimpleData name="power">transformer</SimpleData>
	</SchemaData></ExtendedData>
      <MultiGeometry><Point><coordinates>71.2295089,21.6706976</coordinates></Point></MultiGeometry>
  </Placemark>
  <Placemark>
	<ExtendedData><SchemaData schemaUrl="#Transformar">
		<SimpleData name="full_id">n12768497068</SimpleData>
		<SimpleData name="osm_id">12768497068</SimpleData>
		<SimpleData name="osm_type">node</SimpleData>
		<SimpleData name="power">transformer</SimpleData>
	</SchemaData></ExtendedData>
      <MultiGeometry><Point><coordinates>71.2308986,21.6717314</coordinates></Point></MultiGeometry>
  </Placemark>
  <Placemark>
	<ExtendedData><SchemaData schemaUrl="#Transformar">
		<SimpleData name="full_id">n12770556345</SimpleData>
		<SimpleData name="osm_id">12770556345</SimpleData>
		<SimpleData name="osm_type">node</SimpleData>
		<SimpleData name="power">transformer</SimpleData>
	</SchemaData></ExtendedData>
      <MultiGeometry><Point><coordinates>70.3956154,23.2675556</coordinates></Point></MultiGeometry>
  </Placemark>
  <Placemark>
	<ExtendedData><SchemaData schemaUrl="#Transformar">
		<SimpleData name="full_id">n12770556346</SimpleData>
		<SimpleData name="osm_id">12770556346</SimpleData>
		<SimpleData name="osm_type">node</SimpleData>
		<SimpleData name="power">transformer</SimpleData>
	</SchemaData></ExtendedData>
      <MultiGeometry><Point><coordinates>70.3957149,23.2680195</coordinates></Point></MultiGeometry>
  </Placemark>
  <Placemark>
	<ExtendedData><SchemaData schemaUrl="#Transformar">
		<SimpleData name="full_id">n12768497069</SimpleData>
		<SimpleData name="osm_id">12768497069</SimpleData>
		<SimpleData name="osm_type">node</SimpleData>
		<SimpleData name="power">transformer</SimpleData>
	</SchemaData></ExtendedData>
      <MultiGeometry><Point><coordinates>71.2309382,21.6712445</coordinates></Point></MultiGeometry>
  </Placemark>
  <Placemark>
	<ExtendedData><SchemaData schemaUrl="#Transformar">
		<SimpleData name="full_id">n12768497070</SimpleData>
		<SimpleData name="osm_id">12768497070</SimpleData>
		<SimpleData name="osm_type">node</SimpleData>
		<SimpleData name="power">transformer</SimpleData>
	</SchemaData></ExtendedData>
      <MultiGeometry><Point><coordinates>71.2309761,21.6709221</coordinates></Point></MultiGeometry>
  </Placemark>
  <Placemark>
	<ExtendedData><SchemaData schemaUrl="#Transformar">
		<SimpleData name="full_id">n13244777110</SimpleData>
		<SimpleData name="osm_id">13244777110</SimpleData>
		<SimpleData name="osm_type">node</SimpleData>
		<SimpleData name="power">transformer</SimpleData>
	</SchemaData></ExtendedData>
      <MultiGeometry><Point><coordinates>73.3564567,21.2372445</coordinates></Point></MultiGeometry>
  </Placemark>
  <Placemark>
	<ExtendedData><SchemaData schemaUrl="#Transformar">
		<SimpleData name="full_id">n12768499772</SimpleData>
		<SimpleData name="osm_id">12768499772</SimpleData>
		<SimpleData name="osm_type">node</SimpleData>
		<SimpleData name="power">transformer</SimpleData>
	</SchemaData></ExtendedData>
      <MultiGeometry><Point><coordinates>71.2474393,21.8903028</coordinates></Point></MultiGeometry>
  </Placemark>
  <Placemark>
	<ExtendedData><SchemaData schemaUrl="#Transformar">
		<SimpleData name="full_id">n13244777115</SimpleData>
		<SimpleData name="osm_id">13244777115</SimpleData>
		<SimpleData name="osm_type">node</SimpleData>
		<SimpleData name="power">transformer</SimpleData>
	</SchemaData></ExtendedData>
      <MultiGeometry><Point><coordinates>73.3559632,21.2371495</coordinates></Point></MultiGeometry>
  </Placemark>
  <Placemark>
	<ExtendedData><SchemaData schemaUrl="#Transformar">
		<SimpleData name="full_id">n12768499773</SimpleData>
		<SimpleData name="osm_id">12768499773</SimpleData>
		<SimpleData name="osm_type">node</SimpleData>
		<SimpleData name="power">transformer</SimpleData>
	</SchemaData></ExtendedData>
      <MultiGeometry><Point><coordinates>71.2472898,21.8902833</coordinates></Point></MultiGeometry>
  </Placemark>
  <Placemark>
	<ExtendedData><SchemaData schemaUrl="#Transformar">
		<SimpleData name="full_id">n12768499774</SimpleData>
		<SimpleData name="osm_id">12768499774</SimpleData>
		<SimpleData name="osm_type">node</SimpleData>
		<SimpleData name="power">transformer</SimpleData>
	</SchemaData></ExtendedData>
      <MultiGeometry><Point><coordinates>71.2465749,21.890224</coordinates></Point></MultiGeometry>
  </Placemark>
  <Placemark>
	<ExtendedData><SchemaData schemaUrl="#Transformar">
		<SimpleData name="full_id">n12768499775</SimpleData>
		<SimpleData name="osm_id">12768499775</SimpleData>
		<SimpleData name="osm_type">node</SimpleData>
		<SimpleData name="power">transformer</SimpleData>
	</SchemaData></ExtendedData>
      <MultiGeometry><Point><coordinates>71.2464313,21.8902074</coordinates></Point></MultiGeometry>
  </Placemark>
  <Placemark>
	<ExtendedData><SchemaData schemaUrl="#Transformar">
		<SimpleData name="full_id">n12770556341</SimpleData>
		<SimpleData name="osm_id">12770556341</SimpleData>
		<SimpleData name="osm_type">node</SimpleData>
		<SimpleData name="power">transformer</SimpleData>
	</SchemaData></ExtendedData>
      <MultiGeometry><Point><coordinates>70.395952,23.2693011</coordinates></Point></MultiGeometry>
  </Placemark>
  <Placemark>
	<ExtendedData><SchemaData schemaUrl="#Transformar">
		<SimpleData name="full_id">n12770556342</SimpleData>
		<SimpleData name="osm_id">12770556342</SimpleData>
		<SimpleData name="osm_type">node</SimpleData>
		<SimpleData name="power">transformer</SimpleData>
	</SchemaData></ExtendedData>
      <MultiGeometry><Point><coordinates>70.3960714,23.269773</coordinates></Point></MultiGeometry>
  </Placemark>
  <Placemark>
	<ExtendedData><SchemaData schemaUrl="#Transformar">
		<SimpleData name="full_id">n12771094867</SimpleData>
		<SimpleData name="osm_id">12771094867</SimpleData>
		<SimpleData name="osm_type">node</SimpleData>
		<SimpleData name="power">transformer</SimpleData>
	</SchemaData></ExtendedData>
      <MultiGeometry><Point><coordinates>71.215354,23.8950241</coordinates></Point></MultiGeometry>
  </Placemark>
  <Placemark>
	<ExtendedData><SchemaData schemaUrl="#Transformar">
		<SimpleData name="full_id">n12771119054</SimpleData>
		<SimpleData name="osm_id">12771119054</SimpleData>
		<SimpleData name="osm_type">node</SimpleData>
		<SimpleData name="power">transformer</SimpleData>
	</SchemaData></ExtendedData>
      <MultiGeometry><Point><coordinates>72.0367803,23.9656629</coordinates></Point></MultiGeometry>
  </Placemark>
  <Placemark>
	<ExtendedData><SchemaData schemaUrl="#Transformar">
		<SimpleData name="full_id">n12771119055</SimpleData>
		<SimpleData name="osm_id">12771119055</SimpleData>
		<SimpleData name="osm_type">node</SimpleData>
		<SimpleData name="power">transformer</SimpleData>
	</SchemaData></ExtendedData>
      <MultiGeometry><Point><coordinates>72.0363592,23.9678785</coordinates></Point></MultiGeometry>
  </Placemark>
  <Placemark>
	<ExtendedData><SchemaData schemaUrl="#Transformar">
		<SimpleData name="full_id">n12771119066</SimpleData>
		<SimpleData name="osm_id">12771119066</SimpleData>
		<SimpleData name="osm_type">node</SimpleData>
		<SimpleData name="power">transformer</SimpleData>
	</SchemaData></ExtendedData>
      <MultiGeometry><Point><coordinates>72.0381035,23.965198</coordinates></Point></MultiGeometry>
  </Placemark>
  <Placemark>
	<ExtendedData><SchemaData schemaUrl="#Transformar">
		<SimpleData name="full_id">n12771119067</SimpleData>
		<SimpleData name="osm_id">12771119067</SimpleData>
		<SimpleData name="osm_type">node</SimpleData>
		<SimpleData name="power">transformer</SimpleData>
	</SchemaData></ExtendedData>
      <MultiGeometry><Point><coordinates>72.0380083,23.9656766</coordinates></Point></MultiGeometry>
  </Placemark>
  <Placemark>
	<ExtendedData><SchemaData schemaUrl="#Transformar">
		<SimpleData name="full_id">n12771119068</SimpleData>
		<SimpleData name="osm_id">12771119068</SimpleData>
		<SimpleData name="osm_type">node</SimpleData>
		<SimpleData name="power">transformer</SimpleData>
	</SchemaData></ExtendedData>
      <MultiGeometry><Point><coordinates>72.0375142,23.9682334</coordinates></Point></MultiGeometry>
  </Placemark>
  <Placemark>
	<ExtendedData><SchemaData schemaUrl="#Transformar">
		<SimpleData name="full_id">n12770644930</SimpleData>
		<SimpleData name="osm_id">12770644930</SimpleData>
		<SimpleData name="osm_type">node</SimpleData>
		<SimpleData name="power">transformer</SimpleData>
	</SchemaData></ExtendedData>
      <MultiGeometry><Point><coordinates>69.3403264,24.0981344</coordinates></Point></MultiGeometry>
  </Placemark>
  <Placemark>
	<ExtendedData><SchemaData schemaUrl="#Transformar">
		<SimpleData name="full_id">n12770644935</SimpleData>
		<SimpleData name="osm_id">12770644935</SimpleData>
		<SimpleData name="osm_type">node</SimpleData>
		<SimpleData name="power">transformer</SimpleData>
	</SchemaData></ExtendedData>
      <MultiGeometry><Point><coordinates>69.3408548,24.0981295</coordinates></Point></MultiGeometry>
  </Placemark>
  <Placemark>
	<ExtendedData><SchemaData schemaUrl="#Transformar">
		<SimpleData name="full_id">n12770644938</SimpleData>
		<SimpleData name="osm_id">12770644938</SimpleData>
		<SimpleData name="osm_type">node</SimpleData>
		<SimpleData name="power">transformer</SimpleData>
	</SchemaData></ExtendedData>
      <MultiGeometry><Point><coordinates>69.3413832,24.098132</coordinates></Point></MultiGeometry>
  </Placemark>
  <Placemark>
	<ExtendedData><SchemaData schemaUrl="#Transformar">
		<SimpleData name="full_id">n12771094864</SimpleData>
		<SimpleData name="osm_id">12771094864</SimpleData>
		<SimpleData name="osm_type">node</SimpleData>
		<SimpleData name="power">transformer</SimpleData>
	</SchemaData></ExtendedData>
      <MultiGeometry><Point><coordinates>71.2147961,23.8950192</coordinates></Point></MultiGeometry>
  </Placemark>
  <Placemark>
	<ExtendedData><SchemaData schemaUrl="#Transformar">
		<SimpleData name="full_id">n12770580748</SimpleData>
		<SimpleData name="osm_id">12770580748</SimpleData>
		<SimpleData name="osm_type">node</SimpleData>
		<SimpleData name="power">transformer</SimpleData>
	</SchemaData></ExtendedData>
      <MultiGeometry><Point><coordinates>71.1313537,22.9839515</coordinates></Point></MultiGeometry>
  </Placemark>
  <Placemark>
	<ExtendedData><SchemaData schemaUrl="#Transformar">
		<SimpleData name="full_id">n12770580749</SimpleData>
		<SimpleData name="osm_id">12770580749</SimpleData>
		<SimpleData name="osm_type">node</SimpleData>
		<SimpleData name="power">transformer</SimpleData>
	</SchemaData></ExtendedData>
      <MultiGeometry><Point><coordinates>71.1312326,22.9840583</coordinates></Point></MultiGeometry>
  </Placemark>
  <Placemark>
	<ExtendedData><SchemaData schemaUrl="#Transformar">
		<SimpleData name="full_id">n12770580750</SimpleData>
		<SimpleData name="osm_id">12770580750</SimpleData>
		<SimpleData name="osm_type">node</SimpleData>
		<SimpleData name="power">transformer</SimpleData>
	</SchemaData></ExtendedData>
      <MultiGeometry><Point><coordinates>71.1312819,22.9825158</coordinates></Point></MultiGeometry>
  </Placemark>
  <Placemark>
	<ExtendedData><SchemaData schemaUrl="#Transformar">
		<SimpleData name="full_id">n12770580754</SimpleData>
		<SimpleData name="osm_id">12770580754</SimpleData>
		<SimpleData name="osm_type">node</SimpleData>
		<SimpleData name="power">transformer</SimpleData>
	</SchemaData></ExtendedData>
      <MultiGeometry><Point><coordinates>71.1323494,22.9817256</coordinates></Point></MultiGeometry>
  </Placemark>
  <Placemark>
	<ExtendedData><SchemaData schemaUrl="#Transformar">
		<SimpleData name="full_id">n13245007985</SimpleData>
		<SimpleData name="osm_id">13245007985</SimpleData>
		<SimpleData name="osm_type">node</SimpleData>
		<SimpleData name="power">transformer</SimpleData>
	</SchemaData></ExtendedData>
      <MultiGeometry><Point><coordinates>72.1270071,24.3359258</coordinates></Point></MultiGeometry>
  </Placemark>
  <Placemark>
	<ExtendedData><SchemaData schemaUrl="#Transformar">
		<SimpleData name="full_id">n12770580755</SimpleData>
		<SimpleData name="osm_id">12770580755</SimpleData>
		<SimpleData name="osm_type">node</SimpleData>
		<SimpleData name="power">transformer</SimpleData>
	</SchemaData></ExtendedData>
      <MultiGeometry><Point><coordinates>71.1327786,22.9814145</coordinates></Point></MultiGeometry>
  </Placemark>
  <Placemark>
	<ExtendedData><SchemaData schemaUrl="#Transformar">
		<SimpleData name="full_id">n13245024911</SimpleData>
		<SimpleData name="osm_id">13245024911</SimpleData>
		<SimpleData name="osm_type">node</SimpleData>
		<SimpleData name="power">transformer</SimpleData>
	</SchemaData></ExtendedData>
      <MultiGeometry><Point><coordinates>72.1282155,24.3342041</coordinates></Point></MultiGeometry>
  </Placemark>
  <Placemark>
	<ExtendedData><SchemaData schemaUrl="#Transformar">
		<SimpleData name="full_id">n12770598272</SimpleData>
		<SimpleData name="osm_id">12770598272</SimpleData>
		<SimpleData name="osm_type">node</SimpleData>
		<SimpleData name="power">transformer</SimpleData>
	</SchemaData></ExtendedData>
      <MultiGeometry><Point><coordinates>69.522389,22.8149783</coordinates></Point></MultiGeometry>
  </Placemark>
  <Placemark>
	<ExtendedData><SchemaData schemaUrl="#Transformar">
		<SimpleData name="full_id">n13245024912</SimpleData>
		<SimpleData name="osm_id">13245024912</SimpleData>
		<SimpleData name="osm_type">node</SimpleData>
		<SimpleData name="power">transformer</SimpleData>
	</SchemaData></ExtendedData>
      <MultiGeometry><Point><coordinates>72.1286071,24.3337495</coordinates></Point></MultiGeometry>
  </Placemark>
  <Placemark>
	<ExtendedData><SchemaData schemaUrl="#Transformar">
		<SimpleData name="full_id">n13245024927</SimpleData>
		<SimpleData name="osm_id">13245024927</SimpleData>
		<SimpleData name="osm_type">node</SimpleData>
		<SimpleData name="power">transformer</SimpleData>
	</SchemaData></ExtendedData>
      <MultiGeometry><Point><coordinates>72.1273491,24.3328599</coordinates></Point></MultiGeometry>
  </Placemark>
  <Placemark>
	<ExtendedData><SchemaData schemaUrl="#Transformar">
		<SimpleData name="full_id">n13245024928</SimpleData>
		<SimpleData name="osm_id">13245024928</SimpleData>
		<SimpleData name="osm_type">node</SimpleData>
		<SimpleData name="power">transformer</SimpleData>
	</SchemaData></ExtendedData>
      <MultiGeometry><Point><coordinates>72.1270863,24.3331019</coordinates></Point></MultiGeometry>
  </Placemark>
  <Placemark>
	<ExtendedData><SchemaData schemaUrl="#Transformar">
		<SimpleData name="full_id">n13245024963</SimpleData>
		<SimpleData name="osm_id">13245024963</SimpleData>
		<SimpleData name="osm_type">node</SimpleData>
		<SimpleData name="power">transformer</SimpleData>
	</SchemaData></ExtendedData>
      <MultiGeometry><Point><coordinates>72.1266908,24.3336518</coordinates></Point></MultiGeometry>
  </Placemark>
  <Placemark>
	<ExtendedData><SchemaData schemaUrl="#Transformar">
		<SimpleData name="full_id">n13245024964</SimpleData>
		<SimpleData name="osm_id">13245024964</SimpleData>
		<SimpleData name="osm_type">node</SimpleData>
		<SimpleData name="power">transformer</SimpleData>
	</SchemaData></ExtendedData>
      <MultiGeometry><Point><coordinates>72.126597,24.3338057</coordinates></Point></MultiGeometry>
  </Placemark>
  <Placemark>
	<ExtendedData><SchemaData schemaUrl="#Transformar">
		<SimpleData name="full_id">n12770567569</SimpleData>
		<SimpleData name="osm_id">12770567569</SimpleData>
		<SimpleData name="osm_type">node</SimpleData>
		<SimpleData name="power">transformer</SimpleData>
	</SchemaData></ExtendedData>
      <MultiGeometry><Point><coordinates>69.7111239,22.3029515</coordinates></Point></MultiGeometry>
  </Placemark>
  <Placemark>
	<ExtendedData><SchemaData schemaUrl="#Transformar">
		<SimpleData name="full_id">n12770567570</SimpleData>
		<SimpleData name="osm_id">12770567570</SimpleData>
		<SimpleData name="osm_type">node</SimpleData>
		<SimpleData name="power">transformer</SimpleData>
	</SchemaData></ExtendedData>
      <MultiGeometry><Point><coordinates>69.7121109,22.303557</coordinates></Point></MultiGeometry>
  </Placemark>
  <Placemark>
	<ExtendedData><SchemaData schemaUrl="#Transformar">
		<SimpleData name="full_id">n13244858852</SimpleData>
		<SimpleData name="osm_id">13244858852</SimpleData>
		<SimpleData name="osm_type">node</SimpleData>
		<SimpleData name="power">transformer</SimpleData>
	</SchemaData></ExtendedData>
      <MultiGeometry><Point><coordinates>72.6814695,23.0439503</coordinates></Point></MultiGeometry>
  </Placemark>
  <Placemark>
	<ExtendedData><SchemaData schemaUrl="#Transformar">
		<SimpleData name="full_id">n12770577951</SimpleData>
		<SimpleData name="osm_id">12770577951</SimpleData>
		<SimpleData name="osm_type">node</SimpleData>
		<SimpleData name="power">transformer</SimpleData>
	</SchemaData></ExtendedData>
      <MultiGeometry><Point><coordinates>70.6167725,23.3679418</coordinates></Point></MultiGeometry>
  </Placemark>
  <Placemark>
	<ExtendedData><SchemaData schemaUrl="#Transformar">
		<SimpleData name="full_id">n13244858853</SimpleData>
		<SimpleData name="osm_id">13244858853</SimpleData>
		<SimpleData name="osm_type">node</SimpleData>
		<SimpleData name="power">transformer</SimpleData>
	</SchemaData></ExtendedData>
      <MultiGeometry><Point><coordinates>72.6813997,23.0437677</coordinates></Point></MultiGeometry>
  </Placemark>
  <Placemark>
	<ExtendedData><SchemaData schemaUrl="#Transformar">
		<SimpleData name="full_id">n12770577952</SimpleData>
		<SimpleData name="osm_id">12770577952</SimpleData>
		<SimpleData name="osm_type">node</SimpleData>
		<SimpleData name="power">transformer</SimpleData>
	</SchemaData></ExtendedData>
      <MultiGeometry><Point><coordinates>70.6167912,23.3674516</coordinates></Point></MultiGeometry>
  </Placemark>
  <Placemark>
	<ExtendedData><SchemaData schemaUrl="#Transformar">
		<SimpleData name="full_id">n13244858854</SimpleData>
		<SimpleData name="osm_id">13244858854</SimpleData>
		<SimpleData name="osm_type">node</SimpleData>
		<SimpleData name="power">transformer</SimpleData>
	</SchemaData></ExtendedData>
      <MultiGeometry><Point><coordinates>72.68133,23.0435924</coordinates></Point></MultiGeometry>
  </Placemark>
  <Placemark>
	<ExtendedData><SchemaData schemaUrl="#Transformar">
		<SimpleData name="full_id">n12770577953</SimpleData>
		<SimpleData name="osm_id">12770577953</SimpleData>
		<SimpleData name="osm_type">node</SimpleData>
		<SimpleData name="power">transformer</SimpleData>
	</SchemaData></ExtendedData>
      <MultiGeometry><Point><coordinates>70.6168181,23.3667938</coordinates></Point></MultiGeometry>
  </Placemark>
  <Placemark>
	<ExtendedData><SchemaData schemaUrl="#Transformar">
		<SimpleData name="full_id">n13244858891</SimpleData>
		<SimpleData name="osm_id">13244858891</SimpleData>
		<SimpleData name="osm_type">node</SimpleData>
		<SimpleData name="power">transformer</SimpleData>
	</SchemaData></ExtendedData>
      <MultiGeometry><Point><coordinates>72.6808251,23.0426811</coordinates></Point></MultiGeometry>
  </Placemark>
  <Placemark>
	<ExtendedData><SchemaData schemaUrl="#Transformar">
		<SimpleData name="full_id">n12770577954</SimpleData>
		<SimpleData name="osm_id">12770577954</SimpleData>
		<SimpleData name="osm_type">node</SimpleData>
		<SimpleData name="power">transformer</SimpleData>
	</SchemaData></ExtendedData>
      <MultiGeometry><Point><coordinates>70.6168181,23.3664797</coordinates></Point></MultiGeometry>
  </Placemark>
  <Placemark>
	<ExtendedData><SchemaData schemaUrl="#Transformar">
		<SimpleData name="full_id">n1727156289</SimpleData>
		<SimpleData name="osm_id">1727156289</SimpleData>
		<SimpleData name="osm_type">node</SimpleData>
		<SimpleData name="power">transformer</SimpleData>
	</SchemaData></ExtendedData>
      <MultiGeometry><Point><coordinates>69.5565797,22.8295569</coordinates></Point></MultiGeometry>
  </Placemark>
  <Placemark>
	<ExtendedData><SchemaData schemaUrl="#Transformar">
		<SimpleData name="full_id">n13244858892</SimpleData>
		<SimpleData name="osm_id">13244858892</SimpleData>
		<SimpleData name="osm_type">node</SimpleData>
		<SimpleData name="power">transformer</SimpleData>
	</SchemaData></ExtendedData>
      <MultiGeometry><Point><coordinates>72.6808438,23.0432364</coordinates></Point></MultiGeometry>
  </Placemark>
  <Placemark>
	<ExtendedData><SchemaData schemaUrl="#Transformar">
		<SimpleData name="full_id">n13244858893</SimpleData>
		<SimpleData name="osm_id">13244858893</SimpleData>
		<SimpleData name="osm_type">node</SimpleData>
		<SimpleData name="power">transformer</SimpleData>
	</SchemaData></ExtendedData>
      <MultiGeometry><Point><coordinates>72.6808117,23.0431599</coordinates></Point></MultiGeometry>
  </Placemark>
  <Placemark>
	<ExtendedData><SchemaData schemaUrl="#Transformar">
		<SimpleData name="full_id">n13244858894</SimpleData>
		<SimpleData name="osm_id">13244858894</SimpleData>
		<SimpleData name="osm_type">node</SimpleData>
		<SimpleData name="power">transformer</SimpleData>
	</SchemaData></ExtendedData>
      <MultiGeometry><Point><coordinates>72.6807258,23.0429452</coordinates></Point></MultiGeometry>
  </Placemark>
  <Placemark>
	<ExtendedData><SchemaData schemaUrl="#Transformar">
		<SimpleData name="full_id">n13245007981</SimpleData>
		<SimpleData name="osm_id">13245007981</SimpleData>
		<SimpleData name="osm_type">node</SimpleData>
		<SimpleData name="power">transformer</SimpleData>
	</SchemaData></ExtendedData>
      <MultiGeometry><Point><coordinates>72.1274712,24.3352831</coordinates></Point></MultiGeometry>
  </Placemark>
  <Placemark>
	<ExtendedData><SchemaData schemaUrl="#Transformar">
		<SimpleData name="full_id">n13244837227</SimpleData>
		<SimpleData name="osm_id">13244837227</SimpleData>
		<SimpleData name="osm_type">node</SimpleData>
		<SimpleData name="power">transformer</SimpleData>
	</SchemaData></ExtendedData>
      <MultiGeometry><Point><coordinates>73.1133794,21.8242302</coordinates></Point></MultiGeometry>
  </Placemark>
  <Placemark>
	<ExtendedData><SchemaData schemaUrl="#Transformar">
		<SimpleData name="full_id">n13244837240</SimpleData>
		<SimpleData name="osm_id">13244837240</SimpleData>
		<SimpleData name="osm_type">node</SimpleData>
		<SimpleData name="power">transformer</SimpleData>
	</SchemaData></ExtendedData>
      <MultiGeometry><Point><coordinates>73.1136637,21.8236725</coordinates></Point></MultiGeometry>
  </Placemark>
  <Placemark>
	<ExtendedData><SchemaData schemaUrl="#Transformar">
		<SimpleData name="full_id">n12500998009</SimpleData>
		<SimpleData name="osm_id">12500998009</SimpleData>
		<SimpleData name="osm_type">node</SimpleData>
		<SimpleData name="power">transformer</SimpleData>
	</SchemaData></ExtendedData>
      <MultiGeometry><Point><coordinates>69.5568604,22.8245365</coordinates></Point></MultiGeometry>
  </Placemark>
  <Placemark>
	<ExtendedData><SchemaData schemaUrl="#Transformar">
		<SimpleData name="full_id">n13244850284</SimpleData>
		<SimpleData name="osm_id">13244850284</SimpleData>
		<SimpleData name="osm_type">node</SimpleData>
		<SimpleData name="power">transformer</SimpleData>
	</SchemaData></ExtendedData>
      <MultiGeometry><Point><coordinates>72.5078084,23.0023648</coordinates></Point></MultiGeometry>
  </Placemark>
  <Placemark>
	<ExtendedData><SchemaData schemaUrl="#Transformar">
		<SimpleData name="full_id">n12500998010</SimpleData>
		<SimpleData name="osm_id">12500998010</SimpleData>
		<SimpleData name="osm_type">node</SimpleData>
		<SimpleData name="power">transformer</SimpleData>
	</SchemaData></ExtendedData>
      <MultiGeometry><Point><coordinates>69.5557446,22.8245563</coordinates></Point></MultiGeometry>
  </Placemark>
  <Placemark>
	<ExtendedData><SchemaData schemaUrl="#Transformar">
		<SimpleData name="full_id">n13244850287</SimpleData>
		<SimpleData name="osm_id">13244850287</SimpleData>
		<SimpleData name="osm_type">node</SimpleData>
		<SimpleData name="power">transformer</SimpleData>
	</SchemaData></ExtendedData>
      <MultiGeometry><Point><coordinates>72.5079613,23.0025019</coordinates></Point></MultiGeometry>
  </Placemark>
  <Placemark>
	<ExtendedData><SchemaData schemaUrl="#Transformar">
		<SimpleData name="full_id">n12500998011</SimpleData>
		<SimpleData name="osm_id">12500998011</SimpleData>
		<SimpleData name="osm_type">node</SimpleData>
		<SimpleData name="power">transformer</SimpleData>
	</SchemaData></ExtendedData>
      <MultiGeometry><Point><coordinates>69.5545322,22.8245464</coordinates></Point></MultiGeometry>
  </Placemark>
  <Placemark>
	<ExtendedData><SchemaData schemaUrl="#Transformar">
		<SimpleData name="full_id">n13244850288</SimpleData>
		<SimpleData name="osm_id">13244850288</SimpleData>
		<SimpleData name="osm_type">node</SimpleData>
		<SimpleData name="power">transformer</SimpleData>
	</SchemaData></ExtendedData>
      <MultiGeometry><Point><coordinates>72.5081223,23.0026167</coordinates></Point></MultiGeometry>
  </Placemark>
  <Placemark>
	<ExtendedData><SchemaData schemaUrl="#Transformar">
		<SimpleData name="full_id">n12500998012</SimpleData>
		<SimpleData name="osm_id">12500998012</SimpleData>
		<SimpleData name="osm_type">node</SimpleData>
		<SimpleData name="power">transformer</SimpleData>
	</SchemaData></ExtendedData>
      <MultiGeometry><Point><coordinates>69.5534486,22.8245563</coordinates></Point></MultiGeometry>
  </Placemark>
  <Placemark>
	<ExtendedData><SchemaData schemaUrl="#Transformar">
		<SimpleData name="full_id">n13244850289</SimpleData>
		<SimpleData name="osm_id">13244850289</SimpleData>
		<SimpleData name="osm_type">node</SimpleData>
		<SimpleData name="power">transformer</SimpleData>
	</SchemaData></ExtendedData>
      <MultiGeometry><Point><coordinates>72.5081974,23.0026809</coordinates></Point></MultiGeometry>
  </Placemark>
  <Placemark>
	<ExtendedData><SchemaData schemaUrl="#Transformar">
		<SimpleData name="full_id">n12500998013</SimpleData>
		<SimpleData name="osm_id">12500998013</SimpleData>
		<SimpleData name="osm_type">node</SimpleData>
		<SimpleData name="power">transformer</SimpleData>
	</SchemaData></ExtendedData>
      <MultiGeometry><Point><coordinates>69.5523542,22.8245959</coordinates></Point></MultiGeometry>
  </Placemark>
  <Placemark>
	<ExtendedData><SchemaData schemaUrl="#Transformar">
		<SimpleData name="full_id">n13244850290</SimpleData>
		<SimpleData name="osm_id">13244850290</SimpleData>
		<SimpleData name="osm_type">node</SimpleData>
		<SimpleData name="power">transformer</SimpleData>
	</SchemaData></ExtendedData>
      <MultiGeometry><Point><coordinates>72.5082725,23.0027352</coordinates></Point></MultiGeometry>
  </Placemark>
  <Placemark>
	<ExtendedData><SchemaData schemaUrl="#Transformar">
		<SimpleData name="full_id">n12500998014</SimpleData>
		<SimpleData name="osm_id">12500998014</SimpleData>
		<SimpleData name="osm_type">node</SimpleData>
		<SimpleData name="power">transformer</SimpleData>
	</SchemaData></ExtendedData>
      <MultiGeometry><Point><coordinates>69.5514155,22.8245662</coordinates></Point></MultiGeometry>
  </Placemark>
  <Placemark>
	<ExtendedData><SchemaData schemaUrl="#Transformar">
		<SimpleData name="full_id">n13244850912</SimpleData>
		<SimpleData name="osm_id">13244850912</SimpleData>
		<SimpleData name="osm_type">node</SimpleData>
		<SimpleData name="power">transformer</SimpleData>
	</SchemaData></ExtendedData>
      <MultiGeometry><Point><coordinates>72.5525383,22.9670821</coordinates></Point></MultiGeometry>
  </Placemark>
  <Placemark>
	<ExtendedData><SchemaData schemaUrl="#Transformar">
		<SimpleData name="full_id">n12500998015</SimpleData>
		<SimpleData name="osm_id">12500998015</SimpleData>
		<SimpleData name="osm_type">node</SimpleData>
		<SimpleData name="power">transformer</SimpleData>
	</SchemaData></ExtendedData>
      <MultiGeometry><Point><coordinates>69.5496077,22.8246008</coordinates></Point></MultiGeometry>
  </Placemark>
  <Placemark>
	<ExtendedData><SchemaData schemaUrl="#Transformar">
		<SimpleData name="full_id">n1727156278</SimpleData>
		<SimpleData name="osm_id">1727156278</SimpleData>
		<SimpleData name="osm_type">node</SimpleData>
		<SimpleData name="power">transformer</SimpleData>
	</SchemaData></ExtendedData>
      <MultiGeometry><Point><coordinates>69.5556556,22.8295545</coordinates></Point></MultiGeometry>
  </Placemark>
  <Placemark>
	<ExtendedData><SchemaData schemaUrl="#Transformar">
		<SimpleData name="full_id">n13244814942</SimpleData>
		<SimpleData name="osm_id">13244814942</SimpleData>
		<SimpleData name="osm_type">node</SimpleData>
		<SimpleData name="power">transformer</SimpleData>
	</SchemaData></ExtendedData>
      <MultiGeometry><Point><coordinates>72.6380372,22.9665737</coordinates></Point></MultiGeometry>
  </Placemark>
  <Placemark>
	<ExtendedData><SchemaData schemaUrl="#Transformar">
		<SimpleData name="full_id">n12500998016</SimpleData>
		<SimpleData name="osm_id">12500998016</SimpleData>
		<SimpleData name="osm_type">node</SimpleData>
		<SimpleData name="power">transformer</SimpleData>
	</SchemaData></ExtendedData>
      <MultiGeometry><Point><coordinates>69.5505143,22.8245909</coordinates></Point></MultiGeometry>
  </Placemark>
  <Placemark>
	<ExtendedData><SchemaData schemaUrl="#Transformar">
		<SimpleData name="full_id">n1727156280</SimpleData>
		<SimpleData name="osm_id">1727156280</SimpleData>
		<SimpleData name="osm_type">node</SimpleData>
		<SimpleData name="power">transformer</SimpleData>
	</SchemaData></ExtendedData>
      <MultiGeometry><Point><coordinates>69.5557967,22.8295545</coordinates></Point></MultiGeometry>
  </Placemark>
  <Placemark>
	<ExtendedData><SchemaData schemaUrl="#Transformar">
		<SimpleData name="full_id">n13244814943</SimpleData>
		<SimpleData name="osm_id">13244814943</SimpleData>
		<SimpleData name="osm_type">node</SimpleData>
		<SimpleData name="power">transformer</SimpleData>
	</SchemaData></ExtendedData>
      <MultiGeometry><Point><coordinates>72.638119,22.9666157</coordinates></Point></MultiGeometry>
  </Placemark>
  <Placemark>
	<ExtendedData><SchemaData schemaUrl="#Transformar">
		<SimpleData name="full_id">n1727156282</SimpleData>
		<SimpleData name="osm_id">1727156282</SimpleData>
		<SimpleData name="osm_type">node</SimpleData>
		<SimpleData name="power">transformer</SimpleData>
	</SchemaData></ExtendedData>
      <MultiGeometry><Point><coordinates>69.5564625,22.8295545</coordinates></Point></MultiGeometry>
  </Placemark>
  <Placemark>
	<ExtendedData><SchemaData schemaUrl="#Transformar">
		<SimpleData name="full_id">n13244814944</SimpleData>
		<SimpleData name="osm_id">13244814944</SimpleData>
		<SimpleData name="osm_type">node</SimpleData>
		<SimpleData name="power">transformer</SimpleData>
	</SchemaData></ExtendedData>
      <MultiGeometry><Point><coordinates>72.6382061,22.9666583</coordinates></Point></MultiGeometry>
  </Placemark>
  <Placemark>
	<ExtendedData><SchemaData schemaUrl="#Transformar">
		<SimpleData name="full_id">n12500932983</SimpleData>
		<SimpleData name="osm_id">12500932983</SimpleData>
		<SimpleData name="osm_type">node</SimpleData>
		<SimpleData name="power">transformer</SimpleData>
	</SchemaData></ExtendedData>
      <MultiGeometry><Point><coordinates>69.5523129,22.8260378</coordinates></Point></MultiGeometry>
  </Placemark>
  <Placemark>
	<ExtendedData><SchemaData schemaUrl="#Transformar">
		<SimpleData name="full_id">n1727156284</SimpleData>
		<SimpleData name="osm_id">1727156284</SimpleData>
		<SimpleData name="osm_type">node</SimpleData>
		<SimpleData name="power">transformer</SimpleData>
	</SchemaData></ExtendedData>
      <MultiGeometry><Point><coordinates>69.5567182,22.8295545</coordinates></Point></MultiGeometry>
  </Placemark>
  <Placemark>
	<ExtendedData><SchemaData schemaUrl="#Transformar">
		<SimpleData name="full_id">n13244814945</SimpleData>
		<SimpleData name="osm_id">13244814945</SimpleData>
		<SimpleData name="osm_type">node</SimpleData>
		<SimpleData name="power">transformer</SimpleData>
	</SchemaData></ExtendedData>
      <MultiGeometry><Point><coordinates>72.6383067,22.9667089</coordinates></Point></MultiGeometry>
  </Placemark>
  <Placemark>
	<ExtendedData><SchemaData schemaUrl="#Transformar">
		<SimpleData name="full_id">n12500932984</SimpleData>
		<SimpleData name="osm_id">12500932984</SimpleData>
		<SimpleData name="osm_type">node</SimpleData>
		<SimpleData name="power">transformer</SimpleData>
	</SchemaData></ExtendedData>
      <MultiGeometry><Point><coordinates>69.5525833,22.8260353</coordinates></Point></MultiGeometry>
  </Placemark>
  <Placemark>
	<ExtendedData><SchemaData schemaUrl="#Transformar">
		<SimpleData name="full_id">n1727156286</SimpleData>
		<SimpleData name="osm_id">1727156286</SimpleData>
		<SimpleData name="osm_type">node</SimpleData>
		<SimpleData name="power">transformer</SimpleData>
	</SchemaData></ExtendedData>
      <MultiGeometry><Point><coordinates>69.5559512,22.8295569</coordinates></Point></MultiGeometry>
  </Placemark>
  <Placemark>
	<ExtendedData><SchemaData schemaUrl="#Transformar">
		<SimpleData name="full_id">n13244814946</SimpleData>
		<SimpleData name="osm_id">13244814946</SimpleData>
		<SimpleData name="osm_type">node</SimpleData>
		<SimpleData name="power">transformer</SimpleData>
	</SchemaData></ExtendedData>
      <MultiGeometry><Point><coordinates>72.6383952,22.9667559</coordinates></Point></MultiGeometry>
  </Placemark>
  <Placemark>
	<ExtendedData><SchemaData schemaUrl="#Transformar">
		<SimpleData name="full_id">n13244814947</SimpleData>
		<SimpleData name="osm_id">13244814947</SimpleData>
		<SimpleData name="osm_type">node</SimpleData>
		<SimpleData name="power">transformer</SimpleData>
	</SchemaData></ExtendedData>
      <MultiGeometry><Point><coordinates>72.6384998,22.966809</coordinates></Point></MultiGeometry>
  </Placemark>
  <Placemark>
	<ExtendedData><SchemaData schemaUrl="#Transformar">
		<SimpleData name="full_id">n13244837225</SimpleData>
		<SimpleData name="osm_id">13244837225</SimpleData>
		<SimpleData name="osm_type">node</SimpleData>
		<SimpleData name="power">transformer</SimpleData>
	</SchemaData></ExtendedData>
      <MultiGeometry><Point><coordinates>73.1134303,21.8240584</coordinates></Point></MultiGeometry>
  </Placemark>
  <Placemark>
	<ExtendedData><SchemaData schemaUrl="#Transformar">
		<SimpleData name="full_id">n12500973913</SimpleData>
		<SimpleData name="osm_id">12500973913</SimpleData>
		<SimpleData name="osm_type">node</SimpleData>
		<SimpleData name="power">transformer</SimpleData>
		<SimpleData name="transforme">converter</SimpleData>
		<SimpleData name="location">indoor</SimpleData>
	</SchemaData></ExtendedData>
      <MultiGeometry><Point><coordinates>69.5557906,22.8297092</coordinates></Point></MultiGeometry>
  </Placemark>
  <Placemark>
	<ExtendedData><SchemaData schemaUrl="#Transformar">
		<SimpleData name="full_id">n13244837226</SimpleData>
		<SimpleData name="osm_id">13244837226</SimpleData>
		<SimpleData name="osm_type">node</SimpleData>
		<SimpleData name="power">transformer</SimpleData>
	</SchemaData></ExtendedData>
      <MultiGeometry><Point><coordinates>73.1135189,21.8238692</coordinates></Point></MultiGeometry>
  </Placemark>
  <Placemark>
	<ExtendedData><SchemaData schemaUrl="#Transformar">
		<SimpleData name="full_id">n12500973914</SimpleData>
		<SimpleData name="osm_id">12500973914</SimpleData>
		<SimpleData name="osm_type">node</SimpleData>
		<SimpleData name="power">transformer</SimpleData>
		<SimpleData name="transforme">converter</SimpleData>
		<SimpleData name="location">indoor</SimpleData>
	</SchemaData></ExtendedData>
      <MultiGeometry><Point><coordinates>69.5565775,22.8297167</coordinates></Point></MultiGeometry>
  </Placemark>
  <Placemark>
	<ExtendedData><SchemaData schemaUrl="#Transformar">
		<SimpleData name="full_id">n12500998008</SimpleData>
		<SimpleData name="osm_id">12500998008</SimpleData>
		<SimpleData name="osm_type">node</SimpleData>
		<SimpleData name="power">transformer</SimpleData>
	</SchemaData></ExtendedData>
      <MultiGeometry><Point><coordinates>69.557842,22.8245415</coordinates></Point></MultiGeometry>
  </Placemark>
  <Placemark>
	<ExtendedData><SchemaData schemaUrl="#Transformar">
		<SimpleData name="full_id">n12771119069</SimpleData>
		<SimpleData name="osm_id">12771119069</SimpleData>
		<SimpleData name="osm_type">node</SimpleData>
		<SimpleData name="power">transformer</SimpleData>
	</SchemaData></ExtendedData>
      <MultiGeometry><Point><coordinates>72.0374385,23.968555</coordinates></Point></MultiGeometry>
  </Placemark>
  <Placemark>
	<ExtendedData><SchemaData schemaUrl="#Transformar">
		<SimpleData name="full_id">n12500931168</SimpleData>
		<SimpleData name="osm_id">12500931168</SimpleData>
		<SimpleData name="osm_type">node</SimpleData>
		<SimpleData name="power">transformer</SimpleData>
	</SchemaData></ExtendedData>
      <MultiGeometry><Point><coordinates>72.5977505,23.3644106</coordinates></Point></MultiGeometry>
  </Placemark>
  <Placemark>
	<ExtendedData><SchemaData schemaUrl="#Transformar">
		<SimpleData name="full_id">n12500931169</SimpleData>
		<SimpleData name="osm_id">12500931169</SimpleData>
		<SimpleData name="osm_type">node</SimpleData>
		<SimpleData name="power">transformer</SimpleData>
	</SchemaData></ExtendedData>
      <MultiGeometry><Point><coordinates>72.5994296,23.3663853</coordinates></Point></MultiGeometry>
  </Placemark>
  <Placemark>
	<ExtendedData><SchemaData schemaUrl="#Transformar">
		<SimpleData name="full_id">n12608710234</SimpleData>
		<SimpleData name="osm_id">12608710234</SimpleData>
		<SimpleData name="osm_type">node</SimpleData>
		<SimpleData name="power">transformer</SimpleData>
	</SchemaData></ExtendedData>
      <MultiGeometry><Point><coordinates>72.903702,20.2700149</coordinates></Point></MultiGeometry>
  </Placemark>
  <Placemark>
	<ExtendedData><SchemaData schemaUrl="#Transformar">
		<SimpleData name="full_id">n12608742959</SimpleData>
		<SimpleData name="osm_id">12608742959</SimpleData>
		<SimpleData name="osm_type">node</SimpleData>
		<SimpleData name="power">transformer</SimpleData>
	</SchemaData></ExtendedData>
      <MultiGeometry><Point><coordinates>72.9137707,20.3852947</coordinates></Point></MultiGeometry>
  </Placemark>
  <Placemark>
	<ExtendedData><SchemaData schemaUrl="#Transformar">
		<SimpleData name="full_id">n12608742960</SimpleData>
		<SimpleData name="osm_id">12608742960</SimpleData>
		<SimpleData name="osm_type">node</SimpleData>
		<SimpleData name="power">transformer</SimpleData>
	</SchemaData></ExtendedData>
      <MultiGeometry><Point><coordinates>72.9142025,20.3852519</coordinates></Point></MultiGeometry>
  </Placemark>
  <Placemark>
	<ExtendedData><SchemaData schemaUrl="#Transformar">
		<SimpleData name="full_id">n12608742961</SimpleData>
		<SimpleData name="osm_id">12608742961</SimpleData>
		<SimpleData name="osm_type">node</SimpleData>
		<SimpleData name="power">transformer</SimpleData>
	</SchemaData></ExtendedData>
      <MultiGeometry><Point><coordinates>72.9144573,20.3852293</coordinates></Point></MultiGeometry>
  </Placemark>
  <Placemark>
	<ExtendedData><SchemaData schemaUrl="#Transformar">
		<SimpleData name="full_id">n12608742962</SimpleData>
		<SimpleData name="osm_id">12608742962</SimpleData>
		<SimpleData name="osm_type">node</SimpleData>
		<SimpleData name="power">transformer</SimpleData>
	</SchemaData></ExtendedData>
      <MultiGeometry><Point><coordinates>72.9146263,20.3852041</coordinates></Point></MultiGeometry>
  </Placemark>
  <Placemark>
	<ExtendedData><SchemaData schemaUrl="#Transformar">
		<SimpleData name="full_id">n12501360387</SimpleData>
		<SimpleData name="osm_id">12501360387</SimpleData>
		<SimpleData name="osm_type">node</SimpleData>
		<SimpleData name="power">transformer</SimpleData>
	</SchemaData></ExtendedData>
      <MultiGeometry><Point><coordinates>69.6783402,22.143712</coordinates></Point></MultiGeometry>
  </Placemark>
  <Placemark>
	<ExtendedData><SchemaData schemaUrl="#Transformar">
		<SimpleData name="full_id">n12501360388</SimpleData>
		<SimpleData name="osm_id">12501360388</SimpleData>
		<SimpleData name="osm_type">node</SimpleData>
		<SimpleData name="power">transformer</SimpleData>
	</SchemaData></ExtendedData>
      <MultiGeometry><Point><coordinates>69.6781095,22.1436375</coordinates></Point></MultiGeometry>
  </Placemark>
  <Placemark>
	<ExtendedData><SchemaData schemaUrl="#Transformar">
		<SimpleData name="full_id">n12501360389</SimpleData>
		<SimpleData name="osm_id">12501360389</SimpleData>
		<SimpleData name="osm_type">node</SimpleData>
		<SimpleData name="power">transformer</SimpleData>
	</SchemaData></ExtendedData>
      <MultiGeometry><Point><coordinates>69.6778869,22.1435679</coordinates></Point></MultiGeometry>
  </Placemark>
  <Placemark>
	<ExtendedData><SchemaData schemaUrl="#Transformar">
		<SimpleData name="full_id">n12501360390</SimpleData>
		<SimpleData name="osm_id">12501360390</SimpleData>
		<SimpleData name="osm_type">node</SimpleData>
		<SimpleData name="power">transformer</SimpleData>
	</SchemaData></ExtendedData>
      <MultiGeometry><Point><coordinates>69.6776643,22.1434884</coordinates></Point></MultiGeometry>
  </Placemark>
  <Placemark>
	<ExtendedData><SchemaData schemaUrl="#Transformar">
		<SimpleData name="full_id">n12608710232</SimpleData>
		<SimpleData name="osm_id">12608710232</SimpleData>
		<SimpleData name="osm_type">node</SimpleData>
		<SimpleData name="power">transformer</SimpleData>
	</SchemaData></ExtendedData>
      <MultiGeometry><Point><coordinates>72.9034123,20.2701407</coordinates></Point></MultiGeometry>
  </Placemark>
  <Placemark>
	<ExtendedData><SchemaData schemaUrl="#Transformar">
		<SimpleData name="full_id">n12608710233</SimpleData>
		<SimpleData name="osm_id">12608710233</SimpleData>
		<SimpleData name="osm_type">node</SimpleData>
		<SimpleData name="power">transformer</SimpleData>
	</SchemaData></ExtendedData>
      <MultiGeometry><Point><coordinates>72.9035679,20.2700753</coordinates></Point></MultiGeometry>
  </Placemark>
  <Placemark>
	<ExtendedData><SchemaData schemaUrl="#Transformar">
		<SimpleData name="full_id">n12501344156</SimpleData>
		<SimpleData name="osm_id">12501344156</SimpleData>
		<SimpleData name="osm_type">node</SimpleData>
		<SimpleData name="power">transformer</SimpleData>
	</SchemaData></ExtendedData>
      <MultiGeometry><Point><coordinates>70.1214736,23.2397968</coordinates></Point></MultiGeometry>
  </Placemark>
  <Placemark>
	<ExtendedData><SchemaData schemaUrl="#Transformar">
		<SimpleData name="full_id">n12501344157</SimpleData>
		<SimpleData name="osm_id">12501344157</SimpleData>
		<SimpleData name="osm_type">node</SimpleData>
		<SimpleData name="power">transformer</SimpleData>
	</SchemaData></ExtendedData>
      <MultiGeometry><Point><coordinates>70.1203471,23.2400974</coordinates></Point></MultiGeometry>
  </Placemark>
  <Placemark>
	<ExtendedData><SchemaData schemaUrl="#Transformar">
		<SimpleData name="full_id">n12501344158</SimpleData>
		<SimpleData name="osm_id">12501344158</SimpleData>
		<SimpleData name="osm_type">node</SimpleData>
		<SimpleData name="power">transformer</SimpleData>
	</SchemaData></ExtendedData>
      <MultiGeometry><Point><coordinates>70.122804,23.2394419</coordinates></Point></MultiGeometry>
  </Placemark>
  <Placemark>
	<ExtendedData><SchemaData schemaUrl="#Transformar">
		<SimpleData name="full_id">n12501359417</SimpleData>
		<SimpleData name="osm_id">12501359417</SimpleData>
		<SimpleData name="osm_type">node</SimpleData>
		<SimpleData name="power">transformer</SimpleData>
	</SchemaData></ExtendedData>
      <MultiGeometry><Point><coordinates>70.1879417,23.2076985</coordinates></Point></MultiGeometry>
  </Placemark>
  <Placemark>
	<ExtendedData><SchemaData schemaUrl="#Transformar">
		<SimpleData name="full_id">n12501359418</SimpleData>
		<SimpleData name="osm_id">12501359418</SimpleData>
		<SimpleData name="osm_type">node</SimpleData>
		<SimpleData name="power">transformer</SimpleData>
	</SchemaData></ExtendedData>
      <MultiGeometry><Point><coordinates>70.188167,23.20759</coordinates></Point></MultiGeometry>
  </Placemark>
  <Placemark>
	<ExtendedData><SchemaData schemaUrl="#Transformar">
		<SimpleData name="full_id">n12500998017</SimpleData>
		<SimpleData name="osm_id">12500998017</SimpleData>
		<SimpleData name="osm_type">node</SimpleData>
		<SimpleData name="power">transformer</SimpleData>
	</SchemaData></ExtendedData>
      <MultiGeometry><Point><coordinates>69.5510078,22.8246008</coordinates></Point></MultiGeometry>
  </Placemark>
  <Placemark>
	<ExtendedData><SchemaData schemaUrl="#Transformar">
		<SimpleData name="full_id">n12500998018</SimpleData>
		<SimpleData name="osm_id">12500998018</SimpleData>
		<SimpleData name="osm_type">node</SimpleData>
		<SimpleData name="power">transformer</SimpleData>
	</SchemaData></ExtendedData>
      <MultiGeometry><Point><coordinates>69.5507127,22.8245761</coordinates></Point></MultiGeometry>
  </Placemark>
  <Placemark>
	<ExtendedData><SchemaData schemaUrl="#Transformar">
		<SimpleData name="full_id">n12500998019</SimpleData>
		<SimpleData name="osm_id">12500998019</SimpleData>
		<SimpleData name="osm_type">node</SimpleData>
		<SimpleData name="power">transformer</SimpleData>
	</SchemaData></ExtendedData>
      <MultiGeometry><Point><coordinates>69.5497847,22.824586</coordinates></Point></MultiGeometry>
  </Placemark>
  <Placemark>
	<ExtendedData><SchemaData schemaUrl="#Transformar">
		<SimpleData name="full_id">n12500998020</SimpleData>
		<SimpleData name="osm_id">12500998020</SimpleData>
		<SimpleData name="osm_type">node</SimpleData>
		<SimpleData name="power">transformer</SimpleData>
	</SchemaData></ExtendedData>
      <MultiGeometry><Point><coordinates>69.5563346,22.8245612</coordinates></Point></MultiGeometry>
  </Placemark>
  <Placemark>
	<ExtendedData><SchemaData schemaUrl="#Transformar">
		<SimpleData name="full_id">n12500998021</SimpleData>
		<SimpleData name="osm_id">12500998021</SimpleData>
		<SimpleData name="osm_type">node</SimpleData>
		<SimpleData name="power">transformer</SimpleData>
	</SchemaData></ExtendedData>
      <MultiGeometry><Point><coordinates>69.5560718,22.8245514</coordinates></Point></MultiGeometry>
  </Placemark>
  <Placemark>
	<ExtendedData><SchemaData schemaUrl="#Transformar">
		<SimpleData name="full_id">n12500998092</SimpleData>
		<SimpleData name="osm_id">12500998092</SimpleData>
		<SimpleData name="osm_type">node</SimpleData>
		<SimpleData name="power">transformer</SimpleData>
	</SchemaData></ExtendedData>
      <MultiGeometry><Point><coordinates>69.5537869,22.8245588</coordinates></Point></MultiGeometry>
  </Placemark>
  <Placemark>
	<ExtendedData><SchemaData schemaUrl="#Transformar">
		<SimpleData name="full_id">n12500998093</SimpleData>
		<SimpleData name="osm_id">12500998093</SimpleData>
		<SimpleData name="osm_type">node</SimpleData>
		<SimpleData name="power">transformer</SimpleData>
	</SchemaData></ExtendedData>
      <MultiGeometry><Point><coordinates>69.553921,22.8245588</coordinates></Point></MultiGeometry>
  </Placemark>
  <Placemark>
	<ExtendedData><SchemaData schemaUrl="#Transformar">
		<SimpleData name="full_id">n12501453384</SimpleData>
		<SimpleData name="osm_id">12501453384</SimpleData>
		<SimpleData name="osm_type">node</SimpleData>
		<SimpleData name="power">transformer</SimpleData>
	</SchemaData></ExtendedData>
      <MultiGeometry><Point><coordinates>73.2599086,22.3669721</coordinates></Point></MultiGeometry>
  </Placemark>
  <Placemark>
	<ExtendedData><SchemaData schemaUrl="#Transformar">
		<SimpleData name="full_id">n12501453385</SimpleData>
		<SimpleData name="osm_id">12501453385</SimpleData>
		<SimpleData name="osm_type">node</SimpleData>
		<SimpleData name="power">transformer</SimpleData>
	</SchemaData></ExtendedData>
      <MultiGeometry><Point><coordinates>73.2602305,22.367101</coordinates></Point></MultiGeometry>
  </Placemark>
  <Placemark>
	<ExtendedData><SchemaData schemaUrl="#Transformar">
		<SimpleData name="full_id">n12501453386</SimpleData>
		<SimpleData name="osm_id">12501453386</SimpleData>
		<SimpleData name="osm_type">node</SimpleData>
		<SimpleData name="power">transformer</SimpleData>
	</SchemaData></ExtendedData>
      <MultiGeometry><Point><coordinates>73.2605577,22.3672449</coordinates></Point></MultiGeometry>
  </Placemark>
  <Placemark>
	<ExtendedData><SchemaData schemaUrl="#Transformar">
		<SimpleData name="full_id">n12501453387</SimpleData>
		<SimpleData name="osm_id">12501453387</SimpleData>
		<SimpleData name="osm_type">node</SimpleData>
		<SimpleData name="power">transformer</SimpleData>
	</SchemaData></ExtendedData>
      <MultiGeometry><Point><coordinates>73.2607079,22.3673094</coordinates></Point></MultiGeometry>
  </Placemark>
  <Placemark>
	<ExtendedData><SchemaData schemaUrl="#Transformar">
		<SimpleData name="full_id">n12501453369</SimpleData>
		<SimpleData name="osm_id">12501453369</SimpleData>
		<SimpleData name="osm_type">node</SimpleData>
		<SimpleData name="power">transformer</SimpleData>
	</SchemaData></ExtendedData>
      <MultiGeometry><Point><coordinates>73.2634026,22.3669105</coordinates></Point></MultiGeometry>
  </Placemark>
  <Placemark>
	<ExtendedData><SchemaData schemaUrl="#Transformar">
		<SimpleData name="full_id">n12501453370</SimpleData>
		<SimpleData name="osm_id">12501453370</SimpleData>
		<SimpleData name="osm_type">node</SimpleData>
		<SimpleData name="power">transformer</SimpleData>
	</SchemaData></ExtendedData>
      <MultiGeometry><Point><coordinates>73.2610369,22.3658841</coordinates></Point></MultiGeometry>
  </Placemark>
  <Placemark>
	<ExtendedData><SchemaData schemaUrl="#Transformar">
		<SimpleData name="full_id">n12501453371</SimpleData>
		<SimpleData name="osm_id">12501453371</SimpleData>
		<SimpleData name="osm_type">node</SimpleData>
		<SimpleData name="power">transformer</SimpleData>
	</SchemaData></ExtendedData>
      <MultiGeometry><Point><coordinates>73.2599965,22.3654279</coordinates></Point></MultiGeometry>
  </Placemark>
  <Placemark>
	<ExtendedData><SchemaData schemaUrl="#Transformar">
		<SimpleData name="full_id">n12608765334</SimpleData>
		<SimpleData name="osm_id">12608765334</SimpleData>
		<SimpleData name="osm_type">node</SimpleData>
		<SimpleData name="power">transformer</SimpleData>
	</SchemaData></ExtendedData>
      <MultiGeometry><Point><coordinates>72.8607016,20.3899935</coordinates></Point></MultiGeometry>
  </Placemark>
  <Placemark>
	<ExtendedData><SchemaData schemaUrl="#Transformar">
		<SimpleData name="full_id">n12501453381</SimpleData>
		<SimpleData name="osm_id">12501453381</SimpleData>
		<SimpleData name="osm_type">node</SimpleData>
		<SimpleData name="power">transformer</SimpleData>
	</SchemaData></ExtendedData>
      <MultiGeometry><Point><coordinates>73.2588089,22.3665107</coordinates></Point></MultiGeometry>
  </Placemark>
  <Placemark>
	<ExtendedData><SchemaData schemaUrl="#Transformar">
		<SimpleData name="full_id">n12608765335</SimpleData>
		<SimpleData name="osm_id">12608765335</SimpleData>
		<SimpleData name="osm_type">node</SimpleData>
		<SimpleData name="power">transformer</SimpleData>
	</SchemaData></ExtendedData>
      <MultiGeometry><Point><coordinates>72.8605231,20.3900063</coordinates></Point></MultiGeometry>
  </Placemark>
  <Placemark>
	<ExtendedData><SchemaData schemaUrl="#Transformar">
		<SimpleData name="full_id">n12501453382</SimpleData>
		<SimpleData name="osm_id">12501453382</SimpleData>
		<SimpleData name="osm_type">node</SimpleData>
		<SimpleData name="power">transformer</SimpleData>
	</SchemaData></ExtendedData>
      <MultiGeometry><Point><coordinates>73.2591361,22.3666496</coordinates></Point></MultiGeometry>
  </Placemark>
  <Placemark>
	<ExtendedData><SchemaData schemaUrl="#Transformar">
		<SimpleData name="full_id">n12608765336</SimpleData>
		<SimpleData name="osm_id">12608765336</SimpleData>
		<SimpleData name="osm_type">node</SimpleData>
		<SimpleData name="power">transformer</SimpleData>
	</SchemaData></ExtendedData>
      <MultiGeometry><Point><coordinates>72.8598325,20.3900596</coordinates></Point></MultiGeometry>
  </Placemark>
  <Placemark>
	<ExtendedData><SchemaData schemaUrl="#Transformar">
		<SimpleData name="full_id">n12501453383</SimpleData>
		<SimpleData name="osm_id">12501453383</SimpleData>
		<SimpleData name="osm_type">node</SimpleData>
		<SimpleData name="power">transformer</SimpleData>
	</SchemaData></ExtendedData>
      <MultiGeometry><Point><coordinates>73.2594312,22.3667786</coordinates></Point></MultiGeometry>
  </Placemark>
  <Placemark>
	<ExtendedData><SchemaData schemaUrl="#Transformar">
		<SimpleData name="full_id">n12608765337</SimpleData>
		<SimpleData name="osm_id">12608765337</SimpleData>
		<SimpleData name="osm_type">node</SimpleData>
		<SimpleData name="power">transformer</SimpleData>
	</SchemaData></ExtendedData>
      <MultiGeometry><Point><coordinates>72.859674,20.3900691</coordinates></Point></MultiGeometry>
  </Placemark>
  <Placemark>
	<ExtendedData><SchemaData schemaUrl="#Transformar">
		<SimpleData name="full_id">n12608765338</SimpleData>
		<SimpleData name="osm_id">12608765338</SimpleData>
		<SimpleData name="osm_type">node</SimpleData>
		<SimpleData name="power">transformer</SimpleData>
	</SchemaData></ExtendedData>
      <MultiGeometry><Point><coordinates>72.8592008,20.3821431</coordinates></Point></MultiGeometry>
  </Placemark>
  <Placemark>
	<ExtendedData><SchemaData schemaUrl="#Transformar">
		<SimpleData name="full_id">n12608765339</SimpleData>
		<SimpleData name="osm_id">12608765339</SimpleData>
		<SimpleData name="osm_type">node</SimpleData>
		<SimpleData name="power">transformer</SimpleData>
	</SchemaData></ExtendedData>
      <MultiGeometry><Point><coordinates>72.8591257,20.3819219</coordinates></Point></MultiGeometry>
  </Placemark>
  <Placemark>
	<ExtendedData><SchemaData schemaUrl="#Transformar">
		<SimpleData name="full_id">n12501376008</SimpleData>
		<SimpleData name="osm_id">12501376008</SimpleData>
		<SimpleData name="osm_type">node</SimpleData>
		<SimpleData name="power">transformer</SimpleData>
	</SchemaData></ExtendedData>
      <MultiGeometry><Point><coordinates>69.6785655,22.143789</coordinates></Point></MultiGeometry>
  </Placemark>
  <Placemark>
	<ExtendedData><SchemaData schemaUrl="#Transformar">
		<SimpleData name="full_id">n9115332455</SimpleData>
		<SimpleData name="osm_id">9115332455</SimpleData>
		<SimpleData name="osm_type">node</SimpleData>
		<SimpleData name="power">transformer</SimpleData>
		<SimpleData name="location">outdoor</SimpleData>
	</SchemaData></ExtendedData>
      <MultiGeometry><Point><coordinates>73.2899857,21.7877248</coordinates></Point></MultiGeometry>
  </Placemark>
  <Placemark>
	<ExtendedData><SchemaData schemaUrl="#Transformar">
		<SimpleData name="full_id">n9115332456</SimpleData>
		<SimpleData name="osm_id">9115332456</SimpleData>
		<SimpleData name="osm_type">node</SimpleData>
		<SimpleData name="power">transformer</SimpleData>
		<SimpleData name="location">outdoor</SimpleData>
	</SchemaData></ExtendedData>
      <MultiGeometry><Point><coordinates>73.2897267,21.7877048</coordinates></Point></MultiGeometry>
  </Placemark>
  <Placemark>
	<ExtendedData><SchemaData schemaUrl="#Transformar">
		<SimpleData name="full_id">n9115332457</SimpleData>
		<SimpleData name="osm_id">9115332457</SimpleData>
		<SimpleData name="osm_type">node</SimpleData>
		<SimpleData name="power">transformer</SimpleData>
		<SimpleData name="location">outdoor</SimpleData>
	</SchemaData></ExtendedData>
      <MultiGeometry><Point><coordinates>73.2894353,21.7876972</coordinates></Point></MultiGeometry>
  </Placemark>
  <Placemark>
	<ExtendedData><SchemaData schemaUrl="#Transformar">
		<SimpleData name="full_id">n9115332458</SimpleData>
		<SimpleData name="osm_id">9115332458</SimpleData>
		<SimpleData name="osm_type">node</SimpleData>
		<SimpleData name="power">transformer</SimpleData>
		<SimpleData name="location">outdoor</SimpleData>
	</SchemaData></ExtendedData>
      <MultiGeometry><Point><coordinates>73.2891683,21.7876647</coordinates></Point></MultiGeometry>
  </Placemark>
  <Placemark>
	<ExtendedData><SchemaData schemaUrl="#Transformar">
		<SimpleData name="full_id">n9115332459</SimpleData>
		<SimpleData name="osm_id">9115332459</SimpleData>
		<SimpleData name="osm_type">node</SimpleData>
		<SimpleData name="power">transformer</SimpleData>
		<SimpleData name="location">outdoor</SimpleData>
	</SchemaData></ExtendedData>
      <MultiGeometry><Point><coordinates>73.2889821,21.7876547</coordinates></Point></MultiGeometry>
  </Placemark>
  <Placemark>
	<ExtendedData><SchemaData schemaUrl="#Transformar">
		<SimpleData name="full_id">n12534230258</SimpleData>
		<SimpleData name="osm_id">12534230258</SimpleData>
		<SimpleData name="osm_type">node</SimpleData>
		<SimpleData name="power">transformer</SimpleData>
	</SchemaData></ExtendedData>
      <MultiGeometry><Point><coordinates>73.0228159,20.3862027</coordinates></Point></MultiGeometry>
  </Placemark>
  <Placemark>
	<ExtendedData><SchemaData schemaUrl="#Transformar">
		<SimpleData name="full_id">n9115332460</SimpleData>
		<SimpleData name="osm_id">9115332460</SimpleData>
		<SimpleData name="osm_type">node</SimpleData>
		<SimpleData name="power">transformer</SimpleData>
		<SimpleData name="location">outdoor</SimpleData>
	</SchemaData></ExtendedData>
      <MultiGeometry><Point><coordinates>73.2881728,21.787597</coordinates></Point></MultiGeometry>
  </Placemark>
  <Placemark>
	<ExtendedData><SchemaData schemaUrl="#Transformar">
		<SimpleData name="full_id">n12534230259</SimpleData>
		<SimpleData name="osm_id">12534230259</SimpleData>
		<SimpleData name="osm_type">node</SimpleData>
		<SimpleData name="power">transformer</SimpleData>
	</SchemaData></ExtendedData>
      <MultiGeometry><Point><coordinates>73.0233604,20.3862027</coordinates></Point></MultiGeometry>
  </Placemark>
  <Placemark>
	<ExtendedData><SchemaData schemaUrl="#Transformar">
		<SimpleData name="full_id">n12534230260</SimpleData>
		<SimpleData name="osm_id">12534230260</SimpleData>
		<SimpleData name="osm_type">node</SimpleData>
		<SimpleData name="power">transformer</SimpleData>
	</SchemaData></ExtendedData>
      <MultiGeometry><Point><coordinates>73.0230895,20.3862027</coordinates></Point></MultiGeometry>
  </Placemark>
  <Placemark>
	<ExtendedData><SchemaData schemaUrl="#Transformar">
		<SimpleData name="full_id">n9111515160</SimpleData>
		<SimpleData name="osm_id">9111515160</SimpleData>
		<SimpleData name="osm_type">node</SimpleData>
		<SimpleData name="power">transformer</SimpleData>
		<SimpleData name="location">outdoor</SimpleData>
	</SchemaData></ExtendedData>
      <MultiGeometry><Point><coordinates>72.8471441,21.8506416</coordinates></Point></MultiGeometry>
  </Placemark>
  <Placemark>
	<ExtendedData><SchemaData schemaUrl="#Transformar">
		<SimpleData name="full_id">n12501964710</SimpleData>
		<SimpleData name="osm_id">12501964710</SimpleData>
		<SimpleData name="osm_type">node</SimpleData>
		<SimpleData name="power">transformer</SimpleData>
	</SchemaData></ExtendedData>
      <MultiGeometry><Point><coordinates>72.398692,23.2051039</coordinates></Point></MultiGeometry>
  </Placemark>
  <Placemark>
	<ExtendedData><SchemaData schemaUrl="#Transformar">
		<SimpleData name="full_id">n12501964711</SimpleData>
		<SimpleData name="osm_id">12501964711</SimpleData>
		<SimpleData name="osm_type">node</SimpleData>
		<SimpleData name="power">transformer</SimpleData>
	</SchemaData></ExtendedData>
      <MultiGeometry><Point><coordinates>72.3992177,23.2051237</coordinates></Point></MultiGeometry>
  </Placemark>
  <Placemark>
	<ExtendedData><SchemaData schemaUrl="#Transformar">
		<SimpleData name="full_id">n12481606820</SimpleData>
		<SimpleData name="osm_id">12481606820</SimpleData>
		<SimpleData name="osm_type">node</SimpleData>
		<SimpleData name="power">transformer</SimpleData>
	</SchemaData></ExtendedData>
      <MultiGeometry><Point><coordinates>70.5940436,23.3926257</coordinates></Point></MultiGeometry>
  </Placemark>
  <Placemark>
	<ExtendedData><SchemaData schemaUrl="#Transformar">
		<SimpleData name="full_id">n12501964712</SimpleData>
		<SimpleData name="osm_id">12501964712</SimpleData>
		<SimpleData name="osm_type">node</SimpleData>
		<SimpleData name="power">transformer</SimpleData>
	</SchemaData></ExtendedData>
      <MultiGeometry><Point><coordinates>72.3995771,23.2051237</coordinates></Point></MultiGeometry>
  </Placemark>
  <Placemark>
	<ExtendedData><SchemaData schemaUrl="#Transformar">
		<SimpleData name="full_id">n12481606821</SimpleData>
		<SimpleData name="osm_id">12481606821</SimpleData>
		<SimpleData name="osm_type">node</SimpleData>
		<SimpleData name="power">transformer</SimpleData>
	</SchemaData></ExtendedData>
      <MultiGeometry><Point><coordinates>70.5939792,23.3930984</coordinates></Point></MultiGeometry>
  </Placemark>
  <Placemark>
	<ExtendedData><SchemaData schemaUrl="#Transformar">
		<SimpleData name="full_id">n12501964713</SimpleData>
		<SimpleData name="osm_id">12501964713</SimpleData>
		<SimpleData name="osm_type">node</SimpleData>
		<SimpleData name="power">transformer</SimpleData>
	</SchemaData></ExtendedData>
      <MultiGeometry><Point><coordinates>72.3999527,23.2050497</coordinates></Point></MultiGeometry>
  </Placemark>
  <Placemark>
	<ExtendedData><SchemaData schemaUrl="#Transformar">
		<SimpleData name="full_id">n12481627111</SimpleData>
		<SimpleData name="osm_id">12481627111</SimpleData>
		<SimpleData name="osm_type">node</SimpleData>
		<SimpleData name="power">transformer</SimpleData>
	</SchemaData></ExtendedData>
      <MultiGeometry><Point><coordinates>69.591131,23.4521937</coordinates></Point></MultiGeometry>
  </Placemark>
  <Placemark>
	<ExtendedData><SchemaData schemaUrl="#Transformar">
		<SimpleData name="full_id">n9115332446</SimpleData>
		<SimpleData name="osm_id">9115332446</SimpleData>
		<SimpleData name="osm_type">node</SimpleData>
		<SimpleData name="power">transformer</SimpleData>
		<SimpleData name="location">outdoor</SimpleData>
	</SchemaData></ExtendedData>
      <MultiGeometry><Point><coordinates>73.2891737,21.7871035</coordinates></Point></MultiGeometry>
  </Placemark>
  <Placemark>
	<ExtendedData><SchemaData schemaUrl="#Transformar">
		<SimpleData name="full_id">n12481627112</SimpleData>
		<SimpleData name="osm_id">12481627112</SimpleData>
		<SimpleData name="osm_type">node</SimpleData>
		<SimpleData name="power">transformer</SimpleData>
	</SchemaData></ExtendedData>
      <MultiGeometry><Point><coordinates>69.591646,23.4520313</coordinates></Point></MultiGeometry>
  </Placemark>
  <Placemark>
	<ExtendedData><SchemaData schemaUrl="#Transformar">
		<SimpleData name="full_id">n12501862911</SimpleData>
		<SimpleData name="osm_id">12501862911</SimpleData>
		<SimpleData name="osm_type">node</SimpleData>
		<SimpleData name="power">transformer</SimpleData>
	</SchemaData></ExtendedData>
      <MultiGeometry><Point><coordinates>71.3079308,22.4820654</coordinates></Point></MultiGeometry>
  </Placemark>
  <Placemark>
	<ExtendedData><SchemaData schemaUrl="#Transformar">
		<SimpleData name="full_id">n12501862912</SimpleData>
		<SimpleData name="osm_id">12501862912</SimpleData>
		<SimpleData name="osm_type">node</SimpleData>
		<SimpleData name="power">transformer</SimpleData>
	</SchemaData></ExtendedData>
      <MultiGeometry><Point><coordinates>71.3081669,22.4821819</coordinates></Point></MultiGeometry>
  </Placemark>
  <Placemark>
	<ExtendedData><SchemaData schemaUrl="#Transformar">
		<SimpleData name="full_id">n12501862913</SimpleData>
		<SimpleData name="osm_id">12501862913</SimpleData>
		<SimpleData name="osm_type">node</SimpleData>
		<SimpleData name="power">transformer</SimpleData>
	</SchemaData></ExtendedData>
      <MultiGeometry><Point><coordinates>71.3084083,22.4822909</coordinates></Point></MultiGeometry>
  </Placemark>
  <Placemark>
	<ExtendedData><SchemaData schemaUrl="#Transformar">
		<SimpleData name="full_id">n9111466923</SimpleData>
		<SimpleData name="osm_id">9111466923</SimpleData>
		<SimpleData name="osm_type">node</SimpleData>
		<SimpleData name="power">transformer</SimpleData>
		<SimpleData name="location">outdoor</SimpleData>
	</SchemaData></ExtendedData>
      <MultiGeometry><Point><coordinates>72.997878,21.7137771</coordinates></Point></MultiGeometry>
  </Placemark>
  <Placemark>
	<ExtendedData><SchemaData schemaUrl="#Transformar">
		<SimpleData name="full_id">n12501964702</SimpleData>
		<SimpleData name="osm_id">12501964702</SimpleData>
		<SimpleData name="osm_type">node</SimpleData>
		<SimpleData name="power">transformer</SimpleData>
	</SchemaData></ExtendedData>
      <MultiGeometry><Point><coordinates>72.3987725,23.2035015</coordinates></Point></MultiGeometry>
  </Placemark>
  <Placemark>
	<ExtendedData><SchemaData schemaUrl="#Transformar">
		<SimpleData name="full_id">n9111466924</SimpleData>
		<SimpleData name="osm_id">9111466924</SimpleData>
		<SimpleData name="osm_type">node</SimpleData>
		<SimpleData name="power">transformer</SimpleData>
		<SimpleData name="location">outdoor</SimpleData>
	</SchemaData></ExtendedData>
      <MultiGeometry><Point><coordinates>72.9978673,21.713878</coordinates></Point></MultiGeometry>
  </Placemark>
  <Placemark>
	<ExtendedData><SchemaData schemaUrl="#Transformar">
		<SimpleData name="full_id">n12501964703</SimpleData>
		<SimpleData name="osm_id">12501964703</SimpleData>
		<SimpleData name="osm_type">node</SimpleData>
		<SimpleData name="power">transformer</SimpleData>
	</SchemaData></ExtendedData>
      <MultiGeometry><Point><coordinates>72.399325,23.2034867</coordinates></Point></MultiGeometry>
  </Placemark>
  <Placemark>
	<ExtendedData><SchemaData schemaUrl="#Transformar">
		<SimpleData name="full_id">n12501964704</SimpleData>
		<SimpleData name="osm_id">12501964704</SimpleData>
		<SimpleData name="osm_type">node</SimpleData>
		<SimpleData name="power">transformer</SimpleData>
	</SchemaData></ExtendedData>
      <MultiGeometry><Point><coordinates>72.4009558,23.2034522</coordinates></Point></MultiGeometry>
  </Placemark>
  <Placemark>
	<ExtendedData><SchemaData schemaUrl="#Transformar">
		<SimpleData name="full_id">n12501964705</SimpleData>
		<SimpleData name="osm_id">12501964705</SimpleData>
		<SimpleData name="osm_type">node</SimpleData>
		<SimpleData name="power">transformer</SimpleData>
	</SchemaData></ExtendedData>
      <MultiGeometry><Point><coordinates>72.4012401,23.2034374</coordinates></Point></MultiGeometry>
  </Placemark>
  <Placemark>
	<ExtendedData><SchemaData schemaUrl="#Transformar">
		<SimpleData name="full_id">n9111515159</SimpleData>
		<SimpleData name="osm_id">9111515159</SimpleData>
		<SimpleData name="osm_type">node</SimpleData>
		<SimpleData name="power">transformer</SimpleData>
		<SimpleData name="location">outdoor</SimpleData>
	</SchemaData></ExtendedData>
      <MultiGeometry><Point><coordinates>72.8471972,21.8505386</coordinates></Point></MultiGeometry>
  </Placemark>
  <Placemark>
	<ExtendedData><SchemaData schemaUrl="#Transformar">
		<SimpleData name="full_id">n13480918009</SimpleData>
		<SimpleData name="osm_id">13480918009</SimpleData>
		<SimpleData name="osm_type">node</SimpleData>
		<SimpleData name="power">transformer</SimpleData>
	</SchemaData></ExtendedData>
      <MultiGeometry><Point><coordinates>72.1987419,22.3998563</coordinates></Point></MultiGeometry>
  </Placemark>
  <Placemark>
	<ExtendedData><SchemaData schemaUrl="#Transformar">
		<SimpleData name="full_id">n13480918047</SimpleData>
		<SimpleData name="osm_id">13480918047</SimpleData>
		<SimpleData name="osm_type">node</SimpleData>
		<SimpleData name="power">transformer</SimpleData>
	</SchemaData></ExtendedData>
      <MultiGeometry><Point><coordinates>72.1981728,22.4005465</coordinates></Point></MultiGeometry>
  </Placemark>
  <Placemark>
	<ExtendedData><SchemaData schemaUrl="#Transformar">
		<SimpleData name="full_id">n12501682172</SimpleData>
		<SimpleData name="osm_id">12501682172</SimpleData>
		<SimpleData name="osm_type">node</SimpleData>
		<SimpleData name="power">transformer</SimpleData>
	</SchemaData></ExtendedData>
      <MultiGeometry><Point><coordinates>70.7633943,22.4277564</coordinates></Point></MultiGeometry>
  </Placemark>
  <Placemark>
	<ExtendedData><SchemaData schemaUrl="#Transformar">
		<SimpleData name="full_id">n13480918048</SimpleData>
		<SimpleData name="osm_id">13480918048</SimpleData>
		<SimpleData name="osm_type">node</SimpleData>
		<SimpleData name="power">transformer</SimpleData>
	</SchemaData></ExtendedData>
      <MultiGeometry><Point><coordinates>72.1987576,22.3996067</coordinates></Point></MultiGeometry>
  </Placemark>
  <Placemark>
	<ExtendedData><SchemaData schemaUrl="#Transformar">
		<SimpleData name="full_id">n12481384617</SimpleData>
		<SimpleData name="osm_id">12481384617</SimpleData>
		<SimpleData name="osm_type">node</SimpleData>
		<SimpleData name="power">transformer</SimpleData>
	</SchemaData></ExtendedData>
      <MultiGeometry><Point><coordinates>71.9983431,24.138936</coordinates></Point></MultiGeometry>
  </Placemark>
  <Placemark>
	<ExtendedData><SchemaData schemaUrl="#Transformar">
		<SimpleData name="full_id">n12501682175</SimpleData>
		<SimpleData name="osm_id">12501682175</SimpleData>
		<SimpleData name="osm_type">node</SimpleData>
		<SimpleData name="power">transformer</SimpleData>
	</SchemaData></ExtendedData>
      <MultiGeometry><Point><coordinates>70.763713,22.4284634</coordinates></Point></MultiGeometry>
  </Placemark>
  <Placemark>
	<ExtendedData><SchemaData schemaUrl="#Transformar">
		<SimpleData name="full_id">n12481384618</SimpleData>
		<SimpleData name="osm_id">12481384618</SimpleData>
		<SimpleData name="osm_type">node</SimpleData>
		<SimpleData name="power">transformer</SimpleData>
	</SchemaData></ExtendedData>
      <MultiGeometry><Point><coordinates>71.9979032,24.138608</coordinates></Point></MultiGeometry>
  </Placemark>
  <Placemark>
	<ExtendedData><SchemaData schemaUrl="#Transformar">
		<SimpleData name="full_id">n12501682180</SimpleData>
		<SimpleData name="osm_id">12501682180</SimpleData>
		<SimpleData name="osm_type">node</SimpleData>
		<SimpleData name="power">transformer</SimpleData>
	</SchemaData></ExtendedData>
      <MultiGeometry><Point><coordinates>70.7642675,22.4296167</coordinates></Point></MultiGeometry>
  </Placemark>
  <Placemark>
	<ExtendedData><SchemaData schemaUrl="#Transformar">
		<SimpleData name="full_id">n12481384619</SimpleData>
		<SimpleData name="osm_id">12481384619</SimpleData>
		<SimpleData name="osm_type">node</SimpleData>
		<SimpleData name="power">transformer</SimpleData>
	</SchemaData></ExtendedData>
      <MultiGeometry><Point><coordinates>71.9974955,24.1382751</coordinates></Point></MultiGeometry>
  </Placemark>
  <Placemark>
	<ExtendedData><SchemaData schemaUrl="#Transformar">
		<SimpleData name="full_id">n12501682198</SimpleData>
		<SimpleData name="osm_id">12501682198</SimpleData>
		<SimpleData name="osm_type">node</SimpleData>
		<SimpleData name="power">transformer</SimpleData>
	</SchemaData></ExtendedData>
      <MultiGeometry><Point><coordinates>70.7625651,22.4301242</coordinates></Point></MultiGeometry>
  </Placemark>
  <Placemark>
	<ExtendedData><SchemaData schemaUrl="#Transformar">
		<SimpleData name="full_id">n12501682199</SimpleData>
		<SimpleData name="osm_id">12501682199</SimpleData>
		<SimpleData name="osm_type">node</SimpleData>
		<SimpleData name="power">transformer</SimpleData>
	</SchemaData></ExtendedData>
      <MultiGeometry><Point><coordinates>70.7627151,22.4304199</coordinates></Point></MultiGeometry>
  </Placemark>
  <Placemark>
	<ExtendedData><SchemaData schemaUrl="#Transformar">
		<SimpleData name="full_id">n12501682200</SimpleData>
		<SimpleData name="osm_id">12501682200</SimpleData>
		<SimpleData name="osm_type">node</SimpleData>
		<SimpleData name="power">transformer</SimpleData>
	</SchemaData></ExtendedData>
      <MultiGeometry><Point><coordinates>70.7624405,22.4298449</coordinates></Point></MultiGeometry>
  </Placemark>
  <Placemark>
	<ExtendedData><SchemaData schemaUrl="#Transformar">
		<SimpleData name="full_id">n12501862910</SimpleData>
		<SimpleData name="osm_id">12501862910</SimpleData>
		<SimpleData name="osm_type">node</SimpleData>
		<SimpleData name="power">transformer</SimpleData>
	</SchemaData></ExtendedData>
      <MultiGeometry><Point><coordinates>71.3076653,22.4819563</coordinates></Point></MultiGeometry>
  </Placemark>
  <Placemark>
	<ExtendedData><SchemaData schemaUrl="#Transformar">
		<SimpleData name="full_id">n13480726388</SimpleData>
		<SimpleData name="osm_id">13480726388</SimpleData>
		<SimpleData name="osm_type">node</SimpleData>
		<SimpleData name="power">transformer</SimpleData>
	</SchemaData></ExtendedData>
      <MultiGeometry><Point><coordinates>72.2514712,22.9607961</coordinates></Point></MultiGeometry>
  </Placemark>
  <Placemark>
	<ExtendedData><SchemaData schemaUrl="#Transformar">
		<SimpleData name="full_id">n13480901055</SimpleData>
		<SimpleData name="osm_id">13480901055</SimpleData>
		<SimpleData name="osm_type">node</SimpleData>
		<SimpleData name="power">transformer</SimpleData>
	</SchemaData></ExtendedData>
      <MultiGeometry><Point><coordinates>72.1981934,22.4003609</coordinates></Point></MultiGeometry>
  </Placemark>
  <Placemark>
	<ExtendedData><SchemaData schemaUrl="#Transformar">
		<SimpleData name="full_id">n13480901056</SimpleData>
		<SimpleData name="osm_id">13480901056</SimpleData>
		<SimpleData name="osm_type">node</SimpleData>
		<SimpleData name="power">transformer</SimpleData>
	</SchemaData></ExtendedData>
      <MultiGeometry><Point><coordinates>72.1982014,22.4000782</coordinates></Point></MultiGeometry>
  </Placemark>
  <Placemark>
	<ExtendedData><SchemaData schemaUrl="#Transformar">
		<SimpleData name="full_id">n13480901057</SimpleData>
		<SimpleData name="osm_id">13480901057</SimpleData>
		<SimpleData name="osm_type">node</SimpleData>
		<SimpleData name="power">transformer</SimpleData>
	</SchemaData></ExtendedData>
      <MultiGeometry><Point><coordinates>72.198711,22.4001104</coordinates></Point></MultiGeometry>
  </Placemark>
  <Placemark>
	<ExtendedData><SchemaData schemaUrl="#Transformar">
		<SimpleData name="full_id">n13480901058</SimpleData>
		<SimpleData name="osm_id">13480901058</SimpleData>
		<SimpleData name="osm_type">node</SimpleData>
		<SimpleData name="power">transformer</SimpleData>
	</SchemaData></ExtendedData>
      <MultiGeometry><Point><coordinates>72.198711,22.4003733</coordinates></Point></MultiGeometry>
  </Placemark>
  <Placemark>
	<ExtendedData><SchemaData schemaUrl="#Transformar">
		<SimpleData name="full_id">n12481815666</SimpleData>
		<SimpleData name="osm_id">12481815666</SimpleData>
		<SimpleData name="osm_type">node</SimpleData>
		<SimpleData name="power">transformer</SimpleData>
	</SchemaData></ExtendedData>
      <MultiGeometry><Point><coordinates>73.3771957,22.3173728</coordinates></Point></MultiGeometry>
  </Placemark>
  <Placemark>
	<ExtendedData><SchemaData schemaUrl="#Transformar">
		<SimpleData name="full_id">n13480713854</SimpleData>
		<SimpleData name="osm_id">13480713854</SimpleData>
		<SimpleData name="osm_type">node</SimpleData>
		<SimpleData name="power">transformer</SimpleData>
	</SchemaData></ExtendedData>
      <MultiGeometry><Point><coordinates>72.2503272,22.9605207</coordinates></Point></MultiGeometry>
  </Placemark>
  <Placemark>
	<ExtendedData><SchemaData schemaUrl="#Transformar">
		<SimpleData name="full_id">n12481815667</SimpleData>
		<SimpleData name="osm_id">12481815667</SimpleData>
		<SimpleData name="osm_type">node</SimpleData>
		<SimpleData name="power">transformer</SimpleData>
	</SchemaData></ExtendedData>
      <MultiGeometry><Point><coordinates>73.3777375,22.3174075</coordinates></Point></MultiGeometry>
  </Placemark>
  <Placemark>
	<ExtendedData><SchemaData schemaUrl="#Transformar">
		<SimpleData name="full_id">n13480713855</SimpleData>
		<SimpleData name="osm_id">13480713855</SimpleData>
		<SimpleData name="osm_type">node</SimpleData>
		<SimpleData name="power">transformer</SimpleData>
	</SchemaData></ExtendedData>
      <MultiGeometry><Point><coordinates>72.2503621,22.9603676</coordinates></Point></MultiGeometry>
  </Placemark>
  <Placemark>
	<ExtendedData><SchemaData schemaUrl="#Transformar">
		<SimpleData name="full_id">n12481815668</SimpleData>
		<SimpleData name="osm_id">12481815668</SimpleData>
		<SimpleData name="osm_type">node</SimpleData>
		<SimpleData name="power">transformer</SimpleData>
	</SchemaData></ExtendedData>
      <MultiGeometry><Point><coordinates>73.3784617,22.3174621</coordinates></Point></MultiGeometry>
  </Placemark>
  <Placemark>
	<ExtendedData><SchemaData schemaUrl="#Transformar">
		<SimpleData name="full_id">n13480726386</SimpleData>
		<SimpleData name="osm_id">13480726386</SimpleData>
		<SimpleData name="osm_type">node</SimpleData>
		<SimpleData name="power">transformer</SimpleData>
	</SchemaData></ExtendedData>
      <MultiGeometry><Point><coordinates>72.250924,22.9606479</coordinates></Point></MultiGeometry>
  </Placemark>
  <Placemark>
	<ExtendedData><SchemaData schemaUrl="#Transformar">
		<SimpleData name="full_id">n12481815682</SimpleData>
		<SimpleData name="osm_id">12481815682</SimpleData>
		<SimpleData name="osm_type">node</SimpleData>
		<SimpleData name="power">transformer</SimpleData>
	</SchemaData></ExtendedData>
      <MultiGeometry><Point><coordinates>73.3776087,22.3160825</coordinates></Point></MultiGeometry>
  </Placemark>
  <Placemark>
	<ExtendedData><SchemaData schemaUrl="#Transformar">
		<SimpleData name="full_id">n13480726387</SimpleData>
		<SimpleData name="osm_id">13480726387</SimpleData>
		<SimpleData name="osm_type">node</SimpleData>
		<SimpleData name="power">transformer</SimpleData>
	</SchemaData></ExtendedData>
      <MultiGeometry><Point><coordinates>72.2512029,22.960717</coordinates></Point></MultiGeometry>
  </Placemark>
  <Placemark>
	<ExtendedData><SchemaData schemaUrl="#Transformar">
		<SimpleData name="full_id">n12481815683</SimpleData>
		<SimpleData name="osm_id">12481815683</SimpleData>
		<SimpleData name="osm_type">node</SimpleData>
		<SimpleData name="power">transformer</SimpleData>
	</SchemaData></ExtendedData>
      <MultiGeometry><Point><coordinates>73.3776195,22.3158641</coordinates></Point></MultiGeometry>
  </Placemark>
  <Placemark>
	<ExtendedData><SchemaData schemaUrl="#Transformar">
		<SimpleData name="full_id">n12534382819</SimpleData>
		<SimpleData name="osm_id">12534382819</SimpleData>
		<SimpleData name="osm_type">node</SimpleData>
		<SimpleData name="power">transformer</SimpleData>
	</SchemaData></ExtendedData>
      <MultiGeometry><Point><coordinates>73.0278261,21.148196</coordinates></Point></MultiGeometry>
  </Placemark>
  <Placemark>
	<ExtendedData><SchemaData schemaUrl="#Transformar">
		<SimpleData name="full_id">n12534382820</SimpleData>
		<SimpleData name="osm_id">12534382820</SimpleData>
		<SimpleData name="osm_type">node</SimpleData>
		<SimpleData name="power">transformer</SimpleData>
	</SchemaData></ExtendedData>
      <MultiGeometry><Point><coordinates>73.0280138,21.1481085</coordinates></Point></MultiGeometry>
  </Placemark>
  <Placemark>
	<ExtendedData><SchemaData schemaUrl="#Transformar">
		<SimpleData name="full_id">n12481630396</SimpleData>
		<SimpleData name="osm_id">12481630396</SimpleData>
		<SimpleData name="osm_type">node</SimpleData>
		<SimpleData name="power">transformer</SimpleData>
	</SchemaData></ExtendedData>
      <MultiGeometry><Point><coordinates>69.1573797,23.3618504</coordinates></Point></MultiGeometry>
  </Placemark>
  <Placemark>
	<ExtendedData><SchemaData schemaUrl="#Transformar">
		<SimpleData name="full_id">n12481663808</SimpleData>
		<SimpleData name="osm_id">12481663808</SimpleData>
		<SimpleData name="osm_type">node</SimpleData>
		<SimpleData name="power">transformer</SimpleData>
	</SchemaData></ExtendedData>
      <MultiGeometry><Point><coordinates>69.1568808,23.3623231</coordinates></Point></MultiGeometry>
  </Placemark>
  <Placemark>
	<ExtendedData><SchemaData schemaUrl="#Transformar">
		<SimpleData name="full_id">n12534366516</SimpleData>
		<SimpleData name="osm_id">12534366516</SimpleData>
		<SimpleData name="osm_type">node</SimpleData>
		<SimpleData name="power">transformer</SimpleData>
	</SchemaData></ExtendedData>
      <MultiGeometry><Point><coordinates>73.3502407,21.2377244</coordinates></Point></MultiGeometry>
  </Placemark>
  <Placemark>
	<ExtendedData><SchemaData schemaUrl="#Transformar">
		<SimpleData name="full_id">n12481627164</SimpleData>
		<SimpleData name="osm_id">12481627164</SimpleData>
		<SimpleData name="osm_type">node</SimpleData>
		<SimpleData name="power">transformer</SimpleData>
	</SchemaData></ExtendedData>
      <MultiGeometry><Point><coordinates>69.5918284,23.4493689</coordinates></Point></MultiGeometry>
  </Placemark>
  <Placemark>
	<ExtendedData><SchemaData schemaUrl="#Transformar">
		<SimpleData name="full_id">n12534366517</SimpleData>
		<SimpleData name="osm_id">12534366517</SimpleData>
		<SimpleData name="osm_type">node</SimpleData>
		<SimpleData name="power">transformer</SimpleData>
	</SchemaData></ExtendedData>
      <MultiGeometry><Point><coordinates>73.3493717,21.2371494</coordinates></Point></MultiGeometry>
  </Placemark>
  <Placemark>
	<ExtendedData><SchemaData schemaUrl="#Transformar">
		<SimpleData name="full_id">n12481627184</SimpleData>
		<SimpleData name="osm_id">12481627184</SimpleData>
		<SimpleData name="osm_type">node</SimpleData>
		<SimpleData name="power">transformer</SimpleData>
	</SchemaData></ExtendedData>
      <MultiGeometry><Point><coordinates>69.592161,23.450454</coordinates></Point></MultiGeometry>
  </Placemark>
  <Placemark>
	<ExtendedData><SchemaData schemaUrl="#Transformar">
		<SimpleData name="full_id">n12534366518</SimpleData>
		<SimpleData name="osm_id">12534366518</SimpleData>
		<SimpleData name="osm_type">node</SimpleData>
		<SimpleData name="power">transformer</SimpleData>
	</SchemaData></ExtendedData>
      <MultiGeometry><Point><coordinates>73.3550794,21.2393594</coordinates></Point></MultiGeometry>
  </Placemark>
  <Placemark>
	<ExtendedData><SchemaData schemaUrl="#Transformar">
		<SimpleData name="full_id">n12481627193</SimpleData>
		<SimpleData name="osm_id">12481627193</SimpleData>
		<SimpleData name="osm_type">node</SimpleData>
		<SimpleData name="power">transformer</SimpleData>
	</SchemaData></ExtendedData>
      <MultiGeometry><Point><coordinates>69.5922414,23.4506607</coordinates></Point></MultiGeometry>
  </Placemark>
  <Placemark>
	<ExtendedData><SchemaData schemaUrl="#Transformar">
		<SimpleData name="full_id">n12534366526</SimpleData>
		<SimpleData name="osm_id">12534366526</SimpleData>
		<SimpleData name="osm_type">node</SimpleData>
		<SimpleData name="power">transformer</SimpleData>
	</SchemaData></ExtendedData>
      <MultiGeometry><Point><coordinates>73.3546664,21.2387444</coordinates></Point></MultiGeometry>
  </Placemark>
  <Placemark>
	<ExtendedData><SchemaData schemaUrl="#Transformar">
		<SimpleData name="full_id">n12481627263</SimpleData>
		<SimpleData name="osm_id">12481627263</SimpleData>
		<SimpleData name="osm_type">node</SimpleData>
		<SimpleData name="power">transformer</SimpleData>
	</SchemaData></ExtendedData>
      <MultiGeometry><Point><coordinates>69.5905794,23.4520423</coordinates></Point></MultiGeometry>
  </Placemark>
  <Placemark>
	<ExtendedData><SchemaData schemaUrl="#Transformar">
		<SimpleData name="full_id">n12534366527</SimpleData>
		<SimpleData name="osm_id">12534366527</SimpleData>
		<SimpleData name="osm_type">node</SimpleData>
		<SimpleData name="power">transformer</SimpleData>
	</SchemaData></ExtendedData>
      <MultiGeometry><Point><coordinates>73.3548327,21.2392094</coordinates></Point></MultiGeometry>
  </Placemark>
  <Placemark>
	<ExtendedData><SchemaData schemaUrl="#Transformar">
		<SimpleData name="full_id">n12481630344</SimpleData>
		<SimpleData name="osm_id">12481630344</SimpleData>
		<SimpleData name="osm_type">node</SimpleData>
		<SimpleData name="power">transformer</SimpleData>
	</SchemaData></ExtendedData>
      <MultiGeometry><Point><coordinates>69.1576855,23.3629362</coordinates></Point></MultiGeometry>
  </Placemark>
  <Placemark>
	<ExtendedData><SchemaData schemaUrl="#Transformar">
		<SimpleData name="full_id">n12534366531</SimpleData>
		<SimpleData name="osm_id">12534366531</SimpleData>
		<SimpleData name="osm_type">node</SimpleData>
		<SimpleData name="power">transformer</SimpleData>
	</SchemaData></ExtendedData>
      <MultiGeometry><Point><coordinates>73.3547763,21.2388069</coordinates></Point></MultiGeometry>
  </Placemark>
  <Placemark>
	<ExtendedData><SchemaData schemaUrl="#Transformar">
		<SimpleData name="full_id">n12481630345</SimpleData>
		<SimpleData name="osm_id">12481630345</SimpleData>
		<SimpleData name="osm_type">node</SimpleData>
		<SimpleData name="power">transformer</SimpleData>
	</SchemaData></ExtendedData>
      <MultiGeometry><Point><coordinates>69.1582058,23.3624487</coordinates></Point></MultiGeometry>
  </Placemark>
  <Placemark>
	<ExtendedData><SchemaData schemaUrl="#Transformar">
		<SimpleData name="full_id">n12534382817</SimpleData>
		<SimpleData name="osm_id">12534382817</SimpleData>
		<SimpleData name="osm_type">node</SimpleData>
		<SimpleData name="power">transformer</SimpleData>
	</SchemaData></ExtendedData>
      <MultiGeometry><Point><coordinates>73.0274694,21.1483486</coordinates></Point></MultiGeometry>
  </Placemark>
  <Placemark>
	<ExtendedData><SchemaData schemaUrl="#Transformar">
		<SimpleData name="full_id">n12481630385</SimpleData>
		<SimpleData name="osm_id">12481630385</SimpleData>
		<SimpleData name="osm_type">node</SimpleData>
		<SimpleData name="power">transformer</SimpleData>
	</SchemaData></ExtendedData>
      <MultiGeometry><Point><coordinates>69.1572188,23.3620178</coordinates></Point></MultiGeometry>
  </Placemark>
  <Placemark>
	<ExtendedData><SchemaData schemaUrl="#Transformar">
		<SimpleData name="full_id">n12534382818</SimpleData>
		<SimpleData name="osm_id">12534382818</SimpleData>
		<SimpleData name="osm_type">node</SimpleData>
		<SimpleData name="power">transformer</SimpleData>
	</SchemaData></ExtendedData>
      <MultiGeometry><Point><coordinates>73.0276437,21.1482811</coordinates></Point></MultiGeometry>
  </Placemark>
  <Placemark>
	<ExtendedData><SchemaData schemaUrl="#Transformar">
		<SimpleData name="full_id">n12481630387</SimpleData>
		<SimpleData name="osm_id">12481630387</SimpleData>
		<SimpleData name="osm_type">node</SimpleData>
		<SimpleData name="power">transformer</SimpleData>
	</SchemaData></ExtendedData>
      <MultiGeometry><Point><coordinates>69.1570551,23.3621705</coordinates></Point></MultiGeometry>
  </Placemark>
  <Placemark>
	<ExtendedData><SchemaData schemaUrl="#Transformar">
		<SimpleData name="full_id">n12481627113</SimpleData>
		<SimpleData name="osm_id">12481627113</SimpleData>
		<SimpleData name="osm_type">node</SimpleData>
		<SimpleData name="power">transformer</SimpleData>
	</SchemaData></ExtendedData>
      <MultiGeometry><Point><coordinates>69.5923273,23.4518394</coordinates></Point></MultiGeometry>
  </Placemark>
  <Placemark>
	<ExtendedData><SchemaData schemaUrl="#Transformar">
		<SimpleData name="full_id">n12481627114</SimpleData>
		<SimpleData name="osm_id">12481627114</SimpleData>
		<SimpleData name="osm_type">node</SimpleData>
		<SimpleData name="power">transformer</SimpleData>
	</SchemaData></ExtendedData>
      <MultiGeometry><Point><coordinates>69.5928637,23.4517016</coordinates></Point></MultiGeometry>
  </Placemark>
  <Placemark>
	<ExtendedData><SchemaData schemaUrl="#Transformar">
		<SimpleData name="full_id">n12481627158</SimpleData>
		<SimpleData name="osm_id">12481627158</SimpleData>
		<SimpleData name="osm_type">node</SimpleData>
		<SimpleData name="power">transformer</SimpleData>
	</SchemaData></ExtendedData>
      <MultiGeometry><Point><coordinates>69.5920885,23.4502079</coordinates></Point></MultiGeometry>
  </Placemark>
  <Placemark>
	<ExtendedData><SchemaData schemaUrl="#Transformar">
		<SimpleData name="full_id">n12481627159</SimpleData>
		<SimpleData name="osm_id">12481627159</SimpleData>
		<SimpleData name="osm_type">node</SimpleData>
		<SimpleData name="power">transformer</SimpleData>
	</SchemaData></ExtendedData>
      <MultiGeometry><Point><coordinates>69.5919517,23.4497699</coordinates></Point></MultiGeometry>
  </Placemark>
  <Placemark>
	<ExtendedData><SchemaData schemaUrl="#Transformar">
		<SimpleData name="full_id">n12481627160</SimpleData>
		<SimpleData name="osm_id">12481627160</SimpleData>
		<SimpleData name="osm_type">node</SimpleData>
		<SimpleData name="power">transformer</SimpleData>
	</SchemaData></ExtendedData>
      <MultiGeometry><Point><coordinates>69.5920242,23.4499939</coordinates></Point></MultiGeometry>
  </Placemark>
  <Placemark>
	<ExtendedData><SchemaData schemaUrl="#Transformar">
		<SimpleData name="full_id">n12481627161</SimpleData>
		<SimpleData name="osm_id">12481627161</SimpleData>
		<SimpleData name="osm_type">node</SimpleData>
		<SimpleData name="power">transformer</SimpleData>
	</SchemaData></ExtendedData>
      <MultiGeometry><Point><coordinates>69.5918981,23.4495879</coordinates></Point></MultiGeometry>
  </Placemark>
  <Placemark>
	<ExtendedData><SchemaData schemaUrl="#Transformar">
		<SimpleData name="full_id">n12481627162</SimpleData>
		<SimpleData name="osm_id">12481627162</SimpleData>
		<SimpleData name="osm_type">node</SimpleData>
		<SimpleData name="power">transformer</SimpleData>
	</SchemaData></ExtendedData>
      <MultiGeometry><Point><coordinates>69.5916943,23.4489235</coordinates></Point></MultiGeometry>
  </Placemark>
  <Placemark>
	<ExtendedData><SchemaData schemaUrl="#Transformar">
		<SimpleData name="full_id">n12481627163</SimpleData>
		<SimpleData name="osm_id">12481627163</SimpleData>
		<SimpleData name="osm_type">node</SimpleData>
		<SimpleData name="power">transformer</SimpleData>
	</SchemaData></ExtendedData>
      <MultiGeometry><Point><coordinates>69.5917694,23.4491695</coordinates></Point></MultiGeometry>
  </Placemark>
  <Placemark>
	<ExtendedData><SchemaData schemaUrl="#Transformar">
		<SimpleData name="full_id">n12535193127</SimpleData>
		<SimpleData name="osm_id">12535193127</SimpleData>
		<SimpleData name="osm_type">node</SimpleData>
		<SimpleData name="power">transformer</SimpleData>
	</SchemaData></ExtendedData>
      <MultiGeometry><Point><coordinates>73.1916636,22.215651</coordinates></Point></MultiGeometry>
  </Placemark>
  <Placemark>
	<ExtendedData><SchemaData schemaUrl="#Transformar">
		<SimpleData name="full_id">n12535193128</SimpleData>
		<SimpleData name="osm_id">12535193128</SimpleData>
		<SimpleData name="osm_type">node</SimpleData>
		<SimpleData name="power">transformer</SimpleData>
	</SchemaData></ExtendedData>
      <MultiGeometry><Point><coordinates>73.1919372,22.2156833</coordinates></Point></MultiGeometry>
  </Placemark>
  <Placemark>
	<ExtendedData><SchemaData schemaUrl="#Transformar">
		<SimpleData name="full_id">n12535193129</SimpleData>
		<SimpleData name="osm_id">12535193129</SimpleData>
		<SimpleData name="osm_type">node</SimpleData>
		<SimpleData name="power">transformer</SimpleData>
	</SchemaData></ExtendedData>
      <MultiGeometry><Point><coordinates>73.1906685,22.2155691</coordinates></Point></MultiGeometry>
  </Placemark>
  <Placemark>
	<ExtendedData><SchemaData schemaUrl="#Transformar">
		<SimpleData name="full_id">n12539671539</SimpleData>
		<SimpleData name="osm_id">12539671539</SimpleData>
		<SimpleData name="osm_type">node</SimpleData>
		<SimpleData name="power">transformer</SimpleData>
	</SchemaData></ExtendedData>
      <MultiGeometry><Point><coordinates>73.0311843,21.7535462</coordinates></Point></MultiGeometry>
  </Placemark>
  <Placemark>
	<ExtendedData><SchemaData schemaUrl="#Transformar">
		<SimpleData name="full_id">n12499299759</SimpleData>
		<SimpleData name="osm_id">12499299759</SimpleData>
		<SimpleData name="osm_type">node</SimpleData>
		<SimpleData name="power">transformer</SimpleData>
	</SchemaData></ExtendedData>
      <MultiGeometry><Point><coordinates>71.8387685,22.571506</coordinates></Point></MultiGeometry>
  </Placemark>
  <Placemark>
	<ExtendedData><SchemaData schemaUrl="#Transformar">
		<SimpleData name="full_id">n12539671540</SimpleData>
		<SimpleData name="osm_id">12539671540</SimpleData>
		<SimpleData name="osm_type">node</SimpleData>
		<SimpleData name="power">transformer</SimpleData>
	</SchemaData></ExtendedData>
      <MultiGeometry><Point><coordinates>73.0307659,21.7535288</coordinates></Point></MultiGeometry>
  </Placemark>
  <Placemark>
	<ExtendedData><SchemaData schemaUrl="#Transformar">
		<SimpleData name="full_id">n12499299760</SimpleData>
		<SimpleData name="osm_id">12499299760</SimpleData>
		<SimpleData name="osm_type">node</SimpleData>
		<SimpleData name="power">transformer</SimpleData>
	</SchemaData></ExtendedData>
      <MultiGeometry><Point><coordinates>71.8404797,22.5715308</coordinates></Point></MultiGeometry>
  </Placemark>
  <Placemark>
	<ExtendedData><SchemaData schemaUrl="#Transformar">
		<SimpleData name="full_id">n12539671541</SimpleData>
		<SimpleData name="osm_id">12539671541</SimpleData>
		<SimpleData name="osm_type">node</SimpleData>
		<SimpleData name="power">transformer</SimpleData>
	</SchemaData></ExtendedData>
      <MultiGeometry><Point><coordinates>73.0316,21.7535736</coordinates></Point></MultiGeometry>
  </Placemark>
  <Placemark>
	<ExtendedData><SchemaData schemaUrl="#Transformar">
		<SimpleData name="full_id">n12499299761</SimpleData>
		<SimpleData name="osm_id">12499299761</SimpleData>
		<SimpleData name="osm_type">node</SimpleData>
		<SimpleData name="power">transformer</SimpleData>
	</SchemaData></ExtendedData>
      <MultiGeometry><Point><coordinates>71.8396644,22.5715159</coordinates></Point></MultiGeometry>
  </Placemark>
  <Placemark>
	<ExtendedData><SchemaData schemaUrl="#Transformar">
		<SimpleData name="full_id">n12499324699</SimpleData>
		<SimpleData name="osm_id">12499324699</SimpleData>
		<SimpleData name="osm_type">node</SimpleData>
		<SimpleData name="power">transformer</SimpleData>
	</SchemaData></ExtendedData>
      <MultiGeometry><Point><coordinates>72.7824499,22.5381108</coordinates></Point></MultiGeometry>
  </Placemark>
  <Placemark>
	<ExtendedData><SchemaData schemaUrl="#Transformar">
		<SimpleData name="full_id">n12499324700</SimpleData>
		<SimpleData name="osm_id">12499324700</SimpleData>
		<SimpleData name="osm_type">node</SimpleData>
		<SimpleData name="power">transformer</SimpleData>
	</SchemaData></ExtendedData>
      <MultiGeometry><Point><coordinates>72.7808728,22.5377541</coordinates></Point></MultiGeometry>
  </Placemark>
  <Placemark>
	<ExtendedData><SchemaData schemaUrl="#Transformar">
		<SimpleData name="full_id">n12499324801</SimpleData>
		<SimpleData name="osm_id">12499324801</SimpleData>
		<SimpleData name="osm_type">node</SimpleData>
		<SimpleData name="power">transformer</SimpleData>
	</SchemaData></ExtendedData>
      <MultiGeometry><Point><coordinates>72.7803471,22.5376104</coordinates></Point></MultiGeometry>
  </Placemark>
  <Placemark>
	<ExtendedData><SchemaData schemaUrl="#Transformar">
		<SimpleData name="full_id">n12539628430</SimpleData>
		<SimpleData name="osm_id">12539628430</SimpleData>
		<SimpleData name="osm_type">node</SimpleData>
		<SimpleData name="power">transformer</SimpleData>
	</SchemaData></ExtendedData>
      <MultiGeometry><Point><coordinates>73.111165,21.8237727</coordinates></Point></MultiGeometry>
  </Placemark>
  <Placemark>
	<ExtendedData><SchemaData schemaUrl="#Transformar">
		<SimpleData name="full_id">n12539657027</SimpleData>
		<SimpleData name="osm_id">12539657027</SimpleData>
		<SimpleData name="osm_type">node</SimpleData>
		<SimpleData name="power">transformer</SimpleData>
	</SchemaData></ExtendedData>
      <MultiGeometry><Point><coordinates>73.1450498,21.6613702</coordinates></Point></MultiGeometry>
  </Placemark>
  <Placemark>
	<ExtendedData><SchemaData schemaUrl="#Transformar">
		<SimpleData name="full_id">n12539657028</SimpleData>
		<SimpleData name="osm_id">12539657028</SimpleData>
		<SimpleData name="osm_type">node</SimpleData>
		<SimpleData name="power">transformer</SimpleData>
	</SchemaData></ExtendedData>
      <MultiGeometry><Point><coordinates>73.1454735,21.6612804</coordinates></Point></MultiGeometry>
  </Placemark>
  <Placemark>
	<ExtendedData><SchemaData schemaUrl="#Transformar">
		<SimpleData name="full_id">n12539657029</SimpleData>
		<SimpleData name="osm_id">12539657029</SimpleData>
		<SimpleData name="osm_type">node</SimpleData>
		<SimpleData name="power">transformer</SimpleData>
	</SchemaData></ExtendedData>
      <MultiGeometry><Point><coordinates>73.1441057,21.6615616</coordinates></Point></MultiGeometry>
  </Placemark>
  <Placemark>
	<ExtendedData><SchemaData schemaUrl="#Transformar">
		<SimpleData name="full_id">n12539657030</SimpleData>
		<SimpleData name="osm_id">12539657030</SimpleData>
		<SimpleData name="osm_type">node</SimpleData>
		<SimpleData name="power">transformer</SimpleData>
	</SchemaData></ExtendedData>
      <MultiGeometry><Point><coordinates>73.1435598,21.6616704</coordinates></Point></MultiGeometry>
  </Placemark>
  <Placemark>
	<ExtendedData><SchemaData schemaUrl="#Transformar">
		<SimpleData name="full_id">n12539671537</SimpleData>
		<SimpleData name="osm_id">12539671537</SimpleData>
		<SimpleData name="osm_type">node</SimpleData>
		<SimpleData name="power">transformer</SimpleData>
	</SchemaData></ExtendedData>
      <MultiGeometry><Point><coordinates>73.0292182,21.753454</coordinates></Point></MultiGeometry>
  </Placemark>
  <Placemark>
	<ExtendedData><SchemaData schemaUrl="#Transformar">
		<SimpleData name="full_id">n13478123396</SimpleData>
		<SimpleData name="osm_id">13478123396</SimpleData>
		<SimpleData name="osm_type">node</SimpleData>
		<SimpleData name="power">transformer</SimpleData>
	</SchemaData></ExtendedData>
      <MultiGeometry><Point><coordinates>72.1785645,22.9801357</coordinates></Point></MultiGeometry>
  </Placemark>
  <Placemark>
	<ExtendedData><SchemaData schemaUrl="#Transformar">
		<SimpleData name="full_id">n12539671538</SimpleData>
		<SimpleData name="osm_id">12539671538</SimpleData>
		<SimpleData name="osm_type">node</SimpleData>
		<SimpleData name="power">transformer</SimpleData>
	</SchemaData></ExtendedData>
      <MultiGeometry><Point><coordinates>73.0296232,21.7534715</coordinates></Point></MultiGeometry>
  </Placemark>
  <Placemark>
	<ExtendedData><SchemaData schemaUrl="#Transformar">
		<SimpleData name="full_id">n13478123397</SimpleData>
		<SimpleData name="osm_id">13478123397</SimpleData>
		<SimpleData name="osm_type">node</SimpleData>
		<SimpleData name="power">transformer</SimpleData>
	</SchemaData></ExtendedData>
      <MultiGeometry><Point><coordinates>72.179611,22.9802247</coordinates></Point></MultiGeometry>
  </Placemark>
  <Placemark>
	<ExtendedData><SchemaData schemaUrl="#Transformar">
		<SimpleData name="full_id">n12539577037</SimpleData>
		<SimpleData name="osm_id">12539577037</SimpleData>
		<SimpleData name="osm_type">node</SimpleData>
		<SimpleData name="power">transformer</SimpleData>
	</SchemaData></ExtendedData>
      <MultiGeometry><Point><coordinates>72.6744849,23.1088777</coordinates></Point></MultiGeometry>
  </Placemark>
  <Placemark>
	<ExtendedData><SchemaData schemaUrl="#Transformar">
		<SimpleData name="full_id">n12539577038</SimpleData>
		<SimpleData name="osm_id">12539577038</SimpleData>
		<SimpleData name="osm_type">node</SimpleData>
		<SimpleData name="power">transformer</SimpleData>
	</SchemaData></ExtendedData>
      <MultiGeometry><Point><coordinates>72.6743698,23.1086292</coordinates></Point></MultiGeometry>
  </Placemark>
  <Placemark>
	<ExtendedData><SchemaData schemaUrl="#Transformar">
		<SimpleData name="full_id">n12539577043</SimpleData>
		<SimpleData name="osm_id">12539577043</SimpleData>
		<SimpleData name="osm_type">node</SimpleData>
		<SimpleData name="power">transformer</SimpleData>
	</SchemaData></ExtendedData>
      <MultiGeometry><Point><coordinates>72.6734455,23.10847</coordinates></Point></MultiGeometry>
  </Placemark>
  <Placemark>
	<ExtendedData><SchemaData schemaUrl="#Transformar">
		<SimpleData name="full_id">n12539577044</SimpleData>
		<SimpleData name="osm_id">12539577044</SimpleData>
		<SimpleData name="osm_type">node</SimpleData>
		<SimpleData name="power">transformer</SimpleData>
	</SchemaData></ExtendedData>
      <MultiGeometry><Point><coordinates>72.6733999,23.1083574</coordinates></Point></MultiGeometry>
  </Placemark>
  <Placemark>
	<ExtendedData><SchemaData schemaUrl="#Transformar">
		<SimpleData name="full_id">n12539628429</SimpleData>
		<SimpleData name="osm_id">12539628429</SimpleData>
		<SimpleData name="osm_type">node</SimpleData>
		<SimpleData name="power">transformer</SimpleData>
	</SchemaData></ExtendedData>
      <MultiGeometry><Point><coordinates>73.111436,21.8231527</coordinates></Point></MultiGeometry>
  </Placemark>
  <Placemark>
	<ExtendedData><SchemaData schemaUrl="#Transformar">
		<SimpleData name="full_id">n12500833325</SimpleData>
		<SimpleData name="osm_id">12500833325</SimpleData>
		<SimpleData name="osm_type">node</SimpleData>
		<SimpleData name="power">transformer</SimpleData>
	</SchemaData></ExtendedData>
      <MultiGeometry><Point><coordinates>72.8331474,23.1319031</coordinates></Point></MultiGeometry>
  </Placemark>
  <Placemark>
	<ExtendedData><SchemaData schemaUrl="#Transformar">
		<SimpleData name="full_id">n12500833326</SimpleData>
		<SimpleData name="osm_id">12500833326</SimpleData>
		<SimpleData name="osm_type">node</SimpleData>
		<SimpleData name="power">transformer</SimpleData>
	</SchemaData></ExtendedData>
      <MultiGeometry><Point><coordinates>72.8334861,23.1308529</coordinates></Point></MultiGeometry>
  </Placemark>
  <Placemark>
	<ExtendedData><SchemaData schemaUrl="#Transformar">
		<SimpleData name="full_id">n12500833327</SimpleData>
		<SimpleData name="osm_id">12500833327</SimpleData>
		<SimpleData name="osm_type">node</SimpleData>
		<SimpleData name="power">transformer</SimpleData>
	</SchemaData></ExtendedData>
      <MultiGeometry><Point><coordinates>72.83359,23.1305715</coordinates></Point></MultiGeometry>
  </Placemark>
  <Placemark>
	<ExtendedData><SchemaData schemaUrl="#Transformar">
		<SimpleData name="full_id">n13478123395</SimpleData>
		<SimpleData name="osm_id">13478123395</SimpleData>
		<SimpleData name="osm_type">node</SimpleData>
		<SimpleData name="power">transformer</SimpleData>
	</SchemaData></ExtendedData>
      <MultiGeometry><Point><coordinates>72.1790529,22.9801555</coordinates></Point></MultiGeometry>
  </Placemark>
  <Placemark>
	<ExtendedData><SchemaData schemaUrl="#Transformar">
		<SimpleData name="full_id">n12539577036</SimpleData>
		<SimpleData name="osm_id">12539577036</SimpleData>
		<SimpleData name="osm_type">node</SimpleData>
		<SimpleData name="power">transformer</SimpleData>
	</SchemaData></ExtendedData>
      <MultiGeometry><Point><coordinates>72.6746456,23.1092476</coordinates></Point></MultiGeometry>
  </Placemark>
  <Placemark>
	<ExtendedData><SchemaData schemaUrl="#Transformar">
		<SimpleData name="full_id">n12539777350</SimpleData>
		<SimpleData name="osm_id">12539777350</SimpleData>
		<SimpleData name="osm_type">node</SimpleData>
		<SimpleData name="power">transformer</SimpleData>
	</SchemaData></ExtendedData>
      <MultiGeometry><Point><coordinates>72.970714,21.2291672</coordinates></Point></MultiGeometry>
  </Placemark>
  <Placemark>
	<ExtendedData><SchemaData schemaUrl="#Transformar">
		<SimpleData name="full_id">n12539777351</SimpleData>
		<SimpleData name="osm_id">12539777351</SimpleData>
		<SimpleData name="osm_type">node</SimpleData>
		<SimpleData name="power">transformer</SimpleData>
	</SchemaData></ExtendedData>
      <MultiGeometry><Point><coordinates>72.9709877,21.2291747</coordinates></Point></MultiGeometry>
  </Placemark>
  <Placemark>
	<ExtendedData><SchemaData schemaUrl="#Transformar">
		<SimpleData name="full_id">n12539777352</SimpleData>
		<SimpleData name="osm_id">12539777352</SimpleData>
		<SimpleData name="osm_type">node</SimpleData>
		<SimpleData name="power">transformer</SimpleData>
	</SchemaData></ExtendedData>
      <MultiGeometry><Point><coordinates>72.9712588,21.2291847</coordinates></Point></MultiGeometry>
  </Placemark>
  <Placemark>
	<ExtendedData><SchemaData schemaUrl="#Transformar">
		<SimpleData name="full_id">n12539777358</SimpleData>
		<SimpleData name="osm_id">12539777358</SimpleData>
		<SimpleData name="osm_type">node</SimpleData>
		<SimpleData name="power">transformer</SimpleData>
	</SchemaData></ExtendedData>
      <MultiGeometry><Point><coordinates>72.970298,21.230408</coordinates></Point></MultiGeometry>
  </Placemark>
  <Placemark>
	<ExtendedData><SchemaData schemaUrl="#Transformar">
		<SimpleData name="full_id">n12539764259</SimpleData>
		<SimpleData name="osm_id">12539764259</SimpleData>
		<SimpleData name="osm_type">node</SimpleData>
		<SimpleData name="power">transformer</SimpleData>
	</SchemaData></ExtendedData>
      <MultiGeometry><Point><coordinates>73.0722924,21.5173576</coordinates></Point></MultiGeometry>
  </Placemark>
  <Placemark>
	<ExtendedData><SchemaData schemaUrl="#Transformar">
		<SimpleData name="full_id">n12539764265</SimpleData>
		<SimpleData name="osm_id">12539764265</SimpleData>
		<SimpleData name="osm_type">node</SimpleData>
		<SimpleData name="power">transformer</SimpleData>
	</SchemaData></ExtendedData>
      <MultiGeometry><Point><coordinates>73.0721434,21.517296</coordinates></Point></MultiGeometry>
  </Placemark>
  <Placemark>
	<ExtendedData><SchemaData schemaUrl="#Transformar">
		<SimpleData name="full_id">n12539746785</SimpleData>
		<SimpleData name="osm_id">12539746785</SimpleData>
		<SimpleData name="osm_type">node</SimpleData>
		<SimpleData name="power">transformer</SimpleData>
	</SchemaData></ExtendedData>
      <MultiGeometry><Point><coordinates>73.5535756,21.2112409</coordinates></Point></MultiGeometry>
  </Placemark>
  <Placemark>
	<ExtendedData><SchemaData schemaUrl="#Transformar">
		<SimpleData name="full_id">n12500866193</SimpleData>
		<SimpleData name="osm_id">12500866193</SimpleData>
		<SimpleData name="osm_type">node</SimpleData>
		<SimpleData name="power">transformer</SimpleData>
	</SchemaData></ExtendedData>
      <MultiGeometry><Point><coordinates>73.3639064,22.8817958</coordinates></Point></MultiGeometry>
  </Placemark>
  <Placemark>
	<ExtendedData><SchemaData schemaUrl="#Transformar">
		<SimpleData name="full_id">n12539746786</SimpleData>
		<SimpleData name="osm_id">12539746786</SimpleData>
		<SimpleData name="osm_type">node</SimpleData>
		<SimpleData name="power">transformer</SimpleData>
	</SchemaData></ExtendedData>
      <MultiGeometry><Point><coordinates>73.5533739,21.2111164</coordinates></Point></MultiGeometry>
  </Placemark>
  <Placemark>
	<ExtendedData><SchemaData schemaUrl="#Transformar">
		<SimpleData name="full_id">n12539746787</SimpleData>
		<SimpleData name="osm_id">12539746787</SimpleData>
		<SimpleData name="osm_type">node</SimpleData>
		<SimpleData name="power">transformer</SimpleData>
	</SchemaData></ExtendedData>
      <MultiGeometry><Point><coordinates>73.5600794,21.2118203</coordinates></Point></MultiGeometry>
  </Placemark>
  <Placemark>
	<ExtendedData><SchemaData schemaUrl="#Transformar">
		<SimpleData name="full_id">n12539764243</SimpleData>
		<SimpleData name="osm_id">12539764243</SimpleData>
		<SimpleData name="osm_type">node</SimpleData>
		<SimpleData name="power">transformer</SimpleData>
	</SchemaData></ExtendedData>
      <MultiGeometry><Point><coordinates>73.0742772,21.519249</coordinates></Point></MultiGeometry>
  </Placemark>
  <Placemark>
	<ExtendedData><SchemaData schemaUrl="#Transformar">
		<SimpleData name="full_id">n12539764244</SimpleData>
		<SimpleData name="osm_id">12539764244</SimpleData>
		<SimpleData name="osm_type">node</SimpleData>
		<SimpleData name="power">transformer</SimpleData>
	</SchemaData></ExtendedData>
      <MultiGeometry><Point><coordinates>73.0745133,21.5193289</coordinates></Point></MultiGeometry>
  </Placemark>
  <Placemark>
	<ExtendedData><SchemaData schemaUrl="#Transformar">
		<SimpleData name="full_id">n12539764245</SimpleData>
		<SimpleData name="osm_id">12539764245</SimpleData>
		<SimpleData name="osm_type">node</SimpleData>
		<SimpleData name="power">transformer</SimpleData>
	</SchemaData></ExtendedData>
      <MultiGeometry><Point><coordinates>73.0737998,21.5190594</coordinates></Point></MultiGeometry>
  </Placemark>
  <Placemark>
	<ExtendedData><SchemaData schemaUrl="#Transformar">
		<SimpleData name="full_id">n12539764246</SimpleData>
		<SimpleData name="osm_id">12539764246</SimpleData>
		<SimpleData name="osm_type">node</SimpleData>
		<SimpleData name="power">transformer</SimpleData>
	</SchemaData></ExtendedData>
      <MultiGeometry><Point><coordinates>73.0735477,21.5189746</coordinates></Point></MultiGeometry>
  </Placemark>
  <Placemark>
	<ExtendedData><SchemaData schemaUrl="#Transformar">
		<SimpleData name="full_id">n12539764247</SimpleData>
		<SimpleData name="osm_id">12539764247</SimpleData>
		<SimpleData name="osm_type">node</SimpleData>
		<SimpleData name="power">transformer</SimpleData>
	</SchemaData></ExtendedData>
      <MultiGeometry><Point><coordinates>73.0733009,21.5188797</coordinates></Point></MultiGeometry>
  </Placemark>
  <Placemark>
	<ExtendedData><SchemaData schemaUrl="#Transformar">
		<SimpleData name="full_id">n12500865521</SimpleData>
		<SimpleData name="osm_id">12500865521</SimpleData>
		<SimpleData name="osm_type">node</SimpleData>
		<SimpleData name="power">transformer</SimpleData>
	</SchemaData></ExtendedData>
      <MultiGeometry><Point><coordinates>73.3580486,22.8750703</coordinates></Point></MultiGeometry>
  </Placemark>
  <Placemark>
	<ExtendedData><SchemaData schemaUrl="#Transformar">
		<SimpleData name="full_id">n12539746775</SimpleData>
		<SimpleData name="osm_id">12539746775</SimpleData>
		<SimpleData name="osm_type">node</SimpleData>
		<SimpleData name="power">transformer</SimpleData>
	</SchemaData></ExtendedData>
      <MultiGeometry><Point><coordinates>73.5570298,21.2113327</coordinates></Point></MultiGeometry>
  </Placemark>
  <Placemark>
	<ExtendedData><SchemaData schemaUrl="#Transformar">
		<SimpleData name="full_id">n12539746777</SimpleData>
		<SimpleData name="osm_id">12539746777</SimpleData>
		<SimpleData name="osm_type">node</SimpleData>
		<SimpleData name="power">transformer</SimpleData>
	</SchemaData></ExtendedData>
      <MultiGeometry><Point><coordinates>73.5564343,21.2109776</coordinates></Point></MultiGeometry>
  </Placemark>
  <Placemark>
	<ExtendedData><SchemaData schemaUrl="#Transformar">
		<SimpleData name="full_id">n12539746779</SimpleData>
		<SimpleData name="osm_id">12539746779</SimpleData>
		<SimpleData name="osm_type">node</SimpleData>
		<SimpleData name="power">transformer</SimpleData>
	</SchemaData></ExtendedData>
      <MultiGeometry><Point><coordinates>73.5557986,21.2106076</coordinates></Point></MultiGeometry>
  </Placemark>
  <Placemark>
	<ExtendedData><SchemaData schemaUrl="#Transformar">
		<SimpleData name="full_id">n12500866191</SimpleData>
		<SimpleData name="osm_id">12500866191</SimpleData>
		<SimpleData name="osm_type">node</SimpleData>
		<SimpleData name="power">transformer</SimpleData>
	</SchemaData></ExtendedData>
      <MultiGeometry><Point><coordinates>73.3641882,22.8821173</coordinates></Point></MultiGeometry>
  </Placemark>
  <Placemark>
	<ExtendedData><SchemaData schemaUrl="#Transformar">
		<SimpleData name="full_id">n12500865498</SimpleData>
		<SimpleData name="osm_id">12500865498</SimpleData>
		<SimpleData name="osm_type">node</SimpleData>
		<SimpleData name="power">transformer</SimpleData>
	</SchemaData></ExtendedData>
      <MultiGeometry><Point><coordinates>73.3589284,22.8760013</coordinates></Point></MultiGeometry>
  </Placemark>
  <Placemark>
	<ExtendedData><SchemaData schemaUrl="#Transformar">
		<SimpleData name="full_id">n12500865509</SimpleData>
		<SimpleData name="osm_id">12500865509</SimpleData>
		<SimpleData name="osm_type">node</SimpleData>
		<SimpleData name="power">transformer</SimpleData>
	</SchemaData></ExtendedData>
      <MultiGeometry><Point><coordinates>73.3563454,22.8730828</coordinates></Point></MultiGeometry>
  </Placemark>
  <Placemark>
	<ExtendedData><SchemaData schemaUrl="#Transformar">
		<SimpleData name="full_id">n12500865512</SimpleData>
		<SimpleData name="osm_id">12500865512</SimpleData>
		<SimpleData name="osm_type">node</SimpleData>
		<SimpleData name="power">transformer</SimpleData>
	</SchemaData></ExtendedData>
      <MultiGeometry><Point><coordinates>73.3567612,22.8735548</coordinates></Point></MultiGeometry>
  </Placemark>
  <Placemark>
	<ExtendedData><SchemaData schemaUrl="#Transformar">
		<SimpleData name="full_id">n12500865515</SimpleData>
		<SimpleData name="osm_id">12500865515</SimpleData>
		<SimpleData name="osm_type">node</SimpleData>
		<SimpleData name="power">transformer</SimpleData>
	</SchemaData></ExtendedData>
      <MultiGeometry><Point><coordinates>73.357185,22.8740194</coordinates></Point></MultiGeometry>
  </Placemark>
  <Placemark>
	<ExtendedData><SchemaData schemaUrl="#Transformar">
		<SimpleData name="full_id">n12500865518</SimpleData>
		<SimpleData name="osm_id">12500865518</SimpleData>
		<SimpleData name="osm_type">node</SimpleData>
		<SimpleData name="power">transformer</SimpleData>
	</SchemaData></ExtendedData>
      <MultiGeometry><Point><coordinates>73.3584671,22.8755399</coordinates></Point></MultiGeometry>
  </Placemark>
  <Placemark>
	<ExtendedData><SchemaData schemaUrl="#Transformar">
		<SimpleData name="full_id">n12539800455</SimpleData>
		<SimpleData name="osm_id">12539800455</SimpleData>
		<SimpleData name="osm_type">node</SimpleData>
		<SimpleData name="power">transformer</SimpleData>
	</SchemaData></ExtendedData>
      <MultiGeometry><Point><coordinates>72.9864053,21.3424202</coordinates></Point></MultiGeometry>
  </Placemark>
  <Placemark>
	<ExtendedData><SchemaData schemaUrl="#Transformar">
		<SimpleData name="full_id">n12539800456</SimpleData>
		<SimpleData name="osm_id">12539800456</SimpleData>
		<SimpleData name="osm_type">node</SimpleData>
		<SimpleData name="power">transformer</SimpleData>
	</SchemaData></ExtendedData>
      <MultiGeometry><Point><coordinates>72.9864991,21.342655</coordinates></Point></MultiGeometry>
  </Placemark>
  <Placemark>
	<ExtendedData><SchemaData schemaUrl="#Transformar">
		<SimpleData name="full_id">n12539800457</SimpleData>
		<SimpleData name="osm_id">12539800457</SimpleData>
		<SimpleData name="osm_type">node</SimpleData>
		<SimpleData name="power">transformer</SimpleData>
	</SchemaData></ExtendedData>
      <MultiGeometry><Point><coordinates>72.9866064,21.3428798</coordinates></Point></MultiGeometry>
  </Placemark>
  <Placemark>
	<ExtendedData><SchemaData schemaUrl="#Transformar">
		<SimpleData name="full_id">n1601018926</SimpleData>
		<SimpleData name="osm_id">1601018926</SimpleData>
		<SimpleData name="osm_type">node</SimpleData>
		<SimpleData name="power">transformer</SimpleData>
	</SchemaData></ExtendedData>
      <MultiGeometry><Point><coordinates>72.9880328,21.3396406</coordinates></Point></MultiGeometry>
  </Placemark>
  <Placemark>
	<ExtendedData><SchemaData schemaUrl="#Transformar">
		<SimpleData name="full_id">n1601019044</SimpleData>
		<SimpleData name="osm_id">1601019044</SimpleData>
		<SimpleData name="osm_type">node</SimpleData>
		<SimpleData name="power">transformer</SimpleData>
	</SchemaData></ExtendedData>
      <MultiGeometry><Point><coordinates>72.9882576,21.3402554</coordinates></Point></MultiGeometry>
  </Placemark>
  <Placemark>
	<ExtendedData><SchemaData schemaUrl="#Transformar">
		<SimpleData name="full_id">n1601019134</SimpleData>
		<SimpleData name="osm_id">1601019134</SimpleData>
		<SimpleData name="osm_type">node</SimpleData>
		<SimpleData name="power">transformer</SimpleData>
	</SchemaData></ExtendedData>
      <MultiGeometry><Point><coordinates>72.9884919,21.3408679</coordinates></Point></MultiGeometry>
  </Placemark>
  <Placemark>
	<ExtendedData><SchemaData schemaUrl="#Transformar">
		<SimpleData name="full_id">n12539777359</SimpleData>
		<SimpleData name="osm_id">12539777359</SimpleData>
		<SimpleData name="osm_type">node</SimpleData>
		<SimpleData name="power">transformer</SimpleData>
	</SchemaData></ExtendedData>
      <MultiGeometry><Point><coordinates>72.9702819,21.2308133</coordinates></Point></MultiGeometry>
  </Placemark>
  <Placemark>
	<ExtendedData><SchemaData schemaUrl="#Transformar">
		<SimpleData name="full_id">n13174128591</SimpleData>
		<SimpleData name="osm_id">13174128591</SimpleData>
		<SimpleData name="osm_type">node</SimpleData>
		<SimpleData name="power">transformer</SimpleData>
	</SchemaData></ExtendedData>
      <MultiGeometry><Point><coordinates>71.215744,23.8962126</coordinates></Point></MultiGeometry>
  </Placemark>
  <Placemark>
	<ExtendedData><SchemaData schemaUrl="#Transformar">
		<SimpleData name="full_id">n12539777360</SimpleData>
		<SimpleData name="osm_id">12539777360</SimpleData>
		<SimpleData name="osm_type">node</SimpleData>
		<SimpleData name="power">transformer</SimpleData>
	</SchemaData></ExtendedData>
      <MultiGeometry><Point><coordinates>72.9702631,21.231071</coordinates></Point></MultiGeometry>
  </Placemark>
  <Placemark>
	<ExtendedData><SchemaData schemaUrl="#Transformar">
		<SimpleData name="full_id">n13174128592</SimpleData>
		<SimpleData name="osm_id">13174128592</SimpleData>
		<SimpleData name="osm_type">node</SimpleData>
		<SimpleData name="power">transformer</SimpleData>
	</SchemaData></ExtendedData>
      <MultiGeometry><Point><coordinates>71.2152074,23.8962225</coordinates></Point></MultiGeometry>
  </Placemark>
  <Placemark>
	<ExtendedData><SchemaData schemaUrl="#Transformar">
		<SimpleData name="full_id">n12539777361</SimpleData>
		<SimpleData name="osm_id">12539777361</SimpleData>
		<SimpleData name="osm_type">node</SimpleData>
		<SimpleData name="power">transformer</SimpleData>
	</SchemaData></ExtendedData>
      <MultiGeometry><Point><coordinates>72.9701799,21.2322742</coordinates></Point></MultiGeometry>
  </Placemark>
  <Placemark>
	<ExtendedData><SchemaData schemaUrl="#Transformar">
		<SimpleData name="full_id">n13174128593</SimpleData>
		<SimpleData name="osm_id">13174128593</SimpleData>
		<SimpleData name="osm_type">node</SimpleData>
		<SimpleData name="power">transformer</SimpleData>
	</SchemaData></ExtendedData>
      <MultiGeometry><Point><coordinates>71.2146831,23.8962347</coordinates></Point></MultiGeometry>
  </Placemark>
  <Placemark>
	<ExtendedData><SchemaData schemaUrl="#Transformar">
		<SimpleData name="full_id">n13174156861</SimpleData>
		<SimpleData name="osm_id">13174156861</SimpleData>
		<SimpleData name="osm_type">node</SimpleData>
		<SimpleData name="power">transformer</SimpleData>
	</SchemaData></ExtendedData>
      <MultiGeometry><Point><coordinates>71.2566564,23.8238403</coordinates></Point></MultiGeometry>
  </Placemark>
  <Placemark>
	<ExtendedData><SchemaData schemaUrl="#Transformar">
		<SimpleData name="full_id">n12539821564</SimpleData>
		<SimpleData name="osm_id">12539821564</SimpleData>
		<SimpleData name="osm_type">node</SimpleData>
		<SimpleData name="power">transformer</SimpleData>
	</SchemaData></ExtendedData>
      <MultiGeometry><Point><coordinates>72.5542209,22.9663552</coordinates></Point></MultiGeometry>
  </Placemark>
  <Placemark>
	<ExtendedData><SchemaData schemaUrl="#Transformar">
		<SimpleData name="full_id">n13174128586</SimpleData>
		<SimpleData name="osm_id">13174128586</SimpleData>
		<SimpleData name="osm_type">node</SimpleData>
		<SimpleData name="power">transformer</SimpleData>
	</SchemaData></ExtendedData>
      <MultiGeometry><Point><coordinates>71.2164479,23.896198</coordinates></Point></MultiGeometry>
  </Placemark>
  <Placemark>
	<ExtendedData><SchemaData schemaUrl="#Transformar">
		<SimpleData name="full_id">n12539821572</SimpleData>
		<SimpleData name="osm_id">12539821572</SimpleData>
		<SimpleData name="osm_type">node</SimpleData>
		<SimpleData name="power">transformer</SimpleData>
	</SchemaData></ExtendedData>
      <MultiGeometry><Point><coordinates>72.5530353,22.9669134</coordinates></Point></MultiGeometry>
  </Placemark>
  <Placemark>
	<ExtendedData><SchemaData schemaUrl="#Transformar">
		<SimpleData name="full_id">n13174128587</SimpleData>
		<SimpleData name="osm_id">13174128587</SimpleData>
		<SimpleData name="osm_type">node</SimpleData>
		<SimpleData name="power">transformer</SimpleData>
	</SchemaData></ExtendedData>
      <MultiGeometry><Point><coordinates>71.2168035,23.8961981</coordinates></Point></MultiGeometry>
  </Placemark>
  <Placemark>
	<ExtendedData><SchemaData schemaUrl="#Transformar">
		<SimpleData name="full_id">n13174128588</SimpleData>
		<SimpleData name="osm_id">13174128588</SimpleData>
		<SimpleData name="osm_type">node</SimpleData>
		<SimpleData name="power">transformer</SimpleData>
	</SchemaData></ExtendedData>
      <MultiGeometry><Point><coordinates>71.217164,23.8961907</coordinates></Point></MultiGeometry>
  </Placemark>
  <Placemark>
	<ExtendedData><SchemaData schemaUrl="#Transformar">
		<SimpleData name="full_id">n13174128589</SimpleData>
		<SimpleData name="osm_id">13174128589</SimpleData>
		<SimpleData name="osm_type">node</SimpleData>
		<SimpleData name="power">transformer</SimpleData>
	</SchemaData></ExtendedData>
      <MultiGeometry><Point><coordinates>71.2175131,23.8961883</coordinates></Point></MultiGeometry>
  </Placemark>
  <Placemark>
	<ExtendedData><SchemaData schemaUrl="#Transformar">
		<SimpleData name="full_id">n12539854188</SimpleData>
		<SimpleData name="osm_id">12539854188</SimpleData>
		<SimpleData name="osm_type">node</SimpleData>
		<SimpleData name="power">transformer</SimpleData>
	</SchemaData></ExtendedData>
      <MultiGeometry><Point><coordinates>72.5567852,22.9270116</coordinates></Point></MultiGeometry>
  </Placemark>
  <Placemark>
	<ExtendedData><SchemaData schemaUrl="#Transformar">
		<SimpleData name="full_id">n13174128590</SimpleData>
		<SimpleData name="osm_id">13174128590</SimpleData>
		<SimpleData name="osm_type">node</SimpleData>
		<SimpleData name="power">transformer</SimpleData>
	</SchemaData></ExtendedData>
      <MultiGeometry><Point><coordinates>71.2180521,23.8961858</coordinates></Point></MultiGeometry>
  </Placemark>
  <Placemark>
	<ExtendedData><SchemaData schemaUrl="#Transformar">
		<SimpleData name="full_id">n12539821561</SimpleData>
		<SimpleData name="osm_id">12539821561</SimpleData>
		<SimpleData name="osm_type">node</SimpleData>
		<SimpleData name="power">transformer</SimpleData>
	</SchemaData></ExtendedData>
      <MultiGeometry><Point><coordinates>72.5523165,22.967185</coordinates></Point></MultiGeometry>
  </Placemark>
  <Placemark>
	<ExtendedData><SchemaData schemaUrl="#Transformar">
		<SimpleData name="full_id">n12539821562</SimpleData>
		<SimpleData name="osm_id">12539821562</SimpleData>
		<SimpleData name="osm_type">node</SimpleData>
		<SimpleData name="power">transformer</SimpleData>
	</SchemaData></ExtendedData>
      <MultiGeometry><Point><coordinates>72.5527886,22.9669776</coordinates></Point></MultiGeometry>
  </Placemark>
  <Placemark>
	<ExtendedData><SchemaData schemaUrl="#Transformar">
		<SimpleData name="full_id">n12539821563</SimpleData>
		<SimpleData name="osm_id">12539821563</SimpleData>
		<SimpleData name="osm_type">node</SimpleData>
		<SimpleData name="power">transformer</SimpleData>
	</SchemaData></ExtendedData>
      <MultiGeometry><Point><coordinates>72.5539956,22.9664343</coordinates></Point></MultiGeometry>
  </Placemark>
  <Placemark>
	<ExtendedData><SchemaData schemaUrl="#Transformar">
		<SimpleData name="full_id">n12539806737</SimpleData>
		<SimpleData name="osm_id">12539806737</SimpleData>
		<SimpleData name="osm_type">node</SimpleData>
		<SimpleData name="power">transformer</SimpleData>
	</SchemaData></ExtendedData>
      <MultiGeometry><Point><coordinates>72.9877317,21.1677721</coordinates></Point></MultiGeometry>
  </Placemark>
  <Placemark>
	<ExtendedData><SchemaData schemaUrl="#Transformar">
		<SimpleData name="full_id">n12539806740</SimpleData>
		<SimpleData name="osm_id">12539806740</SimpleData>
		<SimpleData name="osm_type">node</SimpleData>
		<SimpleData name="power">transformer</SimpleData>
	</SchemaData></ExtendedData>
      <MultiGeometry><Point><coordinates>72.9873803,21.1677071</coordinates></Point></MultiGeometry>
  </Placemark>
  <Placemark>
	<ExtendedData><SchemaData schemaUrl="#Transformar">
		<SimpleData name="full_id">n12539806743</SimpleData>
		<SimpleData name="osm_id">12539806743</SimpleData>
		<SimpleData name="osm_type">node</SimpleData>
		<SimpleData name="power">transformer</SimpleData>
	</SchemaData></ExtendedData>
      <MultiGeometry><Point><coordinates>72.987383,21.1678021</coordinates></Point></MultiGeometry>
  </Placemark>
  <Placemark>
	<ExtendedData><SchemaData schemaUrl="#Transformar">
		<SimpleData name="full_id">n12539812700</SimpleData>
		<SimpleData name="osm_id">12539812700</SimpleData>
		<SimpleData name="osm_type">node</SimpleData>
		<SimpleData name="power">transformer</SimpleData>
	</SchemaData></ExtendedData>
      <MultiGeometry><Point><coordinates>73.0694644,21.1874259</coordinates></Point></MultiGeometry>
  </Placemark>
  <Placemark>
	<ExtendedData><SchemaData schemaUrl="#Transformar">
		<SimpleData name="full_id">n12539817701</SimpleData>
		<SimpleData name="osm_id">12539817701</SimpleData>
		<SimpleData name="osm_type">node</SimpleData>
		<SimpleData name="power">transformer</SimpleData>
	</SchemaData></ExtendedData>
      <MultiGeometry><Point><coordinates>73.0694644,21.1877575</coordinates></Point></MultiGeometry>
  </Placemark>
  <Placemark>
	<ExtendedData><SchemaData schemaUrl="#Transformar">
		<SimpleData name="full_id">n12539806736</SimpleData>
		<SimpleData name="osm_id">12539806736</SimpleData>
		<SimpleData name="osm_type">node</SimpleData>
		<SimpleData name="power">transformer</SimpleData>
	</SchemaData></ExtendedData>
      <MultiGeometry><Point><coordinates>72.987729,21.1676371</coordinates></Point></MultiGeometry>
  </Placemark>
  <Placemark>
	<ExtendedData><SchemaData schemaUrl="#Transformar">
		<SimpleData name="full_id">n1730556091</SimpleData>
		<SimpleData name="osm_id">1730556091</SimpleData>
		<SimpleData name="osm_type">node</SimpleData>
		<SimpleData name="power">transformer</SimpleData>
	</SchemaData></ExtendedData>
      <MultiGeometry><Point><coordinates>69.5561993,22.8292892</coordinates></Point></MultiGeometry>
  </Placemark>
  <Placemark>
	<ExtendedData><SchemaData schemaUrl="#Transformar">
		<SimpleData name="full_id">n12540029466</SimpleData>
		<SimpleData name="osm_id">12540029466</SimpleData>
		<SimpleData name="osm_type">node</SimpleData>
		<SimpleData name="power">transformer</SimpleData>
	</SchemaData></ExtendedData>
      <MultiGeometry><Point><coordinates>72.6765029,23.2482218</coordinates></Point></MultiGeometry>
  </Placemark>
  <Placemark>
	<ExtendedData><SchemaData schemaUrl="#Transformar">
		<SimpleData name="full_id">n12540009088</SimpleData>
		<SimpleData name="osm_id">12540009088</SimpleData>
		<SimpleData name="osm_type">node</SimpleData>
		<SimpleData name="power">transformer</SimpleData>
	</SchemaData></ExtendedData>
      <MultiGeometry><Point><coordinates>72.586971,22.9504232</coordinates></Point></MultiGeometry>
  </Placemark>
  <Placemark>
	<ExtendedData><SchemaData schemaUrl="#Transformar">
		<SimpleData name="full_id">n12540009089</SimpleData>
		<SimpleData name="osm_id">12540009089</SimpleData>
		<SimpleData name="osm_type">node</SimpleData>
		<SimpleData name="power">transformer</SimpleData>
	</SchemaData></ExtendedData>
      <MultiGeometry><Point><coordinates>72.5871694,22.9505188</coordinates></Point></MultiGeometry>
  </Placemark>
  <Placemark>
	<ExtendedData><SchemaData schemaUrl="#Transformar">
		<SimpleData name="full_id">n12540009090</SimpleData>
		<SimpleData name="osm_id">12540009090</SimpleData>
		<SimpleData name="osm_type">node</SimpleData>
		<SimpleData name="power">transformer</SimpleData>
	</SchemaData></ExtendedData>
      <MultiGeometry><Point><coordinates>72.5873839,22.9506324</coordinates></Point></MultiGeometry>
  </Placemark>
  <Placemark>
	<ExtendedData><SchemaData schemaUrl="#Transformar">
		<SimpleData name="full_id">n12540009091</SimpleData>
		<SimpleData name="osm_id">12540009091</SimpleData>
		<SimpleData name="osm_type">node</SimpleData>
		<SimpleData name="power">transformer</SimpleData>
	</SchemaData></ExtendedData>
      <MultiGeometry><Point><coordinates>72.5875028,22.9506971</coordinates></Point></MultiGeometry>
  </Placemark>
  <Placemark>
	<ExtendedData><SchemaData schemaUrl="#Transformar">
		<SimpleData name="full_id">n12540029462</SimpleData>
		<SimpleData name="osm_id">12540029462</SimpleData>
		<SimpleData name="osm_type">node</SimpleData>
		<SimpleData name="power">transformer</SimpleData>
	</SchemaData></ExtendedData>
      <MultiGeometry><Point><coordinates>72.6760738,23.2494934</coordinates></Point></MultiGeometry>
  </Placemark>
  <Placemark>
	<ExtendedData><SchemaData schemaUrl="#Transformar">
		<SimpleData name="full_id">n12540029464</SimpleData>
		<SimpleData name="osm_id">12540029464</SimpleData>
		<SimpleData name="osm_type">node</SimpleData>
		<SimpleData name="power">transformer</SimpleData>
	</SchemaData></ExtendedData>
      <MultiGeometry><Point><coordinates>72.676283,23.2488478</coordinates></Point></MultiGeometry>
  </Placemark>
</Folder>
</Document></kml>
